{"type":"FeatureCollection","features":[{"type":"Feature","id":1,"geometry":{"type":"MultiPolygon","coordinates":[[[[110.068197445,3.84997541200005],[110.067593627,3.84361284300006],[109.973049225,3.86328516900005],[109.702334493,4.11821425700004],[109.715601011,4.12297214200004],[109.731879508,4.12768227800006],[109.748422321,4.13136375600004],[109.765164075,4.13400214400002],[109.782039,4.13558690600007],[109.798980159,4.13611193100007],[109.815921001,4.13557513900002],[109.832794624,4.13397860900006],[109.84953444,4.13132858500005],[109.866074453,4.12763566500006],[109.882349442,4.12291428300005],[109.898295001,4.11718303500004],[109.91384868,4.11046455000007],[109.928948717,4.10278542100002],[109.94353563,4.09417555600004],[109.957551898,4.08466915700007],[109.970942328,4.07430367400001],[109.9836538,4.06311981000005],[109.995636528,4.05116177600006],[110.006843051,4.03847658000007],[110.017229088,4.02511435000002],[110.026753698,4.01112761900003],[110.035379305,3.99657171400003],[110.043071829,3.98150378300005],[110.049800905,3.96598337900002],[110.055539873,3.95007174300002],[110.060266313,3.93383141600003],[110.063961325,3.91732669400004],[110.066610337,3.90062258600004],[110.068202856,3.88378501200003],[110.068732592,3.86688034500001],[110.068197445,3.84997541200005]]],[[[109.571995927,4.24193473400004],[109.572178633,4.24078060000003],[109.340935007,4.45854018300003],[109.357671493,4.45588632000004],[109.374207781,4.45219000300005],[109.390478869,4.44746599400002],[109.406420297,4.44173282600002],[109.421969279,4.43501312700004],[109.437064644,4.42733329800005],[109.451646509,4.41872364100004],[109.465657662,4.40921803500004],[109.479042544,4.39885406500001],[109.491748597,4.38767236900002],[109.503725539,4.37571710000004],[109.51492623,4.36303552900004],[109.525306252,4.34967746200004],[109.534824837,4.33569543700002],[109.543444363,4.32114485200002],[109.551130709,4.30608279100005],[109.557853681,4.29056894500007],[109.563586584,4.27466423200001],[109.568306877,4.25843146000006],[109.571995927,4.24193473400004]]],[[[109.198015462,4.52111231700005],[109.198156294,4.52048200200006],[108.806938366,4.69020443400006],[108.822044449,4.69785673300004],[108.837602784,4.70454858100005],[108.853551786,4.71025370600006],[108.869828648,4.71494954100008],[108.88636915,4.71861768200006],[108.903108063,4.72124362800003],[108.919979277,4.72281710300008],[108.936916451,4.72333186400004],[108.953852366,4.72278582900003],[108.970720459,4.72118127400005],[108.98745437,4.71852457500005],[109.003987843,4.71482606900003],[109.02025574,4.71010019500005],[109.036193932,4.70436594100005],[109.051739383,4.69764561500006],[109.066830843,4.68996574900006],[109.081408955,4.68135671000004],[109.095416018,4.67185218800005],[109.108796801,4.66148983100002],[109.121498444,4.65031054500002],[109.133471235,4.63835809300002],[109.144667245,4.62567975000007],[109.155042645,4.61232545600006],[109.164556683,4.59834781800004],[109.173171479,4.58380197500003],[109.180853247,4.56874534600007],[109.187571542,4.55323716400004],[109.193299765,4.53733855000006],[109.198015462,4.52111231700005]]],[[[111.187991027,4.31564973300003],[111.171000843,4.31516284900004],[111.154013467,4.31574036200005],[111.137095835,4.31737989800008],[111.120314823,4.32007502200003],[111.103736421,4.32381504300001],[111.087425985,4.32858533400002],[111.071447855,4.33436701400005],[111.055865059,4.34113732900004],[111.040738877,4.34886959900007],[111.026129183,4.35753330300001],[111.012093444,4.36709428300002],[110.998687077,4.37751493300004],[110.985962952,4.38875410700007],[110.973971275,4.40076756800004],[110.962759344,4.41350786300006],[110.952371393,4.42692487100004],[110.942848496,4.44096548100002],[110.934228334,4.45557453600001],[110.926544914,4.47069437100005],[110.919828482,4.48626521100005],[110.914105715,4.50222584800002],[110.909399291,4.51851325300003],[110.905727855,4.53506309700004],[110.903105852,4.55181013800005],[110.901543777,4.56868829000007],[110.901047923,4.58563094400005],[110.901620369,4.60257129500007],[110.903258819,4.61944234400004],[110.905956986,4.63617767100003],[110.909704176,4.65271108900003],[110.914485853,4.66897741300004],[110.920283082,4.68491233600003],[110.927073116,4.70045304600005],[110.934829096,4.71553806200007],[110.943520651,4.73010795200003],[110.953113493,4.74410500500004],[110.963569663,4.75747404600003],[110.97484793,4.77016220500007],[110.986903952,4.78211941200004],[110.999689969,4.79329842100003],[111.013155678,4.80365507700001],[111.027247827,4.81314854000004],[111.041910611,4.82174105900003],[111.057086459,4.82939901200006],[111.072715103,4.83609180000008],[111.088735118,4.84179328000005],[111.105082887,4.84648075700004],[111.121694076,4.85013569200003],[111.138502983,4.85274368300002],[111.155443162,4.85429445300003],[111.172447611,4.85478188900003],[111.189449219,4.85420397500006],[111.206380861,4.85256311800003],[111.223175493,4.84986565700006],[111.239766803,4.84612229200007],[111.256089353,4.84134798000003],[111.272078459,4.83556135500004],[111.287671153,4.82878540500006],[111.302805677,4.82104689200001],[111.317422312,4.81237634900002],[111.33146332,4.80280804800003],[111.34487333,4.79237987200002],[111.357599275,4.78113291900006],[111.369591028,4.76911167100007],[111.380801287,4.75636356600005],[111.391185698,4.74293906700005],[111.400703294,4.72889104300002],[111.409316613,4.71427505800006],[111.416991867,4.69914892200006],[111.423698532,4.68357219700005],[111.429410264,4.66760655800004],[111.434104679,4.65131491500006],[111.437763347,4.63476167200002],[111.440371739,4.61801214400004],[111.441919756,4.60113245400004],[111.442401334,4.58418915100003],[111.441814654,4.56724920100002],[111.440162195,4.55037947500006],[111.437450501,4.53364654700004],[111.433690303,4.51711634500003],[111.42889666,4.50085420300008],[111.423088314,4.48492409700003],[111.416288514,4.46938905400002],[111.408524075,4.45431034500006],[111.399825586,4.43974732600003],[111.390227463,4.42575749600007],[111.379767664,4.41239607900008],[111.368487482,4.39971560200007],[111.356431466,4.38776618200006],[111.343647116,4.37659495100007],[111.33018496,4.36624588300003],[111.316098112,4.35675983300005],[111.301442031,4.34817414800004],[111.286274612,4.34052259300006],[111.270655586,4.33383552800005],[111.254646617,4.32813914700005],[111.238310743,4.32345600700006],[111.221712571,4.31980447000006],[111.204917139,4.31719886900004],[111.187991027,4.31564973300003]]],[[[112.156938674,5.21106114500003],[112.16939821,5.20255226100005],[112.173125247,5.20876731200001],[112.182751705,5.22274655000008],[112.193241075,5.23609594200002],[112.204551917,5.24876303900004],[112.216639488,5.26069749900006],[112.229456235,5.27185255800002],[112.242951498,5.28218379600002],[112.257072126,5.29165062500004],[112.271762123,5.30021555100007],[112.286963598,5.30784478200008],[112.302616598,5.31450813900006],[112.318659124,5.32017937700005],[112.335027873,5.32483602400003],[112.351658244,5.32845960500002],[112.368484434,5.33103597500001],[112.385439888,5.33255488800005],[112.402457842,5.33301023100007],[112.419470839,5.33240040800006],[112.436411756,5.33072763300003],[112.453213621,5.32799863800005],[112.46980999,5.32422415500002],[112.486135355,5.31941911000007],[112.502125247,5.31360253200007],[112.517716493,5.30679734600005],[112.532847479,5.29903051400004],[112.547458449,5.29033257400004],[112.561491677,5.28073803100006],[112.574891776,5.27028467200007],[112.587605806,5.25901389800002],[112.59958365,5.24697016300008],[112.610777917,5.23420104400002],[112.62114469,5.22075697600007],[112.630642859,5.20669113000003],[112.63674753,5.19629381600005],[112.645040799,5.19267157300003],[112.66016765,5.18490174000004],[112.674774375,5.17620095700005],[112.688803307,5.16660363300002],[112.702199095,5.15614768300003],[112.714908704,5.14487434300002],[112.726882168,5.13282826100006],[112.738072068,5.12005688200002],[112.748434395,5.10661073800002],[112.757928176,5.09254299400004],[112.76651599,5.07790906200006],[112.774163943,5.06276681900004],[112.780841988,5.04717599800005],[112.786523904,5.03119818100005],[112.791187083,5.01489651400004],[112.794813381,4.99833530800003],[112.797388586,4.98157991800002],[112.798902462,4.96469647300005],[112.798984028,4.96157650600002],[112.799366853,4.96153850000006],[112.816157742,4.95880028900007],[112.8327428,4.95501676200007],[112.849056399,4.95020278000004],[112.865034179,4.94437743000003],[112.880612902,4.93756363800001],[112.895731102,4.92978839500006],[112.91032916,4.92108242800002],[112.913965806,4.91859143200002],[112.916695749,4.92128221100006],[112.92951765,4.93242368500006],[112.943016873,4.94274089100002],[112.957140144,4.95219301900004],[112.97183168,4.96074251300007],[112.987033405,4.96835587900006],[113.00268532,4.97500297300008],[113.018725524,4.98065732500003],[113.035090773,4.98529678900007],[113.051716263,4.98890305900006],[113.068536443,4.99146179200006],[113.085484768,4.99296284200006],[113.102494363,4.99340045500002],[113.119497777,4.99277274400003],[113.136428155,4.99108221300003],[113.153218422,4.98833559300005],[113.169802244,4.98454361600005],[113.177753954,4.98219283400003],[113.182665603,4.98231865500003],[113.199668707,4.98168889800008],[113.216598554,4.97999638800008],[113.233388251,4.97724769600006],[113.249971241,4.97345374700007],[113.263808775,4.96936124400003],[113.275250576,4.96893611900003],[113.281295925,4.96833104000008],[113.281399806,4.96844717200002],[113.281479194,4.96852534900006],[113.293501743,4.98036237600006],[113.306331101,4.99149671000004],[113.319837392,5.00180630800003],[113.333967325,5.01125032700003],[113.348664849,5.01979169800007],[113.363872247,5.02739647100004],[113.379529226,5.03403469700004],[113.395574142,5.03968010100005],[113.411943394,5.04431043700003],[113.428572318,5.04790727100005],[113.445395412,5.05045655000003],[113.46234606,5.05194809900007],[113.47770988,5.05233473900006],[113.482159044,5.05359271800005],[113.498788691,5.05718790200007],[113.515612213,5.05973543200001],[113.532563333,5.06122522900006],[113.549574856,5.06165150300006],[113.566579635,5.06101249800003],[113.583510528,5.05931075200004],[113.600300714,5.05655296200007],[113.61688358,5.05275005500005],[113.633193945,5.04791705700006],[113.649167099,5.04207305500004],[113.664740117,5.03524113700007],[113.679851383,5.02744829600004],[113.694441192,5.01872535800003],[113.708452051,5.00910679400004],[113.711809027,5.00647740000005],[113.724177657,5.00756102600006],[113.714773455,5.01690948200007],[113.703507907,5.02961108100006],[113.693064797,5.04299208400004],[113.683485347,5.05699973200006],[113.674807387,5.07157876900005],[113.667065198,5.08667168100004],[113.660289398,5.10221895700005],[113.65450677,5.11815924600006],[113.649740195,5.13442967100001],[113.646008559,5.15096604500007],[113.64332665,5.16770311600004],[113.641705149,5.18457484300006],[113.641150518,5.20151463700006],[113.64166501,5.21845567300004],[113.643246715,5.23533107900005],[113.64588944,5.25207423500007],[113.64958284,5.26861907300002],[113.654312416,5.28490026700006],[113.660059562,5.30085355500005],[113.666801685,5.31641593900003],[113.674512202,5.33152599200003],[113.683160755,5.34612405100007],[113.692713236,5.36015246600005],[113.703131999,5.37355584100004],[113.714375934,5.38628123100005],[113.726400686,5.39827840800006],[113.739158792,5.40949996100004],[113.752599905,5.41990157400006],[113.766670955,5.42944216400002],[113.781316391,5.43808405400005],[113.796478373,5.44579307600003],[113.812097012,5.45253880300002],[113.828110623,5.45829456600005],[113.844455955,5.46303763300004],[113.861068408,5.46674925900003],[113.877882356,5.46941477900002],[113.894831379,5.47102366100005],[113.911848492,5.47156954400002],[113.928866461,5.47105027200008],[113.945818046,5.46946788300006],[113.962636241,5.46682863600007],[113.979254621,5.46314295400002],[113.995607508,5.45842539600006],[114.01163031,5.45269458900002],[114.027259705,5.44597319500002],[114.04243397,5.43828773200005],[114.057093145,5.42966859400001],[114.068830891,5.42173679400002],[113.747833333,5.01916666700003],[113.736347419,5.00799044400001],[113.730180324,5.00198963100007],[113.407218203,4.68773543700007],[113.156637213,4.44391078400003],[113.145656622,4.44500854700004],[113.128880048,4.44775491900003],[113.112309245,4.45154576400007],[113.104363509,4.45389558000006],[113.099456067,4.45376932000005],[113.082466253,4.45439662100005],[113.065549436,4.45608581700003],[113.048772228,4.45883024600005],[113.032200882,4.46261902000002],[113.015900549,4.46743741600006],[112.999935593,4.47326619400007],[112.986408396,4.47918957700007],[112.98761421,4.47132960600004],[112.98912193,4.45444629200006],[112.989563405,4.43750196500003],[112.988936926,4.42056346000003],[112.987244853,4.40369767600003],[112.984494183,4.38697112300002],[112.980695783,4.37044981900005],[112.975864517,4.35419887400007],[112.970019795,4.33828258400005],[112.963184645,4.32276355000005],[112.955385975,4.30770307700003],[112.946654844,4.29316055000003],[112.942548514,4.28720534200005],[112.940321161,4.27364964300006],[112.936524365,4.25712844700007],[112.931695036,4.24087763400008],[112.925852343,4.22496127000004],[112.921528705,4.21514143300004],[112.779491862,4.07693428600003],[112.778781367,4.07663192900004],[112.778965186,4.07642181000005],[112.325652449,3.63533160400004],[111.684465039,3.50718234100003],[111.231125021,3.60151106100005],[111.227974832,3.61576263900003],[111.22536555,3.63250641700004],[111.223814614,3.64938084200001],[111.223328374,3.66631919000001],[111.223908882,3.68325476600005],[111.225098044,3.69545565800007],[111.21553377,3.70113602100001],[111.201515317,3.71069945000006],[111.201042173,3.71106780000003],[111.189011415,3.71630208600003],[111.173901748,3.72403617400006],[111.15930811,3.73270137500003],[111.145288131,3.74226369500006],[111.131897118,3.75268540200004],[111.119187776,3.76392525800004],[111.107210425,3.77593906400004],[111.096012196,3.78867946900004],[111.085637447,3.80209629400002],[111.07612693,3.81613646600004],[111.067518325,3.83074476900004],[111.059845781,3.84586361300008],[111.053139377,3.86143322800007],[111.047425778,3.87739238200004],[111.042727553,3.89367802200008],[111.039063268,3.91022586000003],[111.03644765,3.92697076100007],[111.034890927,3.94384651600005],[111.034399245,3.96078669],[111.034974964,3.97772422600001],[111.036615536,3.99459239400004],[111.03931475,4.01132459300004],[111.043062065,4.02785480200005],[111.047842549,4.04411772000002],[111.053637763,4.06004914700003],[111.060424577,4.07558621500003],[111.068176457,4.09066751900002],[111.076862814,4.10523360100006],[111.086449279,4.11922673000005],[111.096898287,4.13259180200002],[111.108168378,4.14527602300006],[111.120215287,4.15722913700006],[111.132991364,4.16840409800005],[111.146446258,4.17875666400005],[111.160526768,4.18824583800006],[111.175177254,4.19683436300005],[111.19033999,4.20448807100007],[111.205955,4.21117682400005],[111.22196057,4.21687415800006],[111.238293597,4.22155767200008],[111.254889431,4.22520864000006],[111.271682598,4.22781275600004],[111.288606677,4.22935974700003],[111.30559486,4.22984343600006],[111.322579854,4.22926196900005],[111.328588326,4.22867786900002],[111.33382827,4.23325744200003],[111.347287677,4.24360612800006],[111.361372612,4.25309121500004],[111.376027385,4.26167534800004],[111.391194095,4.26932455200005],[111.406812862,4.27600865800001],[111.422821823,4.28170116700005],[111.439158002,4.28637974400004],[111.455756793,4.29002569500005],[111.472552473,4.29262468100007],[111.489478808,4.29416646100003],[111.50646894,4.29464492400006],[111.523455567,4.29405821500005],[111.540371599,4.29240857800005],[111.557150317,4.28970261300003],[111.564108065,4.28812784000008],[111.576577558,4.29651849900005],[111.591236179,4.30509787300002],[111.606406404,4.31274221300003],[111.622028513,4.31942131400007],[111.638040598,4.32510864600004],[111.654379589,4.32978177600005],[111.670980685,4.33342236800007],[111.687778453,4.33601591900003],[111.70470651,4.33755212400007],[111.721697952,4.33802496700001],[111.738685568,4.33743269400003],[111.755602306,4.33577751400003],[111.772381403,4.33306596400007],[111.788956373,4.32930880400004],[111.805261845,4.32452079500007],[111.821233444,4.31872102300002],[111.836807957,4.31193234400006],[111.851923843,4.30418148100005],[111.86652153,4.29549916100006],[111.878916211,4.28703113900001],[111.8814847,4.28627656900004],[111.897454708,4.28047496200003],[111.913027536,4.27368442400006],[111.928141688,4.26593187500004],[111.942737597,4.25724797300007],[111.950447521,4.25197882200006],[111.957917745,4.25849497400004],[111.971387909,4.26883101000004],[111.985482701,4.27830282400002],[111.98612763,4.27867980000003],[111.976855823,4.28272414200006],[111.961741919,4.29047789100002],[111.947145539,4.29916234800003],[111.933124416,4.30874325500003],[111.91973391,4.31918300800004],[111.907026689,4.33044026500004],[111.895052985,4.34247075900003],[111.883860039,4.35522700300004],[111.873492148,4.36865874800002],[111.86398997,4.38271298000006],[111.855391205,4.39733438100007],[111.847729917,4.41246512500004],[111.841036251,4.42804566300003],[111.835336759,4.44401449700006],[111.830653984,4.46030856700003],[111.827006412,4.47686363900004],[111.824408571,4.49361450900006],[111.822870726,4.51049495800002],[111.822399114,4.52743831500004],[111.822995706,4.54437796900002],[111.824658127,4.56124669600007],[111.82738007,4.57797830600004],[111.831150607,4.59450647900006],[111.835955057,4.61076596900006],[111.841774678,4.62669276100008],[111.848586353,4.64222384900004],[111.856363302,4.65729785300003],[111.865075026,4.67185540400003],[111.869485784,4.67827331600007],[111.857439958,4.68444725500006],[111.842833384,4.69312980400002],[111.828802162,4.70270911700002],[111.815401799,4.71314723000007],[111.802685071,4.72440309200003],[111.798698424,4.72840476000004],[111.789632772,4.73379213600004],[111.779579887,4.73351362300001],[111.762581898,4.73410692900006],[111.745654773,4.73576233300003],[111.728865147,4.73847323900004],[111.712279335,4.74222901700005],[111.695962686,4.74701487800007],[111.679979446,4.75281184000004],[111.664392694,4.75959721600004],[111.649263932,4.76734415700002],[111.634652723,4.77602214100005],[111.620616769,4.78559697500003],[111.60721127,4.79603085500001],[111.59448943,4.80728276100007],[111.58250106,4.81930815900006],[111.571293721,4.83205978600006],[111.56091157,4.84548732300004],[111.551395611,4.85953781600006],[111.542783591,4.87415587500004],[111.535109308,4.88928370100007],[111.528403164,4.90486180200002],[111.522691603,4.92082867600004],[111.517997467,4.93712135100002],[111.514339163,4.95367549000002],[111.511731257,4.97042581400007],[111.510184185,4.98730619600002],[111.509703896,5.00425011800006],[111.510292745,5.02119054100008],[111.511948201,5.03806081500004],[111.514663825,5.05479422200005],[111.518429161,5.07132466300004],[111.523229292,5.08758704500002],[111.524124303,5.09003982100006],[111.520395221,5.09738954500005],[111.51368656,5.11296754200003],[111.507972847,5.12893436900002],[111.503276802,5.14522691900003],[111.499616953,5.16178105000005],[111.497007806,5.17853131500004],[111.495459848,5.19541164800004],[111.494979138,5.21235546400005],[111.495567638,5.22929591400004],[111.497223326,5.24616618000004],[111.499939463,5.26289954300006],[111.503705599,5.27942996500007],[111.508506981,5.29569234600007],[111.514324608,5.31162227200002],[111.521135639,5.32715701600006],[111.528913142,5.34223521900002],[111.537626666,5.35679727200006],[111.547241671,5.37078565000007],[111.557720454,5.38414513400005],[111.569021484,5.39682300900006],[111.581100344,5.40876916000007],[111.593909138,5.41993643300002],[111.607397487,5.43028076000007],[111.614219118,5.43486286500006],[111.615133326,5.43886840000005],[111.619938682,5.45512961100007],[111.625760524,5.47105829000003],[111.632575826,5.48659160800003],[111.64035803,5.50166813700002],[111.649076174,5.51622839800007],[111.658695995,5.53021489300006],[111.66917968,5.54357230400008],[111.680485714,5.55624801000004],[111.692569593,5.56819179800003],[111.705383547,5.57935663800004],[111.718876908,5.58969826700007],[111.732996676,5.59917603000002],[111.747686822,5.60775236100005],[111.753675885,5.61076263300003],[111.760876584,5.61787728200005],[111.773692663,5.62904063100007],[111.787188279,5.63938075800007],[111.801310056,5.64885690800002],[111.816002257,5.65743161200003],[111.83120696,5.66507094800005],[111.846863879,5.67174486200003],[111.862911365,5.67742684600006],[111.879285965,5.68209448800006],[111.895923095,5.68572941200006],[111.912756705,5.68831724200005],[111.929720599,5.68984766500006],[111.946747601,5.69031469700008],[111.963770386,5.68971658200007],[111.980721859,5.68805556400002],[111.997534923,5.68533824600007],[112.014143192,5.68157533000004],[112.030480918,5.67678171200004],[112.046483674,5.67097635400006],[112.062088301,5.66418218900002],[112.077232918,5.65642604900007],[112.091857947,5.64773854100003],[112.105905548,5.63815401200003],[112.119320298,5.62771038500005],[112.132049108,5.61644873900002],[112.144041901,5.60441372800004],[112.155251191,5.59165283700001],[112.165632944,5.57821637900003],[112.175145986,5.56415752700001],[112.183752932,5.54953169900006],[112.191419796,5.53439678200004],[112.19811649,5.51881245200002],[112.203816574,5.50284020400005],[112.20849763,5.48654319100007],[112.212141173,5.46998570200003],[112.214732927,5.45323309700006],[112.216262766,5.43635148600003],[112.21672477,5.41940759300006],[112.216117249,5.40246810900003],[112.214442507,5.38560007900003],[112.211707404,5.36886996600003],[112.207922626,5.35234370700004],[112.203103424,5.33608668700003],[112.197268847,5.32016302200003],[112.190441724,5.30463536500003],[112.182649234,5.28956509500006],[112.173922205,5.27501167800005],[112.164295115,5.26103239800005],[112.153806013,5.24768252100006],[112.148914163,5.24220388400005],[112.145703065,5.23136336300006],[112.141587391,5.22012828300007],[112.142324227,5.21975050200007],[112.156938674,5.21106114500003]]],[[[109.800048714,5.19791307700006],[109.783118348,5.19739096900003],[109.76618844,5.19792887800002],[109.749325859,5.19952453200007],[109.73259716,5.20217168800002],[109.716068543,5.20585981400007],[109.699804878,5.21057434700002],[109.683870793,5.21629669300006],[109.668329068,5.22300422700004],[109.653241064,5.23067035800006],[109.638666334,5.23926485300005],[109.624662327,5.24875358000003],[109.611284479,5.25909921900006],[109.598585543,5.27026080900004],[109.586615725,5.28219413800003],[109.575422036,5.29485206800006],[109.565048964,5.30818459800002],[109.555537166,5.32213919300005],[109.546924313,5.33666038800004],[109.539244512,5.35169102900005],[109.532527768,5.36717161900004],[109.526800765,5.38304110100005],[109.522086076,5.39923672300005],[109.518402215,5.41569443500004],[109.515763712,5.43234947000006],[109.514180952,5.44913588600001],[109.513660238,5.46598754700005],[109.514203387,5.48283773100006],[109.515808379,5.49962010400003],[109.518468985,5.51626846100004],[109.522174456,5.53271692100003],[109.526910018,5.54890090000003],[109.532657253,5.56475633700006],[109.53939335,5.58022072900007],[109.547091606,5.59523313200002],[109.555721729,5.60973435700004],[109.565249531,5.62366716800006],[109.575637463,5.63697686000006],[109.586844513,5.64961061700005],[109.598826295,5.66151900400007],[109.611535905,5.67265492600006],[109.624922728,5.68297454000003],[109.638934309,5.69243725600005],[109.653514935,5.70100573400004],[109.668607461,5.70864621200008],[109.68415219,5.71532876900004],[109.700087825,5.72102686000004],[109.716351358,5.72571817300008],[109.732878687,5.72938423400007],[109.749604917,5.73201060100006],[109.766463707,5.73358699500005],[109.783388518,5.73410716900003],[109.800312891,5.73356904400004],[109.817169785,5.73197476500007],[109.833892922,5.72933070800002],[109.850416148,5.72564715200001],[109.866674423,5.72093873300001],[109.882603481,5.71522392800005],[109.898140772,5.70852517800006],[109.913224787,5.70086896000004],[109.927795849,5.69228552400005],[109.941796788,5.68280843500001],[109.955172271,5.67247523000004],[109.967869319,5.66132649500004],[109.979838188,5.64940620800007],[109.991031457,5.63676139500005],[110.001404953,5.62344168800006],[110.010917714,5.60949970900002],[110.019532374,5.59499042000004],[110.027214553,5.57997105900007],[110.033934273,5.56450062000004],[110.039664914,5.54864024200004],[110.044383699,5.53245262200005],[110.048072068,5.51600123700008],[110.050715574,5.49935138600005],[110.052303612,5.48256842900001],[110.052829713,5.46571870100007],[110.052292172,5.44886866700004],[110.05069269,5.43208485300005],[110.04803773,5.41543339700007],[110.044337808,5.39898030300004],[110.039607395,5.38279027500006],[110.033865114,5.36692736300005],[110.02713362,5.35145418700005],[110.019439438,5.33643187100006],[110.010812846,5.32191978100007],[110.001288158,5.30797507300001],[109.990902614,5.29465307800007],[109.979697357,5.28200639800002],[109.967716525,5.27008497000002],[109.955007439,5.25893606100003],[109.941620162,5.24860342800002],[109.927607637,5.23912822800003],[109.913025193,5.23054777900006],[109.897930299,5.22289608500006],[109.882382509,5.21620337800004],[109.866443391,5.21049611900002],[109.850175697,5.20579693300004],[109.83364366,5.20212434800004],[109.816912688,5.19949286400004],[109.800048714,5.19791307700006]]],[[[109.175028976,5.26153930200007],[109.158097827,5.26102375200002],[109.141167584,5.26156804500005],[109.12430505,5.26317003500001],[109.107576846,5.26582335100006],[109.091049007,5.26951752600008],[109.074786803,5.27423793000003],[109.058854343,5.27996597200006],[109.043314709,5.28667889400003],[109.028229171,5.29435023500003],[109.013657154,5.30294963200005],[108.999656347,5.31244308300005],[108.986282124,5.32279307100003],[108.97358696,5.33395870100003],[108.961621269,5.34589575900004],[108.950432096,5.35855704100004],[108.940063733,5.37189267600006],[108.930556982,5.38584973700005],[108.921949367,5.40037321500006],[108.914274982,5.41540569400006],[108.90756396,5.43088774100005],[108.901842845,5.44675829700001],[108.897134134,5.46295448100006],[108.893456405,5.47941250100008],[108.890824343,5.49606732600006],[108.889247793,5.51285314700003],[108.888733482,5.52970369500002],[108.889283226,5.54655263700004],[108.890894704,5.56333311700007],[108.893561684,5.57997931900007],[108.897273526,5.59642529600006],[108.902015605,5.61260620300004],[108.907769084,5.62845830200007],[108.914511254,5.64391902400008],[108.922215614,5.65892742400007],[108.930851569,5.67342431300005],[108.940385073,5.68735258000003],[108.950778478,5.70065719800004],[108.961990802,5.71328580300009],[108.97397768,5.72518883000004],[108.986691902,5.73631911600006],[109.000083168,5.74663288400005],[109.014098901,5.75608954100005],[109.028683449,5.76465181500003],[109.043779489,5.77228607000007],[109.059327344,5.77896212300004],[109.07526574,5.78465375800006],[109.091531794,5.78933853000006],[109.108061229,5.79299803000001],[109.12478905,5.79561781500007],[109.141648994,5.79718767000002],[109.158574682,5.79770135100005],[109.175499403,5.79715684200004],[109.192356438,5.79555622300006],[109.209079099,5.79290593400003],[109.225601588,5.78921638700006],[109.241858679,5.78450208700003],[109.257786126,5.77878157500004],[109.273321323,5.77207742500002],[109.28840284,5.76441598400003],[109.302971267,5.75582750100006],[109.316968927,5.74634593500001],[109.330341014,5.73600829900006],[109.343034291,5.72485551000006],[109.354998948,5.71293147800002],[109.366187679,5.70028323300005],[109.376556459,5.68696060100006],[109.386064166,5.67301601100007],[109.394673398,5.65850449100003],[109.402350229,5.64348321600004],[109.409064083,5.62801137400003],[109.414788712,5.61215004200004],[109.419501434,5.59596165800003],[109.423183642,5.57951015600002],[109.425820706,5.56286037900003],[109.427402209,5.54607801500003],[109.427921896,5.52922933600006],[109.427377768,5.512380676],[109.425771769,5.49559869600006],[109.423110341,5.47894953000002],[109.419403862,5.46249899100007],[109.41466697,5.44631191400003],[109.408918336,5.43045228500004],[109.402180679,5.41498272600006],[109.394480435,5.39996449200003],[109.385848081,5.38545675300001],[109.376317484,5.37151666600005],[109.365926375,5.35819963100004],[109.354715927,5.34555812000003],[109.342730095,5.33364213300006],[109.330016222,5.32249874500007],[109.316624641,5.31217210300002],[109.302607933,5.30270284500006],[109.288021684,5.29412861400004],[109.272923373,5.28648322000002],[109.257372509,5.27979689500006],[109.241430616,5.27409616700004],[109.225160614,5.26940346500003],[109.208626539,5.26573751200003],[109.191894125,5.26311261400002],[109.175028976,5.26153930200007]]],[[[109.539593649,5.85400880000003],[109.522669365,5.85349159800005],[109.505745798,5.85403254100004],[109.488889742,5.85562987200007],[109.4721678,5.85827696000007],[109.455646079,5.86196353100006],[109.439389546,5.86667482300003],[109.423462673,5.87239250200002],[109.407928197,5.87909374100006],[109.392847493,5.88675207600005],[109.378280216,5.89533727000001],[109.364283519,5.90481524800003],[109.35091306,5.91514868400003],[109.338221336,5.92629661200004],[109.326258678,5.93821500400003],[109.315072158,5.95085678200007],[109.304705891,5.96417173700007],[109.295200871,5.97810765200005],[109.286594687,5.99260918400006],[109.278921203,6.00761903300003],[109.272210541,6.02307795600006],[109.266489427,6.03892488100006],[109.261780301,6.05509717800003],[109.258101682,6.07153091100002],[109.255467975,6.08816123500002],[109.253889928,6.10492265200002],[109.253373215,6.12174862200004],[109.253920361,6.13857306100004],[109.255528742,6.15532942500004],[109.258192249,6.17195162400004],[109.261900448,6.18837402300005],[109.266638084,6.20453196300002],[109.272387068,6.22036156200004],[109.279124433,6.23580049800006],[109.286823473,6.25078774800004],[109.295453897,6.26526443700004],[109.304981603,6.27917344600006],[109.31536894,6.29245986000006],[109.326574953,6.30507137500006],[109.338555384,6.31695821700003],[109.351262781,6.32807367000003],[109.364647416,6.33837401300002],[109.37865605,6.34781851300005],[109.393233565,6.35637008500004],[109.408322359,6.36399508700002],[109.423863102,6.37066326500009],[109.439794226,6.37634859100006],[109.456053093,6.38102868000004],[109.472575367,6.38468498900005],[109.489296031,6.38730326800003],[109.506148946,6.38887297400003],[109.523067811,6.38938831700005],[109.539985766,6.38884701800004],[109.556836165,6.38725129100005],[109.573552491,6.38460738200007],[109.590068886,6.38092570300007],[109.60632005,6.37622076400003],[109.622241979,6.37051111000004],[109.637771869,6.36381925400001],[109.652848319,6.35617148300001],[109.667412033,6.34759805500004],[109.681405607,6.33813254400007],[109.694773602,6.32781229600004],[109.707463381,6.31667804500006],[109.719424949,6.30477351000008],[109.73061105,6.29214560400003],[109.740977483,6.27884435900006],[109.750483394,6.26492182300007],[109.759091281,6.25043310100005],[109.766767105,6.23543518400003],[109.77348064,6.21998707900002],[109.779205228,6.20414993700006],[109.783918442,6.18798607900004],[109.787601527,6.17155925800005],[109.790240003,6.15493426400008],[109.791823293,6.13817679700002],[109.792345331,6.12135262100004],[109.791803787,6.10452847400005],[109.790201001,6.08777063700006],[109.787543026,6.07114525800006],[109.783840572,6.05471796700004],[109.779108045,6.03855360800002],[109.773364088,6.02271598600002],[109.7666313,6.00726760200008],[109.758936504,5.99226972200006],[109.750309679,5.97778146100005],[109.740784929,5.96385998700004],[109.73040014,5.95056038200004],[109.719195916,5.93793525800005],[109.707216722,5.92603442700004],[109.694509638,5.91490497300004],[109.681124933,5.90459098500003],[109.667115239,5.89513310500007],[109.652536136,5.88656892100005],[109.637445087,5.87893198400008],[109.621901447,5.87225285900005],[109.605966848,5.86655775000002],[109.589703987,5.86186928700004],[109.573177234,5.85820600000005],[109.556451716,5.85558239300003],[109.539593649,5.85400880000003]]],[[[109.080916004,8.67599424700006],[109.083566837,8.65924956200007],[109.085148774,8.64237335300005],[109.085655675,8.62543223200004],[109.085085726,8.60849307300002],[109.083441318,8.59162267500006],[109.081033708,8.57676969300006],[109.094017969,8.56800973600001],[109.107541253,8.55759684400004],[109.120375894,8.54636443900006],[109.132471208,8.53435693600004],[109.143779543,8.52162178400004],[109.154256278,8.50820928800005],[109.163860066,8.49417249300006],[109.172553077,8.47956681800003],[109.180301134,8.46444999100002],[109.187073704,8.44888169200004],[109.192844185,8.43292342400003],[109.197589908,8.41663818300004],[109.201292291,8.40009027000002],[109.20393681,8.38334502200007],[109.205513179,8.36646855700008],[109.206015321,8.34952744400005],[109.205441399,8.33258854700006],[109.203793786,8.31571869200007],[109.201079144,8.29898447700001],[109.197308293,8.28245187900004],[109.19249626,8.26618609100005],[109.186662107,8.25025129600005],[109.179828987,8.23471034200003],[109.172023924,8.21962447700002],[109.16327783,8.20505319400006],[109.155457187,8.19371149000005],[109.160267372,8.18829042700003],[109.170735473,8.17487793500004],[109.18033139,8.16084110500003],[109.189017373,8.14623538000005],[109.196759169,8.13111847900007],[109.203526358,8.11555007200006],[109.209292273,8.09959168500005],[109.214034329,8.08330633900003],[109.217733914,8.06675828900006],[109.22037651,8.05001286400005],[109.221951839,8.03313620100004],[109.222453859,8.01619489700004],[109.221880668,7.99925576800006],[109.220234676,7.98238570000005],[109.217522477,7.96565124500005],[109.213754956,7.94911837200004],[109.208947065,7.93285236200007],[109.203117886,7.91691732300006],[109.202973198,7.9165880940001],[109.203813861,7.90759535900002],[109.204316761,7.89065394100005],[109.203744793,7.87371466600007],[109.202100332,7.85684434600006],[109.201554788,7.85347979400006],[109.202205332,7.85324635200003],[109.21789346,7.84648367600005],[109.233121395,7.83875796800003],[109.247829006,7.83009979600006],[109.261958189,7.82054340900003],[109.275453117,7.81012659800007],[109.288260526,7.79889048000005],[109.30032986,7.78687948800007],[109.31161349,7.77414108100003],[109.322066935,7.76072564900004],[109.331648971,7.74668611700003],[109.340321836,7.73207798400006],[109.348051389,7.71695895600004],[109.354807173,7.70138872600006],[109.360562667,7.68542880900002],[109.365295237,7.66914217900006],[109.368986279,7.65259321200006],[109.371621434,7.63584715600006],[109.373190335,7.61897014200002],[109.373686973,7.60202878400001],[109.37310948,7.58508995200002],[109.37146027,7.56822045300004],[109.368745991,7.55148683100003],[109.364977443,7.53495513800003],[109.360169627,7.51869057900006],[109.354341583,7.50275728700006],[109.347516421,7.48721808800007],[109.339721127,7.47213427700006],[109.330986595,7.45756536000003],[109.321347277,7.44356872800006],[109.310841267,7.43019958600007],[109.299510072,7.41751060700004],[109.287398403,7.40555185600004],[109.274554076,7.39437046900001],[109.261027707,7.38401049300006],[109.246872657,7.37451278600002],[109.232144746,7.36591475600005],[109.216902078,7.35825026500004],[109.201204664,7.35154956600007],[109.185114385,7.34583907000006],[109.168694688,7.34114122300002],[109.152010236,7.33747459600005],[109.135126737,7.33485363300002],[109.118110788,7.33328864400004],[109.101029322,7.33278577700001],[109.083949715,7.33334708100006],[109.066939235,7.33497028000004],[109.050064848,7.33764903000001],[109.044435996,7.33890624800006],[109.029993006,7.33046520500005],[109.014754754,7.32279379500005],[108.999061387,7.31608600000005],[108.982974755,7.31036826400002],[108.966558278,7.30566306400004],[108.94987659,7.30198897400004],[108.93299546,7.29936043400004],[108.915981359,7.29778785400003],[108.898901342,7.29727741200002],[108.881822722,7.29783109500004],[108.864812709,7.29944675500007],[108.847938391,7.30211801600008],[108.831266195,7.30583434000004],[108.814861822,7.31058109000004],[108.798789906,7.31633956300004],[108.783113819,7.32308708600004],[108.767895292,7.33079705400008],[108.753194353,7.33943908400005],[108.739068918,7.34897911900003],[108.725574725,7.35937958800002],[108.712764965,7.37059950500003],[108.700690209,7.38259459600005],[108.696059222,7.38781189700008],[108.692574424,7.37240917000002],[108.687793131,7.35613670800006],[108.681991352,7.34019405300006],[108.675192177,7.32464403200004],[108.667422473,7.30954806600004],[108.65871299,7.29496559300002],[108.649098178,7.28095419300008],[108.638615976,7.26756903800003],[108.627307866,7.25486295700006],[108.615218387,7.24288598300006],[108.602395358,7.23168537700007],[108.588889271,7.22130525100004],[108.57475351,7.21178652200005],[108.56004377,7.20316666400005],[108.544818022,7.19547969800005],[108.529136343,7.18875587500004],[108.51306047,7.18302170400005],[108.496653859,7.17829975800004],[108.479981057,7.17460864100002],[108.463107862,7.17196289200007],[108.446100647,7.17037295100003],[108.429026511,7.16984499900007],[108.41195265,7.17038118200002],[108.394946352,7.17197935400002],[108.378074605,7.17463323700002],[108.36140392,7.17833232600003],[108.344999886,7.18306204800007],[108.32892722,7.18880380100007],[108.313249209,7.19553491100004],[108.298027693,7.20322883900007],[108.283322589,7.21185533600005],[108.269191903,7.22138034300001],[108.256689715,7.23099824500001],[108.256014452,7.23101919900005],[108.239005653,7.23261132400005],[108.222131071,7.23525912200006],[108.205457183,7.23895218200004],[108.189049657,7.24367596500003],[108.172973139,7.24941183400007],[108.157290982,7.25613715100006],[108.142064973,7.26382547200006],[108.127355142,7.27244644800004],[108.127133228,7.27259588900004],[108.122522736,7.27061430700008],[108.106450258,7.26486576500002],[108.090046096,7.26012909000001],[108.073374806,7.25642295200002],[108.056502131,7.25376189100007],[108.039494489,7.25215644400003],[108.022418924,7.25161285800004],[108.005342733,7.25213331100002],[107.988333137,7.25371572100004],[107.971457123,7.25635381200003],[107.954781223,7.26003723900003],[107.938371103,7.26475146400003],[107.92229141,7.27047784700005],[107.906605518,7.27719388300004],[107.891375241,7.28487306000006],[107.876660541,7.29348512800004],[107.862519487,7.30299616000002],[107.849007799,7.31336865100007],[107.836178751,7.32456171300004],[107.824082907,7.33653130000003],[107.812768052,7.34923014700006],[107.802278813,7.36260825500005],[107.792656601,7.37661288900006],[107.787765697,7.38479092500006],[107.752306034,7.48729556400001],[107.836762106,7.71878611400006],[107.848524885,7.72908765700004],[107.862026489,7.73949083000003],[107.876161358,7.74903305700008],[107.89087366,7.75767654500004],[107.906105317,7.76538714600001],[107.92179611,7.77213439000008],[107.936075141,7.77724426000003],[107.935585774,7.79220469900003],[107.936105798,7.80914474800005],[107.93769845,7.82601908300005],[107.940357575,7.84276102000006],[107.944072829,7.85930455400007],[107.948829642,7.87558433400006],[107.954609387,7.89153607500002],[107.955299538,7.89312076000004],[107.953944329,7.89430204800003],[107.94183329,7.90627408600005],[107.930504353,7.91897536600002],[107.92000221,7.93235584500008],[107.916524671,7.93741195800005],[108.192596176,8.69411236600007],[108.200097897,8.69732569600007],[108.216228089,8.70307423300004],[108.232692022,8.70780957200003],[108.249424683,8.71151298900003],[108.266359807,8.71416979200005],[108.283430529,8.71576952700002],[108.300569214,8.71630581100003],[108.317708197,8.71577652700006],[108.334779564,8.71418382400003],[108.351715915,8.71153392200005],[108.368450213,8.70783737600004],[108.384916251,8.70310874300003],[108.401048985,8.69736675000008],[108.416784562,8.69063409900001],[108.43206085,8.68293739600005],[108.44681742,8.67430712700007],[108.46099602,8.66477739000004],[108.464415739,8.66215356400005],[108.465346506,8.66296435100003],[108.478896477,8.67334940800003],[108.493080068,8.68287238000004],[108.507841177,8.69149562000007],[108.523121601,8.69918499600005],[108.538860844,8.70591012200004],[108.553963867,8.71127737200005],[108.559099856,8.72535657100006],[108.565917876,8.74090861300003],[108.567302291,8.74359169600006],[108.564287732,8.74387488300005],[108.547351401,8.74653416900002],[108.530617159,8.75023859900006],[108.514150853,8.75497349400006],[108.498017352,8.76072026900004],[108.482280258,8.76745627400003],[108.467001547,8.77515495000006],[108.452241442,8.78378599700006],[108.438058115,8.79331543400002],[108.424507484,8.80370567000005],[108.411642975,8.81491579100002],[108.399515397,8.82690162700004],[108.388172554,8.83961595000006],[108.37765923,8.85300863000003],[108.368016945,8.86702693500006],[108.359283869,8.88161555900007],[108.351494444,8.89671704500004],[108.344679581,8.91227178700007],[108.338866221,8.92821851600007],[108.334077483,8.94449430100007],[108.330332293,8.96103494000003],[108.327645656,8.97777525100002],[108.326028276,8.99464913900004],[108.325486663,9.01159002000003],[108.326023185,9.02853107700002],[108.327635778,9.04540545800006],[108.330318335,9.06214650600002],[108.334060303,9.07868815000007],[108.33884714,9.09496505900006],[108.344660021,9.11091298200005],[108.461033409,9.24446418000002],[108.467115408,9.24801254700002],[108.482418457,9.25570333200005],[108.498181206,9.26242989600009],[108.514341336,9.26816558900002],[108.53083493,9.27288776900001],[108.547596766,9.27657773500004],[108.564560534,9.27922089200007],[108.581659151,9.28080678100003],[108.598824999,9.28132918000005],[108.615990159,9.28078597200005],[108.633086708,9.27917933700005],[108.650047076,9.27651563100006],[108.666804129,9.27280540900005],[108.683291659,9.26806333100005],[108.699444373,9.26230816400004],[108.715198499,9.25556267900002],[108.730491712,9.24785355900001],[108.745263594,9.23921126500005],[108.759455761,9.22967003500002],[108.773012179,9.21926755900006],[108.785879321,9.20804495100002],[108.798006328,9.19604660800006],[108.809345427,9.18331993000002],[108.81985187,9.16991527100004],[108.82948423,9.15588553300007],[108.838204531,9.14128621800005],[108.845978503,9.12617497600008],[108.852775528,9.11061147400004],[108.858568879,9.09465720500003],[108.863335845,9.07837518600007],[108.867057738,9.06182970200006],[108.869719985,9.04508605200005],[108.87131221,9.02821037100004],[108.871828371,9.01126921900005],[108.871266492,8.99432951400007],[108.869628951,8.97745803700007],[108.86692239,8.96072137500005],[108.863157574,8.94418555800006],[108.858349546,8.92791579900007],[108.852517407,8.91197626900003],[108.845684202,8.89642979900004],[108.844296319,8.89374781900004],[108.847312721,8.89346239700007],[108.864253158,8.89078963600002],[108.880989983,8.88707049600005],[108.897456964,8.88231970100003],[108.913588989,8.87655604500003],[108.929322351,8.86980235900006],[108.944594809,8.86208529000003],[108.95934599,8.85343542000004],[108.97351767,8.84388691700008],[108.987053861,8.83347756000006],[108.999901108,8.82224848600003],[109.012008665,8.81024408600006],[109.023328815,8.79751181100005],[109.033816839,8.78410194300006],[109.043431505,8.77006756700007],[109.052134835,8.75546404300009],[109.059892578,8.74034907700007],[109.06667425,8.72478242000005],[109.072453149,8.70882548700006],[109.077206602,8.69254134900007],[109.080916004,8.67599424700006]]],[[[108.627555378,7.62424486400004],[108.632189164,7.61902770800004],[108.635674194,7.63443156800003],[108.640456469,7.65070468400007],[108.646260625,7.66664800100005],[108.653063916,7.68219854300001],[108.660468607,7.69657496000002],[108.65217023,7.70014079000004],[108.636936088,7.70784609400005],[108.622219687,7.71648357300006],[108.60807895,7.72601923200006],[108.594569695,7.73641549300003],[108.581745203,7.74763136300002],[108.574001116,7.75531234900006],[108.561255416,7.75492196100004],[108.544158377,7.75546237300005],[108.527129235,7.75706476600004],[108.510235056,7.75972279700005],[108.504459306,7.76100412100004],[108.495645897,7.75423497500003],[108.481495247,7.74471264300006],[108.475169609,7.74100837300006],[108.471621904,7.72530176100003],[108.46684543,7.70902689900003],[108.466058013,7.70686243200004],[108.480156875,7.70464547600004],[108.496847298,7.70094273300002],[108.51326982,7.69620814300001],[108.529359532,7.69046035800003],[108.54505281,7.68372213400005],[108.560287717,7.67602013000004],[108.57500393,7.66738475000005],[108.589143399,7.65785017400002],[108.602650242,7.64745406100007],[108.615471092,7.63623752500007],[108.627555378,7.62424486400004]]],[[[117.875294349,9.35497868100003],[117.595366094,9.11796317000004],[117.588426961,9.11813801600004],[117.571339846,9.11963145700002],[117.554381012,9.12218035800004],[117.5376174,9.12577462800004],[117.521114973,9.13040020500005],[117.504938605,9.13603895900007],[117.489152019,9.14266849500006],[117.473817393,9.15026290000003],[117.45899523,9.15879229100005],[117.444743852,9.16822304400006],[117.431119384,9.17851804400004],[117.41817558,9.18963676500004],[117.405963541,9.20153548300004],[117.394531518,9.21416741800004],[117.383924527,9.22748259600007],[117.374184651,9.24142885800006],[117.365350192,9.25595098900004],[117.357456306,9.27099201000003],[117.350534004,9.28649249900008],[117.344611012,9.30239133900005],[117.339710619,9.31862601200003],[117.33585257,9.33513236700002],[117.333052023,9.35184531100003],[117.331320352,9.36869899500005],[117.330664598,9.38562685500005],[117.331087357,9.40256212800005],[117.332587418,9.41943788300006],[117.33515878,9.43618761600003],[117.338791596,9.45274510900003],[117.343471769,9.46904498900005],[117.349181012,9.48502289200008],[117.355896672,9.50061559300003],[117.363592662,9.51576158600005],[117.372238546,9.53040093400006],[117.38180035,9.54447574400006],[117.392240441,9.55793056900006],[117.403517517,9.57071188100002],[117.415587324,9.58276937500005],[117.428402153,9.59405531900007],[117.44191132,9.60452501100003],[117.456061466,9.61413703900007],[117.470796815,9.62285337600002],[117.486058918,9.63063948400004],[117.501787641,9.63746460300006],[117.517920594,9.64330178400007],[117.534394092,9.64812779300006],[117.551142881,9.65192360000003],[117.568100684,9.65467418400004],[117.585200486,9.65636859400007],[117.602374622,9.65700024800003],[117.619554898,9.65656644200004],[117.636673611,9.65506909800007],[117.653662849,9.65251408100004],[117.670455421,9.64891149400006],[117.68698485,9.64427567500007],[117.70318579,9.63862487100005],[117.718994158,9.63198143800002],[117.734347416,9.62437183400004],[117.749184921,9.61582607000002],[117.763447844,9.60637793600006],[117.777080035,9.59606480700006],[117.790027555,9.58492767000007],[117.802239215,9.57301041600003],[117.813666929,9.56036022000006],[117.824265661,9.54702712800001],[117.833993519,9.53306385300004],[117.842812167,9.51852561700001],[117.850687073,9.50346991800006],[117.857587047,9.48795627500005],[117.863485134,9.47204586400005],[117.868358188,9.45580168400006],[117.872187065,9.43928780800007],[117.87495696,9.42256954200007],[117.876657051,9.40571281100005],[117.877280722,9.38878422000004],[117.876825896,9.37185059900002],[117.875294349,9.35497868100003]]],[[[116.63894318,10.168896364],[116.621740059,10.1682094670001],[116.604527008,10.1685861170001],[116.587371823,10.1700248810001],[116.57034194,10.1725200920001],[116.553504471,10.176061981],[116.536925772,10.180636642],[116.520670944,10.1862259330001],[116.504804074,10.1928079030001],[116.489387504,10.200356727],[116.474482303,10.2088426670001],[116.460146877,10.218232243],[116.446437816,10.228488552],[116.433409326,10.239571271],[116.421112592,10.2514366880001],[116.409596178,10.264038096],[116.398905714,10.2773259150001],[116.389083359,10.2912476700001],[116.380167742,10.305748534],[116.372194433,10.320771532],[116.365194963,10.336257307],[116.359196916,10.3521448720001],[116.354224255,10.368371476],[116.350296575,10.384873262],[116.347429808,10.4015850970001],[116.345635247,10.418441162],[116.344920314,10.4353747220001],[116.345287839,10.4523191070001],[116.346736715,10.469207512],[116.349261281,10.485973065],[116.35285195,10.50254977],[116.357494506,10.518872021],[116.363170856,10.5348753490001],[116.369858883,10.550496654],[116.377532091,10.5656741010001],[116.38616044,10.580347746],[116.395709989,10.5944595980001],[116.40614319,10.607953815],[116.417418696,10.620777162],[116.429492196,10.632878912],[116.442315998,10.6442111070001],[116.455839456,10.654729049],[116.470009218,10.6643909740001],[116.484769234,10.673158829],[116.500061223,10.680997829],[116.515824688,10.6878769950001],[116.531997262,10.693769134],[116.548514965,10.698650803],[116.565312517,10.702502859],[116.582323417,10.705309879],[116.599480413,10.7070609410001],[116.61671558,10.707748904],[116.633960675,10.707371255],[116.651147324,10.705929332],[116.668207731,10.703428972],[116.685074384,10.6998799560001],[116.701680364,10.69529634],[116.717960125,10.6896963840001],[116.733849229,10.6831021300001],[116.749284741,10.675539728],[116.764205729,10.667039045],[116.778553273,10.6576338620001],[116.792270506,10.647361216],[116.805303403,10.63626183],[116.817600522,10.6243795550001],[116.829113114,10.6117614040001],[116.839795954,10.5984573860001],[116.849606841,10.584519922],[116.858507226,10.570004269],[116.866461846,10.554967666],[116.873439806,10.539469605],[116.879413262,10.5235713000001],[116.884359058,10.5073355590001],[116.888257775,10.490826623],[116.891094217,10.474109448],[116.892857332,10.457250291],[116.893540293,10.4403156340001],[116.893140737,10.42337215],[116.891660387,10.4064870020001],[116.889105194,10.389726533],[116.885485479,10.373156986],[116.880815662,10.3568437560001],[116.875114331,10.340851061],[116.868404197,10.32524204],[116.860711847,10.310078204],[116.852067713,10.295419301],[116.842506162,10.2813230240001],[116.832064771,10.267845079],[116.820784857,10.2550383980001],[116.808711119,10.242953571],[116.79589099,10.2316380550001],[116.78237512,10.221136474],[116.768216912,10.211490129],[116.75347203,10.202737029],[116.738198665,10.194911699],[116.722456929,10.188044851],[116.706308818,10.182163453],[116.689817949,10.1772908240001],[116.673049263,10.173446015],[116.656068826,10.170644236],[116.63894318,10.168896364]]],[[[118.718156064,11.291198168],[118.536108333,10.9384662970001],[118.532579402,10.948012712],[118.527719992,10.9642764870001],[118.523909843,10.9808076950001],[118.521164148,10.997541117],[118.519493981,11.014410813],[118.518906121,11.031350154],[118.519403152,11.0482923810001],[118.520983199,11.0651705980001],[118.52364012,11.081918105],[118.52736393,11.098468914],[118.532139778,11.1147574610001],[118.537949211,11.13071961],[118.54476938,11.146292139],[118.552573456,11.161413614],[118.561330774,11.176024264],[118.571006821,11.190066303],[118.581563623,11.203484293],[118.59295941,11.2162251080001],[118.605149339,11.228238423],[118.618085303,11.2394767210001],[118.631716201,11.2498955460001],[118.645988107,11.2594535740001],[118.660844823,11.2681132280001],[118.676227414,11.2758400970001],[118.69207512,11.282603615],[118.708325356,11.288377005],[118.718156064,11.291198168]]],[[[118.733897994,11.321699401],[118.722089814,11.298820119],[118.721670626,11.303085216],[118.721094254,11.3200254380001],[118.721603889,11.33696767],[118.723197652,11.3538451360001],[118.723530965,11.3559368220001],[118.711766819,11.364847589],[118.698775504,11.3760313110001],[118.686525008,11.387992124],[118.675063858,11.4006830930001],[118.664437096,11.414054019],[118.654686931,11.428052293],[118.645851744,11.442622761],[118.637966514,11.457708016],[118.631062607,11.4732485650001],[118.625167196,11.489183182],[118.620303824,11.5054490750001],[118.616491865,11.521981983],[118.613746446,11.538716825],[118.612078702,11.5555875090001],[118.611495331,11.5725274810001],[118.611998917,11.589469958],[118.61358748,11.6063479900001],[118.616255167,11.623094982],[118.619991399,11.6396446960001],[118.624781786,11.6559320310001],[118.625492157,11.6578793],[118.625868485,11.670491052],[118.627458336,11.687368883],[118.630127547,11.704115668],[118.633865798,11.720665264],[118.638658399,11.736952176],[118.644486639,11.752912274],[118.651327603,11.7684822790001],[118.65915457,11.7836009910001],[118.667936641,11.7982083200001],[118.677639399,11.812246783],[118.688224486,11.825660852],[118.699650183,11.838397378],[118.711871581,11.850406147],[118.724840313,11.861639554],[118.738505178,11.872053254],[118.752812156,11.881606037],[118.767704933,11.890260179],[118.783124283,11.897981219],[118.799009665,11.9047389410001],[118.814781623,11.9103234670001],[118.733897994,11.321699401]]],[[[109.524630261,15.58634296],[109.518072458,15.58317817],[109.214557168,16.0324265940001],[109.22804016,16.042358343],[109.242669576,16.0517929710001],[109.257887714,16.060324963],[109.273634342,16.0679205590001],[109.289847118,16.074549706],[109.306461837,16.0801861800001],[109.323412688,16.084807691],[109.34063252,16.0883959710001],[109.358053106,16.0909368440001],[109.375605424,16.0924202900001],[109.393219924,16.0928404740001],[109.410826817,16.092195776],[109.428356349,16.0904887940001],[109.445739082,16.0877263350001],[109.462906173,16.0839193850001],[109.479789647,16.079083064],[109.496322673,16.0732365650001],[109.512439826,16.066403079],[109.528077354,16.0586096970001],[109.543173427,16.0498873070001],[109.557668383,16.040270462],[109.57150497,16.0297972500001],[109.584628563,16.018509135],[109.596987393,16.006450796],[109.608532738,15.993669943],[109.61921912,15.980217134],[109.629004485,15.9661455670001],[109.637850364,15.9515108730001],[109.645722023,15.93637089],[109.652588596,15.920785438],[109.658423207,15.9048160830001],[109.663203068,15.888525886],[109.666909569,15.87197916],[109.669528343,15.855241216],[109.671049325,15.838378101],[109.671466781,15.8214563390001],[109.670779328,15.804542672],[109.66898994,15.787703794],[109.666105925,15.7710060900001],[109.662138897,15.754515376],[109.657104726,15.7382966380001],[109.651023472,15.7224137800001],[109.6439193,15.7069293710001],[109.635820387,15.691904403],[109.626758806,15.677398048],[109.616770396,15.6634674310001],[109.605894625,15.6501674030001],[109.594174429,15.637550327],[109.581656041,15.625665875],[109.568388817,15.614560831],[109.554425031,15.6042789140001],[109.53981968,15.594860597],[109.524630261,15.58634296]]],[[[108.010832147,17.278612789],[108.837403033,17.0675209900001],[108.832221683,17.062192258],[108.819482459,17.0506372520001],[108.806011218,17.0398697310001],[108.79186141,17.0299317990001],[108.777088726,17.0208626130001],[108.761751494,17.012697726],[108.745909969,17.0054690260001],[108.729626967,16.9992049260001],[108.712966619,16.9939301090001],[108.695993943,16.989664937],[108.678776716,16.986426102],[108.6613817,16.984226306],[108.643877721,16.983073797],[108.626333481,16.982973222],[108.608817917,16.983924713],[108.591399727,16.9859245400001],[108.574147503,16.98896445],[108.557128974,16.9930324660001],[108.540410593,16.9981125480001],[108.524058339,17.0041846600001],[108.508136303,17.0112247120001],[108.492707183,17.0192048750001],[108.477831067,17.0280941830001],[108.463567136,17.037857146],[108.449970714,17.048455457],[108.437095702,17.059847474],[108.424992604,17.071988467],[108.413708894,17.0848305000001],[108.403289219,17.0983232770001],[108.393774536,17.1124136140001],[108.385202381,17.1270462310001],[108.37760673,17.1421634870001],[108.372997166,17.1530350620001],[108.357916344,17.155665277],[108.340883741,17.15970439],[108.333323525,17.1619864460001],[108.33033373,17.1610324160001],[108.313373295,17.1567293960001],[108.296165064,17.1534509970001],[108.278776722,17.151210247],[108.261276451,17.1500157250001],[108.243733007,17.149871881],[108.226215694,17.1507791760001],[108.208792496,17.1527339400001],[108.191532903,17.155728319],[108.174503965,17.159750525],[108.157772565,17.164784516],[108.141404669,17.1708102550001],[108.125464297,17.177804103],[108.110014116,17.1857386230001],[108.095114714,17.1945825130001],[108.080824729,17.204300737],[108.067200233,17.2148552460001],[108.054294794,17.226204583],[108.042159171,17.238303816],[108.03084084,17.251105591],[108.02038492,17.264559537],[108.010832147,17.278612789]]],[[[115.844021905,21.055283559],[115.845208039,21.054630617],[115.848686412,21.054736501],[115.866869683,21.054221367],[115.884982319,21.0526398800001],[115.902952231,21.0499980380001],[115.920708402,21.04630659],[115.938180015,21.041580036],[115.955298105,21.0358370330001],[115.971994635,21.029100452],[115.988203433,21.021396926],[116.003860365,21.012756971],[116.018903455,21.0032149270001],[116.033272992,20.992808557],[116.04691217,20.9815792480001],[116.05976733,20.969571284],[116.071787483,20.9568323720001],[116.082925429,20.9434130500001],[116.093136849,20.9293660920001],[116.102381909,20.91474756],[116.1106242,20.899614962],[116.117831704,20.8840285690001],[116.123975823,20.868049698],[116.129032757,20.8517418370001],[116.132982772,20.835169189],[116.135810905,20.818397401],[116.137506077,20.801492576],[116.138061947,20.784521667],[116.13747681,20.767551749],[116.135753492,20.750649566],[116.132899089,20.7338819830001],[116.128925156,20.7173151380001],[116.123847847,20.701014241],[116.117687259,20.685043509],[116.110468367,20.669466099],[116.102219847,20.654343193],[116.092974245,20.6397343840001],[116.082768663,20.6256972260001],[116.071643387,20.6122869650001],[116.059642143,20.599556078],[116.046812714,20.587555137],[116.033205718,20.57633089],[116.018874612,20.565927722],[116.003876147,20.556386328],[115.988269244,20.5477443130001],[115.972115494,20.540035534],[115.955478149,20.533290295],[115.938422932,20.5275352200001],[115.921016581,20.5227923940001],[115.903327917,20.5190811410001],[115.885425802,20.5164153310001],[115.867381146,20.5148058080001],[115.849264458,20.514258817],[115.831146939,20.5147764610001],[115.813099742,20.516356505],[115.795193469,20.518992837],[115.777498888,20.5226752030001],[115.760085023,20.527388945],[115.743020639,20.5331157250001],[115.726372448,20.539832732],[115.7102059,20.5475138730001],[115.703125936,20.551418336],[115.702480068,20.551774525],[115.69901421,20.5516668060001],[115.680893197,20.55216842],[115.6628411,20.5537323570001],[115.644929183,20.556352571],[115.627227648,20.5600188700001],[115.609806174,20.564716796],[115.592732923,20.570427878],[115.576075155,20.5771297630001],[115.559898007,20.5847958300001],[115.554230919,20.5879135820001],[115.53991728,20.5899977280001],[115.52221018,20.5936528780001],[115.504782291,20.598339504],[115.487702194,20.604039529],[115.471036972,20.610730602],[115.454851585,20.618386098],[115.439210423,20.626976234],[115.424174367,20.636467021],[115.409802926,20.646821179],[115.396152593,20.6579980730001],[115.383277261,20.6699539740001],[115.37122749,20.6826416010001],[115.360050951,20.696011169],[115.349791904,20.710009998],[115.340490882,20.7245831650001],[115.332184805,20.739673442],[115.32490633,20.755220965],[115.31868464,20.7711650090001],[115.313544648,20.7874425410001],[115.309506891,20.8039895360001],[115.306587481,20.82074091],[115.304798574,20.837630586],[115.30414746,20.8545917550001],[115.304636806,20.871557737],[115.305590081,20.8814606920001],[115.298121481,20.8825340300001],[115.280375726,20.8861607050001],[115.262907531,20.890819406],[115.247478761,20.8959309430001],[115.237760062,20.8950282270001],[115.219606041,20.8944111650001],[115.214424857,20.89453862],[115.207604118,20.8934965350001],[115.189528132,20.8918124410001],[115.17137522,20.8911902470001],[115.153216373,20.891632057],[115.135122981,20.893136424],[115.117166211,20.8956972980001],[115.099416058,20.8993043560001],[115.081942921,20.9039438520001],[115.0648147,20.909597176],[115.048098999,20.9162421660001],[115.031861516,20.923852777],[115.016166072,20.932399151],[115.001074122,20.941847545],[114.986645325,20.952160994],[114.972936545,20.963298848],[114.960001324,20.9752172280001],[114.947891081,20.987869424],[114.937923141,20.999698865],[115.753269361,21.400956864],[115.757057911,21.388900791],[115.761067876,21.372339744],[115.763952231,21.355576784],[115.765700377,21.3386782630001],[115.766305479,21.32171092],[115.765765322,21.304741554],[115.764082895,21.287837419],[115.761264988,21.271064973],[115.757323009,21.254490466],[115.752273125,21.2381794880001],[115.746135306,21.222195974],[115.738934348,21.206602998],[115.730699186,21.191462245],[115.72146221,21.176833158],[115.711260136,21.162773067],[115.700133508,21.1493377860001],[115.68812606,21.136579568],[115.675285681,21.1245492150001],[115.666159689,21.1170094820001],[115.682038662,21.112742315],[115.699173231,21.107026391],[115.715887845,21.100316396],[115.73211655,21.092638763],[115.737799222,21.0895160530001],[115.752161628,21.0874185370001],[115.769924792,21.0837433560001],[115.787404766,21.0790329480001],[115.804531964,21.07330584],[115.821238833,21.0665847070001],[115.837458823,21.0588964450001],[115.844021905,21.055283559]]],[[[116.88217762,21.334028588],[116.872814231,21.319457312],[116.862488736,21.3054618680001],[116.85124273,21.292097289],[116.839119944,21.279416235],[116.826168928,21.2674685960001],[116.812440416,21.2563013650001],[116.797988512,21.2459582380001],[116.782870331,21.2364800170001],[116.767145553,21.22790401],[116.750875794,21.220263711],[116.734124917,21.213589122],[116.716959184,21.20790656],[116.699445696,21.203238394],[116.68165322,21.1996026520001],[116.663651938,21.1970138720001],[116.645512399,21.19548225],[116.627305489,21.195013445],[116.609103106,21.195609496],[116.590976435,21.197268034],[116.572996866,21.199982612],[116.555234728,21.2037425070001],[116.537759854,21.208532787],[116.520640761,21.214334963],[116.503944876,21.2211258090001],[116.48773792,21.228879077],[116.483942035,21.2309849850001],[116.471774482,21.229945039],[116.453564727,21.229457439],[116.435358227,21.230034549],[116.417226208,21.231674331],[116.399239995,21.234370074],[116.381470001,21.2381113170001],[116.363986065,21.2428832570001],[116.346856808,21.248667275],[116.330149864,21.255440606],[116.313930366,21.263176602],[116.298262472,21.271844929],[116.283207596,21.281411436],[116.268825131,21.291838614],[116.255171467,21.3030854620001],[116.242300764,21.3151077530001],[116.231087426,21.3269853300001],[116.229187283,21.3264734210001],[116.211394164,21.322788025],[116.19338848,21.3201488550001],[116.175241012,21.3185659760001],[116.157023051,21.318045904],[116.138806059,21.3185904810001],[116.12066138,21.3201976670001],[116.102660267,21.322860882],[116.084873752,21.3265700580001],[116.067370902,21.3313102600001],[116.050221275,21.3370629320001],[116.033491836,21.343805635],[116.017248341,21.351511718],[116.001554582,21.360151108],[115.991211549,21.366692119],[115.989302374,21.366973221],[115.971508208,21.370669787],[115.953997277,21.3753978390001],[115.936838284,21.381138295],[115.92009919,21.3878691730001],[115.90384536,21.395563624],[115.888140534,21.40419164],[115.873046902,21.4137193240001],[115.858623405,21.424109028],[115.844927147,21.435320076],[115.839807281,21.44007256],[116.685075769,21.730425874],[116.701785306,21.726890309],[116.719318391,21.722084421],[116.736490883,21.7162634580001],[116.753234593,21.7094506460001],[116.769483078,21.701672908],[116.785172068,21.6929609910001],[116.800239372,21.683349467],[116.814625542,21.6728765350001],[116.828273208,21.661583557],[116.841129094,21.649515455],[116.853142034,21.636719988],[116.86426473,21.623247741],[116.874453554,21.6091522680001],[116.883668251,21.594489357],[116.891872854,21.579316839],[116.899035047,21.563694844],[116.905126692,21.547685281],[116.91012433,21.531351236],[116.914008606,21.514757634],[116.916764366,21.4979695970001],[116.918381253,21.4810538150001],[116.918853097,21.464076912],[116.918178776,21.447105962],[116.916360987,21.4302078370001],[116.913407392,21.413449337],[116.909330027,21.396896397],[116.904145594,21.3806144210001],[116.897874607,21.36466762],[116.890542162,21.349118553],[116.88217762,21.334028588]]],[[[119.47934903,22.7449915770001],[119.493927275,22.7346720190001],[119.507771924,22.7235273260001],[119.520828294,22.7116017060001],[119.53304484,22.6989424070001],[119.544373397,22.6855995920001],[119.554769364,22.67162612],[119.564191845,22.6570773020001],[119.57260386,22.642010752],[119.579972455,22.626486083],[119.586268833,22.6105647270001],[119.591468487,22.5943096340001],[119.595551221,22.577785073],[119.598501301,22.561056342],[119.600307526,22.544189535],[119.600963154,22.5272512650001],[119.600466025,22.5103083870001],[119.598818513,22.4934277570001],[119.59602755,22.476675976],[119.592104554,22.4601191020001],[119.587065381,22.443822396],[119.580930272,22.427850079],[119.573723792,22.412265056],[119.565474657,22.397128711],[119.556215658,22.382500614],[119.545983579,22.368438344],[119.534818934,22.354997218],[119.522765912,22.3422301],[119.509872122,22.3301871730001],[119.496188467,22.3189157950001],[119.481768915,22.3084602340001],[119.466670277,22.298861593],[119.450951979,22.290157557],[119.434675879,22.282382313],[119.417905966,22.275566385],[119.400708146,22.2697365340001],[119.383149979,22.264915627],[119.365300431,22.261122594],[119.347229554,22.25837232],[119.329008294,22.256675585],[119.310708153,22.2560390420001],[119.292400923,22.2564651710001],[119.274158457,22.257952308],[119.256052363,22.260494598],[119.238153661,22.2640820680001],[119.220532635,22.2687006240001],[119.203258462,22.274332126],[119.186398978,22.2809544570001],[119.17671984,22.2854381870001],[119.173322129,22.282963459],[119.158247939,22.27333686],[119.142552268,22.2646036960001],[119.126296888,22.256798256],[119.109545727,22.249951197],[119.092364611,22.244089386],[119.074821044,22.2392358180001],[119.056983942,22.2354095490001],[119.038923296,22.2326255770001],[119.02071002,22.230894822],[119.002415603,22.230224079],[118.984111817,22.2306159400001],[118.965870501,22.2320688820001],[118.947763232,22.234577174],[118.929861059,22.238130966],[118.912234274,22.242716299],[118.894952066,22.2483151540001],[118.878082333,22.2549055660001],[118.861691324,22.2624616150001],[118.845843486,22.27095365],[118.830601124,22.280348302],[118.816024254,22.2906086690001],[118.802170228,22.3016944180001],[118.789093691,22.3135620090001],[118.776846193,22.3261647690001],[118.765476129,22.339453167],[118.755028395,22.353374939],[118.745544409,22.3678753300001],[118.737061726,22.382897276],[118.729614078,22.3983816780001],[118.723231119,22.4142675620001],[118.717938321,22.430492373],[118.713756931,22.4469921990001],[118.710703791,22.4637020210001],[118.708791354,22.480555984],[118.708027562,22.4974875990001],[118.708415869,22.5144301130001],[118.709955129,22.5313166500001],[118.712639702,22.5480805610001],[118.716459401,22.5646556400001],[118.721399541,22.5809764200001],[118.727440997,22.5969783900001],[118.734560269,22.6125983050001],[118.742729576,22.627774383],[118.751916931,22.64244661],[118.762086323,22.656556881],[118.773197795,22.6700493750001],[118.785207632,22.682870644],[118.79806851,22.6949698990001],[118.811729698,22.7062991920001],[118.82613726,22.716813619],[118.841234277,22.726471491],[118.856961015,22.735234506],[118.873255224,22.7430678850001],[118.890052379,22.749940559],[118.907285921,22.7558252470001],[118.924887485,22.7606985670001],[118.942787308,22.7645411870001],[118.960914368,22.7673378270001],[118.979196692,22.769077385],[118.99756173,22.769752919],[119.015936592,22.7693617520001],[119.034248296,22.767905419],[119.052424185,22.765389683],[119.070392107,22.761824522],[119.088080734,22.757224066],[119.10541991,22.751606576],[119.122340839,22.744994333],[119.132053533,22.7405144380001],[119.135462038,22.742990615],[119.150584618,22.752620401],[119.166335099,22.761354055],[119.182651093,22.7691569040001],[119.199467989,22.775997992],[119.21671917,22.781850177],[119.234336189,22.7866902110001],[119.252249179,22.7904988810001],[119.270387082,22.793261059],[119.288677906,22.794965779],[119.307049038,22.7956062420001],[119.325427552,22.7951799200001],[119.343740496,22.793688479],[119.361915156,22.791137846],[119.3798794,22.7875381100001],[119.397561951,22.782903589],[119.414892617,22.7772526370001],[119.431802694,22.770607694],[119.448225145,22.762995123],[119.464094867,22.754445113],[119.47934903,22.7449915770001]]],[[[120.161376947,22.983882905],[120.157760621,22.9802741980001],[120.145263674,22.9813842770001],[120.141662597,22.977771762],[120.144989012,22.970829009],[120.148040767,22.966938018],[120.151931759,22.963607789],[120.157760622,22.961383824],[120.161651609,22.958049777],[120.163879395,22.953605651],[120.164146422,22.941940307],[120.167480469,22.908050535],[120.170257572,22.8980522190001],[120.172760009,22.881664275],[120.176933291,22.866386413],[120.179153438,22.861942288],[120.179153441,22.8572196980001],[120.181373596,22.8611068750001],[120.185256955,22.8577728280001],[120.199142456,22.8369407640001],[120.198867798,22.8308296180001],[120.19637299,22.825553896],[120.192199705,22.8227729820001],[120.191360478,22.817218783],[120.199707033,22.786941525],[120.206382758,22.773330693],[120.212768557,22.765552524],[120.223312377,22.7488822930001],[120.227767946,22.739994047],[120.229156491,22.734992982],[120.251663208,22.6899948120001],[120.252212522,22.684440613],[120.25109863,22.677494045],[120.238586424,22.66082764],[120.24025726,22.649440762],[120.24471283,22.640274044],[120.248031619,22.63666153],[120.253326419,22.6280517550001],[120.262496949,22.616386414],[120.266387941,22.613052366],[120.271377561,22.6102752670001],[120.288040162,22.603607179],[120.296096795,22.5969428980001],[120.312759396,22.5724983220001],[120.321929928,22.554443356],[120.323318484,22.5494422950001],[120.329986579,22.536109927],[120.332763678,22.525829318],[120.331102581,22.5217070410001],[120.330625868,22.5213658750001],[120.323883051,22.5263862590001],[120.306640627,22.5449981720001],[120.305252075,22.549999239],[120.300338746,22.5578651440001],[120.302551273,22.550632476],[120.307083131,22.540435792],[120.318603511,22.5305519080001],[120.328340218,22.519730019],[120.321820245,22.5150632150001],[120.306641344,22.5055428540001],[120.290847292,22.496920216],[120.274500222,22.4892291570001],[120.257664387,22.4824998820001],[120.240405929,22.4767588070001],[120.222792648,22.472028481],[120.204893684,22.468327457],[120.186779301,22.4656702740001],[120.168520575,22.464067356],[120.150189156,22.4635250040001],[120.131856972,22.46404535],[120.113595939,22.4656263440001],[120.095477732,22.468261808],[120.077573437,22.4719413770001],[120.059953355,22.476650637],[120.042686656,22.4823711060001],[120.025841169,22.489080318],[120.009483065,22.4967519410001],[119.993676682,22.505355869],[119.978484185,22.5148583020001],[119.963965377,22.5252219270001],[119.950177451,22.5364060270001],[119.937174766,22.54836666],[119.925008639,22.5610568120001],[119.913727129,22.5744265930001],[119.903374856,22.5884234290001],[119.893992842,22.602992263],[119.885618305,22.6180757650001],[119.87828455,22.633614568],[119.872020799,22.6495475020001],[119.866852104,22.665811789],[119.862799209,22.682343369],[119.859878499,22.69907707],[119.858101911,22.715946928],[119.857476866,22.732886395],[119.858006249,22.7498286280001],[119.859688415,22.7667067680001],[119.862517147,22.7834541620001],[119.866481685,22.800004656],[119.871566769,22.816292854],[119.877752705,22.8322543620001],[119.88501541,22.847826077],[119.893326537,22.862946387],[119.902653515,22.8775554650001],[119.912959769,22.8915954790001],[119.924204784,22.905010842],[119.936344293,22.917748406],[119.949330436,22.929757704],[119.96311199,22.940991146],[119.97763449,22.951404198],[119.99284054,22.9609555710001],[120.008669956,22.9696073740001],[120.025060059,22.977325288],[120.041945917,22.984078692],[120.059260584,22.989840783],[120.076935409,22.9945887000001],[120.094900241,22.998303579],[120.113083813,23.0009706930001],[120.131413926,23.0025794420001],[120.149817828,23.003123448],[120.162162247,23.002772726],[120.160263061,23.000000002],[120.162200923,22.989162444],[120.161376947,22.983882905]]],[[[120.353317259,24.044162752],[120.349426273,24.0405540450001],[120.351379395,24.041664126],[120.345542906,24.03555298],[120.342483525,24.031108858],[120.340270996,24.0258293160001],[120.334152219,24.016941074],[120.328117372,23.9999961870001],[120.319717405,23.9688835160001],[120.312477108,23.953327178],[120.306373594,23.9444389380001],[120.302757266,23.940830232],[120.294143671,23.926662445],[120.292797246,23.9217152430001],[120.262496941,23.875553128],[120.251098636,23.8569412250001],[120.244430543,23.840553281],[120.242752076,23.8344421400001],[120.239700313,23.829998016],[120.221916195,23.8194427510001],[120.207489014,23.79638672],[120.196372989,23.785552979],[120.193313594,23.781108853],[120.186096195,23.7652740510001],[120.176933285,23.7519416800001],[120.173027035,23.7422180200001],[120.171920775,23.7352714510001],[120.170822143,23.7105522140001],[120.169708258,23.7036056540001],[120.163597101,23.6947174060001],[120.1599884,23.6911048900001],[120.148880002,23.688606259],[120.1444397,23.68582916],[120.143692752,23.684633935],[120.125299312,23.6851511730001],[120.10687158,23.6867319410001],[120.088587921,23.6893670470001],[120.0705201,23.6930461590001],[120.052738987,23.6977548410001],[120.035314373,23.703474613],[120.018314699,23.7101830390001],[120.001806729,23.717853786],[119.985855346,23.726456742],[119.970523277,23.735958141],[119.95587087,23.746320666],[119.941955841,23.75750363],[119.928833011,23.76946308],[119.916554194,23.7821520460001],[119.905167883,23.7955206390001],[119.894719111,23.8095162980001],[119.885249303,23.824083997],[119.876796016,23.839166413],[119.869392876,23.854704197],[119.863069403,23.8706361810001],[119.857850904,23.8868996250001],[119.853758346,23.9034304630001],[119.850808293,23.920163551],[119.849012817,23.937032909],[119.848379438,23.953972021],[119.848911128,23.970914049],[119.850606245,23.9877921240001],[119.853458524,24.0045395990001],[119.857457177,24.021090331],[119.862586826,24.0373789070001],[119.868827641,24.0533409510001],[119.876155331,24.0689133340001],[119.884541311,24.0840344420001],[119.893952753,24.0986444380001],[119.904352762,24.1126854870001],[119.915700467,24.126101974],[119.927951201,24.1388407470001],[119.941056695,24.1508513310001],[119.954965231,24.162086103],[119.96962187,24.1725005170001],[119.984968663,24.182053275],[120.000944864,24.1907064590001],[120.01748723,24.1984257390001],[120.03453019,24.2051804810001],[120.052006176,24.210943855],[120.06984587,24.215692985],[120.087978456,24.2194090080001],[120.106331967,24.222077164],[120.124833531,24.2236868570001],[120.143409672,24.224231692],[120.161986598,24.223709491],[120.180490543,24.222122331],[120.198848027,24.2194765260001],[120.216986131,24.215782565],[120.234832862,24.211055125],[120.252317408,24.205312983],[120.269370374,24.198578921],[120.285924177,24.19087968],[120.301913189,24.1822458250001],[120.317274083,24.1727116000001],[120.331946082,24.1623148510001],[120.345871154,24.151096808],[120.358994292,24.1391019500001],[120.371263722,24.126377843],[120.382631072,24.112974906],[120.393051597,24.0989462310001],[120.40102727,24.086602261],[120.397772825,24.081644156],[120.396652225,24.0805511450001],[120.392486575,24.0774955740001],[120.38638306,24.0686073300001],[120.383938633,24.0605679460001],[120.380363156,24.055120754],[120.374153136,24.051109311],[120.36914063,24.048885345],[120.363037116,24.0483322170001],[120.353317259,24.044162752]]],[[[121.001663205,25.0016632050001],[120.780747899,24.6651016430001],[120.772491451,24.66249466],[120.768882757,24.658885959],[120.751388552,24.647495269],[120.745819088,24.637775419],[120.744712831,24.6311073310001],[120.74524689,24.625274657],[120.741928106,24.6208305370001],[120.733322146,24.6152725220001],[120.721916206,24.6119422950001],[120.712196357,24.60777283],[120.706382748,24.606384279],[120.697746279,24.6008300770001],[120.694702141,24.596385953],[120.687477119,24.572219853],[120.682479862,24.5619430520001],[120.670822148,24.54333115],[120.665817256,24.5330543520001],[120.656646722,24.5111083960001],[120.650543213,24.4938850370001],[120.642761227,24.479160311],[120.628593444,24.4636077850001],[120.624153134,24.4608268750001],[120.620529177,24.457218169],[120.608032227,24.447772978],[120.601379394,24.439716337],[120.598876952,24.434440609],[120.589706426,24.42110825],[120.578598022,24.4102745070001],[120.575546266,24.405830381],[120.571662908,24.4022178640001],[120.558868412,24.3852729820001],[120.55693054,24.379161835],[120.556640624,24.373050687],[120.554428097,24.367774963],[120.551086421,24.3633308390001],[120.544982914,24.3622169490001],[120.543319708,24.3574981700001],[120.542213436,24.3508300790001],[120.536102291,24.341941835],[120.534149175,24.3358306920001],[120.532760623,24.322772983],[120.530822759,24.3169403090001],[120.52526855,24.307220456],[120.510536192,24.2919426],[120.508041383,24.286663054],[120.50469026,24.2677973890001],[120.49488837,24.265219815],[120.47673742,24.261552005],[120.458370482,24.2589282810001],[120.439859619,24.257358918],[120.421277391,24.256850071],[120.402696707,24.257403732],[120.384190426,24.2590177600001],[120.365831098,24.2616857950001],[120.347690766,24.265397395],[120.329840598,24.2701379850001],[120.31235065,24.2758889940001],[120.295289578,24.2826278420001],[120.278724406,24.2903280890001],[120.262720249,24.298959519],[120.247339996,24.3084882430001],[120.232644242,24.318876877],[120.218690798,24.3300845950001],[120.205534717,24.342067386],[120.193227894,24.3547781770001],[120.181818967,24.3681670070001],[120.171353065,24.382181248],[120.161871673,24.396765794],[120.153412407,24.4118632440001],[120.146008938,24.4274142140001],[120.139690808,24.443357479],[120.134483299,24.459630266],[120.130407358,24.476168466],[120.1274795,24.492906901],[120.125711707,24.5097795780001],[120.125111434,24.5267199530001],[120.125681502,24.54366119],[120.127420183,24.560536431],[120.130321011,24.5772790120001],[120.134373032,24.593822817],[120.139560698,24.610102473],[120.145863891,24.6260535920001],[120.153258151,24.6416131170001],[120.16171461,24.6567194670001],[120.171200169,24.6713128590001],[120.181677646,24.685335506],[120.193105862,24.6987318750001],[120.205439848,24.711448867],[120.218630978,24.723436102],[120.232627211,24.7346460480001],[120.247373254,24.7450342430001],[120.262810767,24.754559471],[120.278878704,24.7631839470001],[120.295513386,24.7708734290001],[120.312648897,24.777597407],[120.330217285,24.7833291740001],[120.348148825,24.788045966],[120.366372365,24.7917290450001],[120.384815562,24.7943637990001],[120.403405144,24.7959397540001],[120.422067282,24.796450639],[120.440727838,24.7958944320001],[120.441190881,24.795854047],[120.440170116,24.8017660300001],[120.438440062,24.8186424040001],[120.437880622,24.835584091],[120.438494491,24.8525242310001],[120.440279703,24.8693959400001],[120.443229704,24.886132613],[120.44733329,24.9026681070001],[120.452574729,24.918937091],[120.458933728,24.934875236],[120.466385561,24.950419486],[120.474901164,24.9655083530001],[120.484447209,24.980082107],[120.494986249,24.994083027],[120.506476888,25.007455651],[120.518873889,25.0201470110001],[120.532128365,25.0321067730001],[120.546188042,25.0432875270001],[120.560997357,25.0536449320001],[120.576497729,25.0631378840001],[120.58098308,25.06552696],[120.581071121,25.0657099090001],[120.589608848,25.0807922000001],[120.599177519,25.095358578],[120.609739602,25.1093513560001],[120.621253599,25.122715091],[120.63367417,25.135396847],[120.646952402,25.1473463460001],[120.66103583,25.1585161900001],[120.67586884,25.1688620900001],[120.691392754,25.1783430040001],[120.707546129,25.186921296],[120.724264995,25.1945629310001],[120.741483035,25.201237556],[120.759131977,25.206918672],[120.777141791,25.211583724],[120.795440964,25.2152141810001],[120.813956832,25.217795626],[120.832615855,25.219317808],[120.851343897,25.2197746790001],[120.870066575,25.2191644270001],[120.888709489,25.2174894940001],[120.907198564,25.214756519],[120.925460396,25.210976391],[120.943422451,25.206164099],[120.961013451,25.2003387890001],[120.97816358,25.1935235880001],[120.994804842,25.185745567],[121.010871256,25.1770356110001],[121.026299205,25.1674282930001],[121.041027652,25.1569617480001],[121.054998345,25.145677495],[121.068156092,25.1336203000001],[121.080449002,25.1208379710001],[121.091828603,25.107381161],[121.102250171,25.09330322],[121.111672752,25.0786598880001],[121.115826416,25.0711552330001],[121.113193629,25.069552635],[121.107757575,25.068328862],[121.087196353,25.061107636],[121.0627594,25.0499992370001],[121.058319094,25.0472183250001],[121.043319705,25.032497408],[121.03914642,25.0297203050001],[121.031661986,25.022499081],[121.014160153,25.0111084000001],[121.009162904,25.0088882430001],[121.001663205,25.0016632050001]]],[[[121.499324501,25.697245465],[121.480521111,25.696872564],[121.461728634,25.697561896],[121.443020732,25.6993107550001],[121.424470762,25.7021122990001],[121.406151426,25.705955555],[121.388134613,25.7108254730001],[121.370490995,25.7167029710001],[121.353289822,25.723564997],[121.336598653,25.7313846480001],[121.320483086,25.740131256],[121.305006486,25.749770509],[121.290229762,25.7602645850001],[121.276211129,25.7715722900001],[121.263005866,25.783649217],[121.250666087,25.796447933],[121.239240596,25.8099181630001],[121.228774599,25.8240069450001],[121.219309618,25.8386589040001],[121.210883272,25.8538164070001],[121.203529103,25.869419797],[121.197276501,25.8854076690001],[121.192150547,25.901717052],[121.18817191,25.918283708],[121.185356764,25.935042334],[121.18371669,25.951926858],[121.183258671,25.9688706740001],[121.183489402,25.9742504920001],[121.439871133,26.2334519730001],[121.448456642,26.234599761],[121.467283225,26.2360381830001],[121.486173503,26.23641094],[121.505052399,26.235716543],[121.523844887,26.2339577700001],[121.542476284,26.2311416160001],[121.560872581,26.2272793000001],[121.578960708,26.222386158],[121.596668853,26.216481656],[121.613926748,26.209589254],[121.630665937,26.2017363370001],[121.646820073,26.192954108],[121.662325169,26.1832774220001],[121.677119886,26.17274472],[121.691145695,26.161397777],[121.70434725,26.1492816360001],[121.716672453,26.136444339],[121.728072755,26.122936779],[121.738503324,26.10881249],[121.747923206,26.094127422],[121.756295533,26.0789397400001],[121.763587544,26.063309544],[121.769770885,26.0472986890001],[121.774821535,26.0309704910001],[121.778720036,26.0143895040001],[121.78145147,25.997621246],[121.783005568,25.9807319460001],[121.783376703,25.963788274],[121.782563925,25.9468571000001],[121.780570951,25.9300052080001],[121.777406147,25.913299035],[121.773082486,25.896804434],[121.767617464,25.8805863750001],[121.761033086,25.8647087200001],[121.753355694,25.849233966],[121.744615937,25.8342230150001],[121.734848568,25.819734904],[121.724092333,25.80582659],[121.712389865,25.792552749],[121.699787459,25.779965549],[121.686334848,25.768114416],[121.672085106,25.757045905],[121.657094398,25.746803475],[121.641421719,25.737427327],[121.62512871,25.728954269],[121.608279389,25.72141753],[121.590939963,25.714846698],[121.573178483,25.709267552],[121.555064629,25.704701964],[121.536669452,25.7011678590001],[121.518065108,25.698679102],[121.499324501,25.697245465]]]]},"properties":{"OBJECTID":1,"Shape__Area":115581152208.25146,"Shape__Length":5960990.8365675}},{"type":"Feature","id":2,"geometry":{"type":"MultiPolygon","coordinates":[[[[115.864079466121,8.11460902398885],[115.861105631102,8.11071981021106],[115.85812839596,8.10683312010428],[115.855147766983,8.10294896354309],[115.852163752255,8.09906735040234],[115.849176358964,8.09518828966781],[115.846185594295,8.09131179121484],[115.843191465436,8.08743786580843],[115.84019398047,8.0835665206563],[115.837193145687,8.07969776830273],[115.83418897007,8.07583161595589],[115.831181459906,8.07196807438176],[115.828170622382,8.06810715345725],[115.825156465584,8.06424886216996],[115.822138996696,8.0603932112867],[115.819118223806,8.05654020801676],[115.817102542649,8.05397301663539],[115.814076278357,8.05012445027811],[115.811046728926,8.0462785593579],[115.808013903339,8.04243535197432],[115.804977806986,8.03859483889556],[115.80193844885,8.03475702911097],[115.798895836118,8.03092193249982],[115.795849975976,8.02708955894143],[115.79280087651,8.02325991653648],[115.789748544007,8.0194330160543],[115.78669298745,8.01560886737498],[115.783634214026,8.01178747859982],[115.780572230023,8.00796886049887],[115.777507045323,8.00415302206332],[115.774438665315,8.00033997317425],[115.771367098984,7.99652972282324],[115.769317620511,7.99399111545782],[115.766240759509,7.9901855509005],[115.763160731945,7.98638281004619],[115.760077544108,7.98258290366649],[115.75699120588,7.97878583986446],[115.753901723548,7.97499162852261],[115.750809105198,7.97120027863394],[115.747713358015,7.96741180097102],[115.744614490085,7.96362620363769],[115.741512508594,7.95984349740696],[115.738407422526,7.95606369038305],[115.73529923727,7.95228679244967],[115.732187961809,7.94851281260116],[115.729073604229,7.94474176161137],[115.725956171715,7.9409736475853],[115.722835671455,7.93720848040754],[115.720753638036,7.93470001088715],[115.717628042531,7.93093977580442],[115.714499400839,7.92718251274362],[115.711367720147,7.92342823070042],[115.708233008539,7.91967693956026],[115.705095273202,7.91592864742948],[115.70195452222,7.91218336508373],[115.69881076278,7.90844110151938],[115.695664002967,7.90470186573299],[115.692514250866,7.90096566672135],[115.689361514562,7.89723251526097],[115.686205800343,7.89350241856933],[115.68304711809,7.88977538742341],[115.679885473193,7.88605143082066],[115.676720875533,7.88233055864857],[115.673553332298,7.87861277901521],[115.671440003371,7.87613598124186],[115.668267567911,7.87242337741728],[115.665092206638,7.86871389131307],[115.661913928535,7.86500753192765],[115.658732741688,7.86130430825973],[115.655548653282,7.85760423108789],[115.652361671402,7.85390730763141],[115.649171803236,7.85021354866932],[115.645979057765,7.84652296320092],[115.642783443076,7.84283555933589],[115.639584965456,7.83915134696387],[115.636383633888,7.83547033597458],[115.633179455559,7.83179253447825],[115.629972439452,7.82811795236494],[115.626762593651,7.82444659863512],[115.623549924446,7.82077848228924],[115.621406581009,7.81833487374618],[115.618189225293,7.81467217343749],[115.614969067732,7.81101273481166],[115.611746117308,7.8073565668698],[115.608520382108,7.80370367950322],[115.605291868417,7.80005408082339],[115.60206058612,7.79640778072184],[115.598826541502,7.79276478731041],[115.595589743549,7.78912511137101],[115.592350199445,7.78548876012561],[115.589107919073,7.78185574435653],[115.585862907823,7.77822607217608],[115.582615175576,7.77459975169674],[115.579364729518,7.77097679459135],[115.576111578633,7.76735720719251],[115.572855729209,7.76374100028331],[115.570683668429,7.76133207753559],[115.567423341801,7.75772152339819],[115.564160339093,7.75411437316567],[115.560894667489,7.75051063584144],[115.557626336872,7.7469103213193],[115.55435535353,7.74331343682273],[115.551081726447,7.73971999224578],[115.547805463706,7.7361299965925],[115.544526573393,7.73254345886698],[115.541245063593,7.72896038807364],[115.53796094239,7.72538079321688],[115.53467421787,7.72180468241106],[115.531384897218,7.71823206555114],[115.528092990317,7.71466295075175],[115.524798504352,7.711097347908],[115.521501446511,7.70753526513487],[115.51930198442,7.70516250288825],[115.516000660479,7.70160630700997],[115.51269678712,7.69805365551324],[115.509390373325,7.69450455651336],[115.506081426281,7.69095901901602],[115.502769954073,7.68741705291727],[115.499455965683,7.68387866544258],[115.496139469198,7.68034386648817],[115.493927081248,7.67798933158109],[115.490606421969,7.67446053301306],[115.487283276154,7.6709353454983],[115.483957651887,7.66741377893352],[115.480629558151,7.66389584143507],[115.477299002133,7.66038154289988],[115.473965991917,7.65687089055426],[115.470630536487,7.65336389429539],[115.468405545174,7.6510279317592],[115.465066032054,7.64752704760905],[115.46172409528,7.64402984208081],[115.458379743834,7.64053632507216],[115.455032984903,7.63704650380984],[115.45168382747,7.63356038819176],[115.448332278722,7.63007798633519],[115.44497834854,7.62659930724791],[115.441622044111,7.62312435993781],[115.438263374418,7.619653151632],[115.434902346647,7.61618569222899],[115.43153897068,7.6127219907369],[115.428173252805,7.60926205438324],[115.424805202903,7.60580589306669],[115.42143482906,7.60235351490534],[115.41806213936,7.59890492801726],[115.415812396766,7.59660798165001],[115.41243586587,7.59316573396576],[115.409057040677,7.58972730098443],[115.405675930169,7.58629269171486],[115.402292543331,7.58286191427561],[115.398906887348,7.57943497767572],[115.395518971204,7.57601189003389],[115.392128802984,7.57259265946882],[115.38873639167,7.56917729588039],[115.38534174445,7.56576580649699],[115.381944871204,7.5623582003281],[115.37854577912,7.5589544863833],[115.37514447718,7.5555546718912],[115.371740973469,7.5521587667521],[115.368335276072,7.54876677908522],[115.364927393973,7.54537871700999],[115.36265426374,7.54312219385366],[115.359242758735,7.53974069277112],[115.355829091485,7.53636314071332],[115.352413270973,7.53298954490922],[115.348995303488,7.52961991347851],[115.345575199809,7.52625425721264],[115.342152968021,7.52289258155972],[115.338728614413,7.51953489642073],[115.335302150662,7.51618121080625],[115.331873582158,7.51283153194565],[115.328442919681,7.50948586795901],[115.325010170418,7.50614422874763],[115.321575343351,7.50280662154108],[115.318138446566,7.49947305445956],[115.314699489046,7.49614353651404],[115.311258478876,7.49281807493415],[115.308963335427,7.49060335908368],[115.305518923337,7.48728467942428],[115.302072481952,7.48397007778502],[115.298624018459,7.48065956406772],[115.295173541842,7.47735314639302],[115.291721061084,7.47405083288153],[115.288266585167,7.47075263254458],[115.284810121279,7.46745855172156],[115.281351678402,7.46416860031462],[115.277891266418,7.46088278555385],[115.274428891615,7.45760111645087],[115.270964563875,7.45432360023581],[115.26749829218,7.45105024681107],[115.264030083718,7.44778106251622],[115.260559948369,7.44451605636301],[115.25708789332,7.44125523647248],[115.254772128146,7.43908368635633],[115.251296894858,7.43582986132029],[115.247819764328,7.43258024420329],[115.244340747336,7.42933484401733],[115.240859851069,7.42609366710207],[115.237377084509,7.42285672246956],[115.233892455742,7.41962401824112],[115.230405974648,7.41639556253803],[115.226917648415,7.41317136348171],[115.223427486025,7.40995142919355],[115.219935497361,7.40673576690411],[115.216441688709,7.40352438562569],[115.212946070851,7.40031729347976],[115.20944865187,7.39711449680616],[115.205949438954,7.39391600550808],[115.202448442882,7.39072182681619],[115.200113458252,7.38859477425795],[115.196609506723,7.38540780158799],[115.193103795394,7.38222516229098],[115.189596330554,7.37904686537937],[115.186087122084,7.3758729180839],[115.182576178068,7.37270332852633],[115.179063508389,7.36953810482824],[115.175549120233,7.36637725422046],[115.172033023481,7.36322078571559],[115.16851522532,7.36006870654445],[115.164995735631,7.35692102482879],[115.161474563398,7.35377774779946],[115.157951715807,7.35063888446906],[115.154427203637,7.34750444117754],[115.150901033178,7.34437442693763],[115.147373215208,7.34124884987111],[115.145020425071,7.33916760004288],[115.141489878918,7.33604943393785],[115.137957707712,7.33293572577342],[115.134423919539,7.32982648188938],[115.13088852428,7.32672171129855],[115.12735153002,7.32362142212277],[115.123812944843,7.32052562070185],[115.12027277953,7.3174343151576],[115.116731040368,7.31434751450285],[115.113187737239,7.31126522507739],[115.109642879127,7.30818745411202],[115.106096474116,7.3051142115106],[115.102548531189,7.30204550272186],[115.098999059329,7.29898133675858],[115.09544806752,7.29592172085159],[115.091895563846,7.29286666223157],[115.08952639293,7.29083249271783],[115.085971389245,7.28778504732752],[115.08241489795,7.28474218088228],[115.078856927129,7.28170389883069],[115.075297484868,7.27867021107658],[115.071736581947,7.27564112395958],[115.068174225551,7.2726166447103],[115.064610424664,7.2695967823415],[115.062233760002,7.26758610802345],[115.058667572291,7.26457395553338],[115.055099963446,7.26156643890833],[115.051530942449,7.25856356626996],[115.047960518284,7.25556534395764],[115.044388699933,7.25257178098409],[115.040815495482,7.24958288457982],[115.037240914812,7.24659866108406],[115.034857100458,7.24461177823042],[115.031280245254,7.24163536126046],[115.027702036288,7.23866363707416],[115.024122483443,7.235696613793],[115.020541594803,7.23273429953838],[115.016959378453,7.22977670064944],[115.013375845173,7.22682382435641],[115.009791003047,7.22387567967183],[115.006204860161,7.22093227204351],[115.002617426396,7.21799361048392],[114.999028709836,7.21505970044076],[114.995438720364,7.21213055092652],[114.991847465165,7.20920616917118],[114.988254955021,7.20628656151351],[114.984661197116,7.20337173607471],[114.981066201332,7.20046170008461],[114.978668853859,7.19852434001525],[114.97507181351,7.19562230121863],[114.971473559537,7.19272507174447],[114.967874099127,7.18983265793115],[114.964273442161,7.18694506789969],[114.960671597622,7.18406230709718],[114.957068574493,7.18118438453578],[114.953464379961,7.17831130655374],[114.949859025704,7.17544308038055],[114.946252518011,7.17257971324572],[114.94264486766,7.1697212123786],[114.939036081839,7.16686758500857],[114.935426171327,7.1640188383649],[114.931815144209,7.16117497878558],[114.92820300857,7.15833601439107],[114.924589774292,7.15550195151923],[114.922180345376,7.15361530344859],[114.918565300094,7.15078942663803],[114.91494917863,7.14796847033047],[114.911331991764,7.14515244175483],[114.907713747581,7.14234134903131],[114.904094455065,7.13953519671467],[114.900474123197,7.13673399470776],[114.896852760064,7.13393774756521],[114.893230376444,7.13114646429832],[114.889606979525,7.12836015035298],[114.885982579187,7.12557881295769],[114.882357184415,7.12280246023224],[114.87873080419,7.12003109762228],[114.875103446599,7.11726473324748],[114.871475121522,7.11450337344472],[114.867845837044,7.11174702544219],[114.86542578555,7.10991224726169],[114.861794922733,7.10716426703434],[114.858163125667,7.10442131669344],[114.85453040154,7.10168340346697],[114.850896761132,7.09895053369129],[114.847262212526,7.09622271370281],[114.843626764707,7.09349995162065],[114.83999042576,7.09078225378097],[114.836353206463,7.08806962651996],[114.832715114903,7.08536207795649],[114.829076160061,7.08265961264364],[114.825436350921,7.07996223959162],[114.821795696467,7.07726996424481],[114.818154205681,7.07458279293888],[114.814511887547,7.07190073379242],[114.810868751048,7.06922379314095],[114.808439543026,7.06744201227062],[114.804795062647,7.06477361662192],[114.801149787259,7.06211035665973],[114.797503727642,7.05945223961073],[114.793856890982,7.05679927181006],[114.790209286262,7.05415146048429],[114.786560924263,7.05150881107685],[114.78291181217,7.04887133081408],[114.779261959866,7.04623902692228],[114.775611376333,7.04361190573615],[114.771960070554,7.04098997269871],[114.768308051513,7.03837323592751],[114.764655327295,7.0357617008654],[114.761001908679,7.03315537473825],[114.75734780375,7.03055426388025],[114.753693020593,7.02795837462549],[114.751256127484,7.02623068530124],[114.747600235806,7.02364351378469],[114.743943691052,7.02106158016739],[114.740286502207,7.01848489256632],[114.736628678253,7.01591345731504],[114.732970227274,7.01334727985557],[114.729311160052,7.01078636652129],[114.72565148467,7.00823072542871],[114.721991210111,7.00568036112788],[114.71833034536,7.00313528173515],[114.714668899398,7.00059549180025],[114.71100688121,6.99806099854777],[114.707344300676,6.99553180920209],[114.703681165882,6.99300792831268],[114.700017486709,6.9904893639954],[114.696353271241,6.98797612079942],[114.693910167181,6.98630358492722],[114.690245078551,6.98379922681544],[114.686579478779,6.98130020611656],[114.682913375951,6.97880653094602],[114.67924677905,6.97631820763574],[114.675579697957,6.97383524073427],[114.671912141655,6.97135763835668],[114.668244118229,6.96888540505125],[114.66457563756,6.96641854804113],[114.660906708632,6.9639570736577],[114.657237340428,6.9615009873406],[114.653567541931,6.95905029631265],[114.649897322125,6.95660500512147],[114.646226689991,6.95416512098973],[114.642555654514,6.95173065024821],[114.638884225575,6.94930159833583],[114.636436390985,6.94768524367289],[114.632764325141,6.94526523701222],[114.62909188919,6.94285066546745],[114.625419093015,6.9404415344771],[114.621745943802,6.93803785126306],[114.618072453229,6.93563962215527],[114.614398628483,6.93324685170013],[114.610724478547,6.93085954622737],[114.608274869785,6.92927104905607],[114.604600199724,6.92689286575486],[114.600925228728,6.92452016372018],[114.597249966677,6.92215294928135],[114.593574422556,6.91979122787573],[114.589898604448,6.91743500583236],[114.586222523134,6.91508428769653],[114.5825461858,6.91273908068883],[114.5800951577,6.9111786744997],[114.576418416124,6.90884266567906],[114.572741443681,6.90651218248447],[114.569064249355,6.904187232136],[114.565386842127,6.90186782006994],[114.561709230982,6.89955395172255],[114.558031425801,6.89724563252986],[114.554353434669,6.89494286881963],[114.550675267466,6.89264566691941],[114.546996932279,6.89035403226486],[114.543318438989,6.88806796939969],[114.539639797476,6.88578748554288],[114.535961014928,6.88351258612966],[114.532282101226,6.88124327570326],[114.528603066251,6.87897956148227],[114.52492391719,6.87672144890153],[114.522471093358,6.87521915426254],[114.518791777211,6.87297038923113],[114.51511237213,6.87072724033199],[114.511432887997,6.86848971299934],[114.507753332898,6.86625781355915],[114.504073715815,6.86403154655349],[114.50039404663,6.86181091919993],[114.496714334325,6.85959593514836],[114.493034587885,6.85738660072414],[114.489354816292,6.8551829222525],[114.485675028529,6.85298490427481],[114.481995234477,6.85079255311597],[114.478315441325,6.84860587331701],[114.47463565985,6.84642487031061],[114.470955899036,6.84424955131322],[114.467276166969,6.84207991908151],[114.464823033218,6.84063666111018],[114.461143370321,6.83847652216334],[114.457463761323,6.83632208535981],[114.453784214308,6.83417335702342],[114.450104740057,6.83203034169392],[114.446425345756,6.8298930456948],[114.442746041287,6.82776147356553],[114.439066836531,6.82563563073734],[114.435387738674,6.82351552264125],[114.431708758496,6.82140115560018],[114.428029904981,6.81929253326095],[114.424351186214,6.81718966105414],[114.420672611176,6.81509254619415],[114.416994190649,6.81300119143533],[114.413315931819,6.81091560309969],[114.409637845465,6.80883578750923],[114.40718588671,6.80745245169423],[114.403508105784,6.80538226703316],[114.39983052069,6.80331786692032],[114.396153140412,6.80125925856902],[114.392475973933,6.7992064447325],[114.388799031135,6.79715943262369],[114.385122319203,6.7951182267795],[114.381445848918,6.79308283262853],[114.377769629264,6.79105325381529],[114.374093668324,6.78902949755216],[114.37041797598,6.78701156659126],[114.366742560318,6.78499946814459],[114.363067432116,6.78299320585591],[114.35939259946,6.78099278515294],[114.355718070435,6.7789982114631],[114.35204385582,6.77700948842968],[114.349594557876,6.77568692773765],[114.345920886741,6.77370796875046],[114.342247552475,6.77173487489161],[114.338574564959,6.76976765158784],[114.334901934074,6.76780630248149],[114.331229667905,6.76585083299893],[114.327557776333,6.76390124767417],[114.323886267444,6.76195755282535],[114.320215151119,6.76001975120199],[114.316544435442,6.75808785001392],[114.312874130295,6.75616185201029],[114.309204244661,6.75424176261638],[114.305534787524,6.75232758725733],[114.301865767866,6.75041933046591],[114.298197194671,6.74851699677473],[114.294529077821,6.74662059071632],[114.292083923804,6.74535961664475],[114.288416585793,6.74347310143354],[114.284749727482,6.74159252653547],[114.281083357854,6.73971789737438],[114.277417485893,6.7378492184819],[114.273752121481,6.73598649349729],[114.270087271803,6.73412972873596],[114.266422948537,6.7322789278369],[114.262759157973,6.73043409533094],[114.259095910889,6.72859523664082],[114.25543321627,6.72676235540495],[114.251771083097,6.72493545704564],[114.248109519456,6.72311454520091],[114.244448535229,6.72129962529276],[114.240788138499,6.71949070185094],[114.237128340048,6.71768777851277],[114.234688810384,6.71648916552366],[114.231030027029,6.7146962544059],[114.22737186441,6.71290935517221],[114.223714332408,6.71112847324349],[114.220057440007,6.70935361314844],[114.216401196189,6.70758477852327],[114.212745609938,6.70582197478837],[114.209090690237,6.70406520647181],[114.205436445171,6.70231447720922],[114.201782885519,6.70056979242043],[114.198130018469,6.69883115484854],[114.194477853901,6.69709856991296],[114.190826401697,6.69537204214076],[114.187175669942,6.69365157516664],[114.18352566672,6.69193717351717],[114.179876402812,6.69022884171886],[114.177443975229,6.6890933281069],[114.173795961776,6.68739512179411],[114.170148711891,6.68570299710466],[114.16650223276,6.68401695767208],[114.162856534266,6.68233700802193],[114.15921162539,6.68066315178724],[114.155567514219,6.67899539438542],[114.151924211531,6.67733373855695],[114.149495796722,6.67622935948432],[114.145853859473,6.67457788349527],[114.142212754065,6.67293252084759],[114.138572488581,6.67129327517329],[114.134933072904,6.6696601501041],[114.131294516016,6.66803315194821],[114.127656826002,6.66641228255253],[114.124020012744,6.66479754733265],[114.12159596195,6.66372446677746],[114.117960629116,6.66211996394648],[114.114326197291,6.66052160437841],[114.110692673664,6.65892939438042],[114.107060069013,6.65734333579811],[114.103428391423,6.65576343404595],[114.099797649878,6.65418969275366],[114.096167853361,6.65262211644299],[114.092539010854,6.65106070785102],[114.08891113224,6.64950547149912],[114.085284224705,6.6479564110161],[114.081658298129,6.64641353003073],[114.078033361498,6.64487683395593],[114.074409424691,6.64334632463542],[114.070786494896,6.64182200748178],[114.067164581095,6.64030388523055],[114.064750542025,6.6392952477505],[114.061130343108,6.63778745938925],[114.057511185339,6.6362858767933],[114.053893075903,6.63479050358963],[114.05027602648,6.63330134251272],[114.046660043356,6.6318183989738],[114.043045136415,6.63034167570695],[114.039431314638,6.62887117633836],[114.035818587009,6.62740690449391],[114.032206962512,6.62594886469165],[114.028596450129,6.62449705966482],[114.024987058843,6.62305149303867],[114.021378796739,6.62161216933061],[114.017771672802,6.62017909127316],[114.014165696911,6.61875226338327],[114.010560877151,6.61733168750075],[114.008158311364,6.61638811295388],[114.004555439153,6.61497796791333],[114.000953746429,6.61357408484161],[113.997353243973,6.61217646825459],[113.993753938073,6.61078512088338],[113.990155839509,6.60940004724347],[113.986558957263,6.60802125006541],[113.982963298523,6.60664873297195],[113.979368874069,6.60528249869326],[113.975775691085,6.60392255174395],[113.972183759456,6.60256889485369],[113.968593088162,6.60122153164431],[113.96500368529,6.59988046573742],[113.96141556072,6.59854570075441],[113.957828722538,6.59721723853169],[113.954243179726,6.59589508447493],[113.951853541595,6.59501715289989],[113.948270177198,6.59370551762354],[113.944688132426,6.59240019868053],[113.941107414466,6.5911011979063],[113.937528034097,6.58980851981303],[113.933949999405,6.58852216802035],[113.930373318473,6.58724214436299],[113.926798001185,6.58596845335246],[113.923224054725,6.58470109771534],[113.919651490773,6.58344008017803],[113.916080315616,6.582185404359],[113.912510538237,6.58093707298413],[113.908942168519,6.57969509056386],[113.905375215444,6.57845945803883],[113.901809687097,6.57723017991907],[113.898245591563,6.57600725892943],[113.895870329171,6.57519551231276],[113.892308643816,6.57398319348737],[113.888748414631,6.57277723994999],[113.885189651497,6.57157765531711],[113.881632363396,6.57038444142024],[113.878076558413,6.56919760276784],[113.874522245533,6.56801714029843],[113.870969433737,6.56684305941248],[113.867418132009,6.56567536104804],[113.863868348434,6.56451404882029],[113.860320091995,6.56335912545163],[113.856773371675,6.56221059455678],[113.853228196457,6.56106845796527],[113.849684574427,6.55993271929129],[113.846142514567,6.55880338125637],[113.84260202586,6.55768044658177],[113.84024257741,6.55693538259511],[113.836704726157,6.55582312623441],[113.833168469413,6.55471728048961],[113.829633816162,6.55361784897361],[113.826100774489,6.55252483351415],[113.822569352479,6.55143823772359],[113.81903956091,6.55035806342921],[113.815511406072,6.54928431335042],[113.811984898745,6.54821699109896],[113.808460046114,6.54715609850132],[113.804936857163,6.54610163827623],[113.801415341773,6.54505361403472],[113.797895507131,6.54401202671008],[113.79437736222,6.54297687991278],[113.790860916922,6.54194817636066],[113.787346178423,6.54092591877124],[113.785003972237,6.54024799611084],[113.781492098465,6.53923648664097],[113.777981955747,6.53823142948696],[113.774473552167,6.53723282736541],[113.770966896709,6.5362406829928],[113.767461996559,6.5352549981928],[113.763958862496,6.53427577568136],[113.760457502607,6.53330301817416],[113.756957924076,6.53233672838665],[113.753460137685,6.53137690814161],[113.74996414972,6.53042355926145],[113.746469970963,6.52947668535339],[113.742977608599,6.52853628913192],[113.739487072511,6.5276023715263],[113.735998369883,6.52667493525052],[113.732511510599,6.52575398301831],[113.730187965116,6.52514361782191],[113.726704196036,6.5242334780614],[113.723222292757,6.52332982690241],[113.719742263364,6.5224326688428],[113.716264117738,6.52154200570271],[113.712787862167,6.52065783840948],[113.709313507432,6.5197801705677],[113.705841061616,6.51890900399677],[113.703527162243,6.5183318389101],[113.700057916226,6.51747151292374],[113.696590601587,6.51661769276112],[113.693125226411,6.51577038291819],[113.68966180058,6.51492958342818],[113.686200331278,6.51409529789407],[113.682740828389,6.51326752724105],[113.679283299099,6.51244627417905],[113.676979380907,6.51190239442592],[113.67352516101,6.51109200825216],[113.67007293717,6.51028814600229],[113.666622720166,6.50949080770789],[113.663174516286,6.50869999697026],[113.659728335413,6.50791571560538],[113.656284184732,6.50713796453663],[113.652842074126,6.50636674647203],[113.649402011678,6.50560206322685],[113.645964005473,6.50484391661618],[113.642528063598,6.50409230845477],[113.639094195932,6.50334724144973],[113.635662409663,6.50260871652277],[113.632232713773,6.50187673548801],[113.628805116348,6.50115130105169],[113.625379627269,6.50043241413484],[113.623097141981,6.49995679540091],[113.619675183281,6.49924882524423],[113.616255353588,6.49854740803692],[113.612837662784,6.49785254559158],[113.609422118954,6.49716423972058],[113.606008729283,6.49648249045091],[113.602597503654,6.49580730227207],[113.599188450152,6.49513867431803],[113.59578157686,6.49447660929267],[113.592376892763,6.49382110900712],[113.588974405047,6.49317217527221],[113.585574122695,6.4925298098985],[113.58217605469,6.49189401291121],[113.578780209117,6.49126478790558],[113.57538659406,6.49064213490628],[113.571995218504,6.49002605661543],[113.569735548628,6.48961899087856],[113.566347923538,6.489013872869],[113.562962559508,6.48841533320214],[113.559579464622,6.48782337368657],[113.556198647864,6.48723799523817],[113.552820118216,6.48665919877245],[113.549443882866,6.48608698698989],[113.546069950796,6.48552136169811],[113.542698330091,6.48496232291933],[113.539329028836,6.48440987246062],[113.535962056015,6.48386401123633],[113.532597418813,6.48332474194557],[113.529235127113,6.48279206550216],[113.5258751881,6.48226598281961],[113.52251760986,6.48174649481113],[113.519162401375,6.48123360417494],[113.516926916841,6.48089534170586],[113.513575676215,6.4803934476273],[113.510226826905,6.47989815365198],[113.506880376994,6.47940946069185],[113.503536336365,6.47892737055136],[113.500194711306,6.47845188324946],[113.4968555108,6.47798300148256],[113.493518742932,6.47752072526914],[113.490184416684,6.47706505551997],[113.486852539244,6.47661599493069],[113.483523119595,6.47617354351897],[113.480196165821,6.47573770308744],[113.476871686008,6.47530847365317],[113.473549688239,6.47488585701828],[113.470230180601,6.47446985409199],[113.466913172075,6.47406046578323],[113.464703224848,6.47379121513869],[113.46139039798,6.47339285420349],[113.458080091785,6.47300111060591],[113.454772314348,6.47261598525408],[113.451467072854,6.47223747905568],[113.448164376288,6.47186559381078],[113.444864233632,6.4715003295341],[113.441566651175,6.47114168713254],[113.438271638798,6.47078966840542],[113.434979202789,6.47044427336661],[113.431689353029,6.4701055029223],[113.428402096706,6.469773358871],[113.425117441904,6.46944784033323],[113.421835396708,6.46912894999956],[113.418555970101,6.4688166878826],[113.415279169269,6.46851105488716],[113.413096097839,6.46831098201146],[113.409823692464,6.46801639817365],[113.406553933526,6.46772844616676],[113.403286830906,6.46744712510948],[113.400022390893,6.46717243679809],[113.396760623367,6.46690438124341],[113.393501536415,6.46664295934861],[113.390245136324,6.46638817201661],[113.386991432076,6.46614002015002],[113.383740432656,6.46589850286601],[113.380492144352,6.4656636228519],[113.377246576146,6.46543537922437],[113.374003736124,6.465213772885],[113.370763631472,6.46499880473509],[113.367526271173,6.46479047567576],[113.364291663312,6.46458878482258],[113.362136789998,6.46445801304269],[113.358906786003,6.4642673885618],[113.355679555107,6.4640834049855],[113.352455105395,6.46390606142846],[113.349233444952,6.46373535968286],[113.346014581863,6.46357129886277],[113.342798523315,6.46341388075994],[113.339585277391,6.46326310538056],[113.336374853076,6.46311897183793],[113.333167256657,6.46298148281558],[113.329962498017,6.46285063653368],[113.326760583442,6.46272643389004],[113.323561521019,6.46260887578212],[113.320365319729,6.46249796221459],[113.317171986761,6.46239369408441],[113.313981529299,6.46229607050308],[113.311856160253,6.46223467963264],[113.308670514168,6.46214813149796],[113.30548776515,6.46206822881442],[113.302307921284,6.4619949724778],[113.299130990654,6.46192836159835],[113.295956980447,6.46186839796389],[113.292785898748,6.46181507979162],[113.289617753642,6.46176840797621],[113.287507291239,6.46174098615157],[113.284344057222,6.46170539249417],[113.28118378046,6.46167644609061],[113.278026469036,6.46165414604938],[113.274872130137,6.46163849237138],[113.27172077095,6.46162948594982],[113.268572401356,6.46162712678505],[113.265427026746,6.46163141487718],[113.263331779109,6.46163796573226],[113.260191416199,6.46165333109769],[113.257054068934,6.46167534461161],[113.253919747195,6.46170400359526],[113.25078845727,6.46173930983282],[113.247660207243,6.46178126332283],[113.244535005201,6.46182986317104],[113.241412858329,6.46188510937555],[113.238293774711,6.46194700104158],[113.235177762434,6.46201553995187],[113.232064827785,6.46209072431854],[113.228954979748,6.4621725550312],[113.225848225508,6.46226103119404],[113.222744572252,6.462356151911],[113.219644028964,6.46245791896349],[113.216546601932,6.46256632966968],[113.214483386422,6.46264229587813],[113.211391171415,6.46276178111609],[113.208302093325,6.46288791088843],[113.205216160237,6.46302068429754],[113.202133379337,6.46316010133817],[113.19905375871,6.46330616111223],[113.195977305543,6.4634588645066],[113.192904027921,6.46361820973001],[113.189833933029,6.4637841967762],[113.186767028055,6.46395682563861],[113.183703321982,6.46413609541787],[113.1806428202,6.4643220052143],[113.177585532589,6.46451455680574],[113.174531464541,6.46471374661424],[113.171480625038,6.46491957641711],[113.168433021266,6.46513204442109],[113.166403087439,6.46527737793995],[113.163360892423,6.46550090959366],[113.160321954699,6.46573107942556],[113.157286278758,6.46596788474871],[113.154253874481,6.46621132644649],[113.151224748156,6.46646140361663],[113.148198906971,6.46671811535669],[113.145176359009,6.46698146165656],[113.142157111457,6.46725144161329],[113.139141172401,6.46752805432362],[113.136128549027,6.46781129888409],[113.133119248521,6.46810117528347],[113.130113278069,6.46839768261784],[113.127110644859,6.46870081909025],[113.124111356975,6.46901058558138],[113.121115422502,6.46932698029388],[113.119119998354,6.46954159224285],[113.116129666673,6.46986903247543],[113.113142708167,6.47020309911033],[113.110159129122,6.47054379124182],[113.107178936726,6.47089110796387],[113.104202139063,6.47124504837026],[113.101228742422,6.4716056115544],[113.098258754888,6.47197279660958],[113.095292183646,6.47234660262866],[113.092329036783,6.47272702959699],[113.089369320585,6.47311407482184],[113.08641304224,6.47350773828791],[113.083460209833,6.47390801908718],[113.080510829651,6.47431491631122],[113.077564910678,6.47472842905152],[113.074622458303,6.475148554614],[113.072662752968,6.47543231349277],[113.069726096524,6.47586346098372],[113.066792925543,6.47630121946706],[113.063863249907,6.47674558803295],[113.060937074108,6.4771965666639],[113.058014407127,6.4776541526644],[113.055095256153,6.47811834512389],[113.052179628371,6.47858914313154],[113.04926753007,6.47906654666879],[113.046358968437,6.47955055214659],[113.043453952454,6.48004116043848],[113.040552486612,6.48053836884737],[113.037654580795,6.48104217735374],[113.034760239492,6.48155258415263],[113.031869472586,6.48206958833143],[113.028982284568,6.48259318808458],[113.027059485618,6.48294591799114],[113.024178281278,6.48348050704967],[113.021300675589,6.48402168894939],[113.018426676636,6.48456946099136],[113.015556289808,6.48512382315399],[113.012689524988,6.48568477273782],[113.009826386667,6.48625230972078],[113.006966882929,6.48682643140289],[113.004111020962,6.48740713686898],[113.001258807052,6.48799442520372],[112.998410249287,6.48858829370634],[112.995565353952,6.48918874235345],[112.992724129134,6.48979576844384],[112.989886580222,6.49040937016847],[112.9870527153,6.49102954750329],[112.984222541557,6.49165629774628],[112.98233781231,6.49207778284507],[112.979513804603,6.49271548520245],[112.976693506937,6.49335975683154],[112.973876924704,6.49401059592189],[112.971064065987,6.49466800066292],[112.968254937974,6.49533196924363],[112.965449546054,6.49600250074547],[112.962647899211,6.49667959246443],[112.959850002834,6.4973632434814],[112.957055864109,6.49805345198444],[112.954265490224,6.4987502161614],[112.951478887467,6.49945353419983],[112.948696063922,6.50016340517955],[112.945917025877,6.50087982550259],[112.943141779622,6.50160279424832],[112.940370332342,6.5023323104958],[112.938524815456,6.5028222905609],[112.935759714773,6.50356271359482],[112.93299843193,6.50430967869839],[112.930240973215,6.5050631840573],[112.927487345815,6.50582322696434],[112.92473755512,6.50658980560464],[112.921991610112,6.50736291905565],[112.919249515284,6.50814256550199],[112.917423595146,6.50866595694544],[112.91468793495,6.50945648569912],[112.911956142899,6.51025354111836],[112.909228227978,6.51105712227947],[112.906504195575,6.51186722647331],[112.903784051979,6.51268385099066],[112.901067805274,6.51350699490697],[112.898355460852,6.51433665551241],[112.896549403363,6.51489338215616],[112.893843578912,6.5157338996728],[112.89114167471,6.51658092843625],[112.88844369884,6.51743446662837],[112.885749656693,6.51829451243071],[112.883059554556,6.51916106223955],[112.880373400516,6.52003411512847],[112.877691199961,6.52091366838577],[112.875012960078,6.52179972019199],[112.872338687155,6.5226922687275],[112.869668388379,6.52359131038734],[112.867002070038,6.52449684335137],[112.86433973842,6.52540886669161],[112.861681400713,6.52632737680244],[112.859027062304,6.52725237097042],[112.856376731281,6.52818384826693],[112.854612072652,6.52880843336388],[112.851968433178,6.52975070954603],[112.849328818158,6.5306994616191],[112.846693232979,6.531654687761],[112.844061685728,6.53261638525698],[112.841434181794,6.53358455228441],[112.838810727465,6.53455918523562],[112.836191329928,6.53554028228748],[112.833575995471,6.53652784161677],[112.830964730383,6.53752185961501],[112.82835754095,6.53852233445839],[112.825754433463,6.53952926343043],[112.823155415106,6.5405426447069],[112.820560492169,6.54156247467834],[112.817969670041,6.54258875062751],[112.815382956808,6.54362147162193],[112.813660766034,6.54431353076325],[112.811080913234,6.54535698537787],[112.8085051846,6.54640687778999],[112.805933587317,6.54746320438884],[112.803366128573,6.54852596245579],[112.80080281286,6.54959514927211],[112.798243648261,6.55067076301113],[112.795688639268,6.55175280095357],[112.793137793967,6.5528412594875],[112.790591117748,6.55393613678552],[112.788048615999,6.55503742923524],[112.785510296806,6.55614513411637],[112.78297616556,6.55725924960089],[112.780446229445,6.55837977296812],[112.777920492955,6.55950669971212],[112.775398963275,6.56064002889669],[112.7737202833,6.56139913599786],[112.771205778445,6.56254312808396],[112.768695497469,6.56369351356804],[112.766189444863,6.56485029062044],[112.763687628712,6.56601345562649],[112.761190054406,6.5671830058636],[112.758696728232,6.56835893860901],[112.75620765648,6.56954125113976],[112.753722844539,6.57072993984016],[112.751242298697,6.57192500198674],[112.748766026141,6.57312643485581],[112.746294032261,6.57433423483099],[112.743826322446,6.57554840008056],[112.741362903884,6.57676892609525],[112.738903781963,6.57799581015045],[112.736448963871,6.57922905041373],[112.734814811588,6.58005473861929],[112.732367178222,6.58129856382953],[112.729923863057,6.58254873619551],[112.727484874179,6.58380525209919],[112.725050216078,6.58506810792219],[112.722619895044,6.5863373027231],[112.720193917364,6.58761283109837],[112.717772289327,6.58889469032132],[112.715355015423,6.5901828785575],[112.712942103739,6.59147739040263],[112.710533557868,6.59277822491415],[112.708129385893,6.59408537668738],[112.705729593205,6.59539884388689],[112.703334184296,6.59671862289227],[112.700943166352,6.59804470919058],[112.698556545662,6.599377101838],[112.696967911014,6.6002688644277],[112.694588630458,6.60161175772629],[112.692213762426,6.60296094652755],[112.689843313207,6.60431642810213],[112.687477287293,6.60567819972056],[112.685115691869,6.60704625686832],[112.682758532327,6.60842059592311],[112.680405814055,6.60980121504706],[112.678057542444,6.61118810883268],[112.67571372468,6.61258127544166],[112.673374366153,6.61398071035842],[112.671039471354,6.61538640995955],[112.668709047471,6.61679837151369],[112.666383099893,6.61821659139695],[112.664061634908,6.61964106509286],[112.66174465611,6.62107179076181],[112.660202500296,6.62202907848854],[112.657893014345,6.62347021328168],[112.655588031649,6.62491759008444],[112.653287557598,6.62637120437934],[112.650991596682,6.62783105254103],[112.648700156987,6.62929713094396],[112.646413242107,6.63076943596229],[112.644130858328,6.63224796486238],[112.641853011941,6.63373271223333],[112.639579708333,6.63522367534105],[112.637310951998,6.63672085055892],[112.635046749222,6.63822423425996],[112.632787106295,6.63973382192484],[112.630532027708,6.64124960992628],[112.628281520648,6.64277159463674],[112.626035588707,6.64429977242848],[112.624540845075,6.6453219962118],[112.622302552408,6.64686048794173],[112.620068850131,6.648405160996],[112.617839743636,6.64995601353059],[112.615615239209,6.6515130410245],[112.613395342242,6.65307623984878],[112.611180057226,6.65464560548207],[112.608969391346,6.65622113429493],[112.607498181778,6.65727490851538],[112.605295224342,6.65886070053443],[112.603096899518,6.66045264486406],[112.600903213594,6.6620507387664],[112.598714170164,6.66365497593435],[112.596529776413,6.66526535452181],[112.594350035936,6.6668818700058],[112.592174955918,6.66850451786308],[112.590727494213,6.66958968756531],[112.588560191809,6.67122254698401],[112.586397563339,6.67286152790275],[112.584239614194,6.67450662668979],[112.582086350662,6.67615783882095],[112.579937776335,6.67781516066409],[112.577793896603,6.67947858680243],[112.575654718654,6.68114811449559],[112.573520245183,6.68282373921865],[112.571390483374,6.68450545555415],[112.56926543862,6.68619326076115],[112.567145114512,6.68788715031405],[112.565029517339,6.68958711968707],[112.562918652491,6.69129316435425],[112.56081252446,6.69300528068159],[112.558711139533,6.69472346414268],[112.557312853403,6.6958722885965],[112.555219383532,6.69760057398719],[112.553130669343,6.69933491473772],[112.551046718021,6.70107530721314],[112.548967532261,6.70282174688618],[112.546893118353,6.70457422833714],[112.544823480786,6.70633274793051],[112.542758624952,6.70809730113839],[112.540698557139,6.70986788432487],[112.538643280939,6.71164449206944],[112.536592801743,6.71342711984371],[112.534547124042,6.71521576401108],[112.532506254124,6.71701041915061],[112.53047019738,6.71881108073319],[112.528438956504,6.72061774601388],[112.526412538683,6.72243040778681],[112.525064275239,6.72364217942714],[112.523045905424,6.72546482895553],[112.521032371241,6.72729346319411],[112.519023678079,6.72912807939698],[112.517019830429,6.73096867124955],[112.515020832783,6.73281523600557],[112.513026690532,6.73466776735006],[112.511037409064,6.73652626164429],[112.509052991974,6.73839071435708],[112.507073446448,6.74026112006515],[112.505098774282,6.742137474237],[112.503128983561,6.74401977323309],[112.501164076981,6.74590801073736],[112.49920405993,6.74780218221783],[112.497248936901,6.74970228492646],[112.495298713284,6.75160831165457],[112.494001289096,6.75288228583865],[112.492059241944,6.75479817714874],[112.490122106781,6.75671998068845],[112.488189888097,6.75864769192473],[112.486262591282,6.76058130543221],[112.484340220829,6.76252081756961],[112.482422782126,6.76446622201915],[112.480510278768,6.76641751424706],[112.478602715245,6.7683746897194],[112.476700097846,6.77033774390198],[112.474802430165,6.7723066704764],[112.47290971759,6.77428146669225],[112.471021963716,6.7762621253387],[112.469139173933,6.77824864277299],[112.467261353629,6.78024101356801],[112.465388505501,6.78223923318855],[112.464142705695,6.78357462643474],[112.462278157101,6.78558258292883],[112.460418593259,6.78759637377496],[112.458564020457,6.78961599443725],[112.456714442287,6.79164144127177],[112.454869863242,6.7936727070662],[112.453030287814,6.79570978817621],[112.451195720493,6.79775267917324],[112.449366166669,6.79980137462855],[112.447541629937,6.80185587000533],[112.445722115685,6.80391615898247],[112.443907627507,6.80598223791474],[112.442098169895,6.80805410048074],[112.440293748238,6.810131742143],[112.438494365232,6.81221515657974],[112.436700028063,6.81430434014506],[112.435506607225,6.8157003319419],[112.433720685473,6.81779911746538],[112.431939820338,6.81990365852892],[112.430164015413,6.82201394791812],[112.428393276088,6.82412998109429],[112.426627605058,6.82625175351862],[112.424867007712,6.82837925886817],[112.423111488543,6.83051249171182],[112.421361051143,6.83265144751026],[112.419615700903,6.83479612083202],[112.417875440517,6.83694650535362],[112.416140275375,6.83910259742714],[112.41441020997,6.8412643898368],[112.412685248791,6.84343187804247],[112.410965394536,6.84560505661195],[112.40925065349,6.84778391922092],[112.408110333865,6.84923965026948],[112.406404122324,6.85142797628639],[112.404703033874,6.85362197185574],[112.403007073008,6.85582163332838],[112.401316243319,6.85802695259552],[112.399630550197,6.86023792600771],[112.397949997235,6.86245454813154],[112.396274588026,6.8646768126416],[112.39460432796,6.86690471321235],[112.392939219733,6.86913824619363],[112.391279268733,6.87137740525963],[112.389624477657,6.87362218408428],[112.387974852792,6.87587257723335],[112.386330395934,6.87812858016424],[112.384691111576,6.88039018565865],[112.383057005107,6.88265738917375],[112.381970478398,6.88417196498289],[112.380345008333,6.88644848526574],[112.378724726936,6.88873058818406],[112.377109636005,6.89101826830262],[112.375499741829,6.89331151840239],[112.373895047101,6.89561033483147],[112.372295555415,6.89791471037049],[112.370701272161,6.90022463958368],[112.36964131133,6.9017676747523],[112.368055715683,6.90408684830636],[112.36647533835,6.90641155925478],[112.364900182923,6.90874180305298],[112.363330252997,6.91107757337273],[112.361765552163,6.91341886388563],[112.360206085813,6.91576567004672],[112.358651856641,6.91811798552731],[112.3576186153,6.91968925287194],[112.356073124041,6.92205073757762],[112.354532879841,6.92441771442849],[112.352997887192,6.92679017887896],[112.351468149688,6.92916812549153],[112.349943670922,6.931551547045],[112.348424455385,6.93394043810167],[112.346910505772,6.93633479322354],[112.345401826575,6.93873460518918],[112.343898421387,6.94113986945218],[112.342400293801,6.94355057879069],[112.34090744741,6.9459667277664],[112.339419886707,6.94838831004896],[112.337937613488,6.95081532019971],[112.33646063404,6.95324775099644],[112.334988949263,6.95568559789195],[112.334010771055,6.95731383458779],[112.332547921209,6.95976069236367],[112.331090377711,6.96221294995048],[112.329638143257,6.9646705992338],[112.328191221439,6.96713363655747],[112.32674961585,6.96960205291515],[112.325313330085,6.97207584465044],[112.323882368635,6.97455500364845],[112.322456733296,6.97703952536088],[112.321036429458,6.9795294025643],[112.319621458918,6.98202462892683],[112.318211826167,6.98452519811645],[112.3168075348,6.98703110469274],[112.315408587509,6.98954234232348],[112.31401498789,6.99205890378469],[112.312626739535,6.99458078274394],[112.311704215552,6.99626498712634],[112.310324894654,6.99879571678852],[112.308950934003,7.00133174676456],[112.307582336295,7.00387307161318],[112.306219106919,7.00641968500144],[112.304861247671,7.00897158059634],[112.303508762146,7.01152875206468],[112.302161654834,7.01409119307323],[112.300819927532,7.01665889639706],[112.299483583834,7.01923185659425],[112.298152627333,7.02181006643965],[112.296827061621,7.02439351959966],[112.295506890293,7.02698221063205],[112.294192115145,7.02957613231139],[112.292882740669,7.03217527741213],[112.291578769558,7.03477964049178],[112.290712459451,7.03651877850324],[112.289417501138,7.03913182314786],[112.288127955175,7.04175006769134],[112.286843824256,7.04437350669083],[112.285565111975,7.04700213202873],[112.284291821925,7.04963593826198],[112.283023955902,7.05227491905587],[112.281761517501,7.05491906629256],[112.280504510314,7.0575683745287],[112.279252937036,7.06022283653779],[112.27800680126,7.06288244598481],[112.276766105682,7.06554719653452],[112.275530852996,7.06821708096026],[112.274301046796,7.07089209292666],[112.273076689776,7.07357222609831],[112.27185778553,7.07625747235675],[112.271048213016,7.07805047490663],[112.269838402415,7.08074422998686],[112.268634052674,7.08344308096162],[112.267435165587,7.08614702149514],[112.266241745647,7.08885604435999],[112.265053794651,7.09157014322029],[112.263871315293,7.09428931173992],[112.262694311167,7.09701354090842],[112.261522785865,7.09974282617248],[112.260356740287,7.10247716030435],[112.259196178924,7.10521653607617],[112.25804110447,7.10796094626016],[112.256891519621,7.11071038451976],[112.255747427072,7.11346484362691],[112.254608829518,7.11622431724498],[112.253475729652,7.11898879814582],[112.252723385212,7.12083456382136],[112.251599455349,7.12360737452691],[112.250481030363,7.12638517353691],[112.249368113846,7.12916795540576],[112.248260707594,7.13195571201364],[112.2471588161,7.13474843613199],[112.246062440262,7.13754612053223],[112.244971582775,7.14034875976846],[112.24388624813,7.14315634572057],[112.242806437226,7.14596887205116],[112.241732153656,7.14878633064002],[112.240663400115,7.15160871514964],[112.239600178399,7.15443601835105],[112.238542491204,7.15726823301523],[112.23749034302,7.16010535191316],[112.236443733849,7.16294736870698],[112.235749073827,7.16484476470205],[112.234711704726,7.16769492779863],[112.233679881825,7.17054996981028],[112.232653609613,7.17340988261644],[112.23163288899,7.17627466077026],[112.230617722651,7.17914429525981],[112.229608114188,7.18201877885561],[112.2286040645,7.18489810611067],[112.227605578078,7.18778226890416],[112.226612654923,7.1906712591152],[112.225625299526,7.19356507040546],[112.224643513684,7.19646369554513],[112.223667299194,7.19936712819577],[112.222696659648,7.20227535845384],[112.221731596843,7.20518838176324],[112.220772112576,7.2081061891116],[112.220135557383,7.21005404948294],[112.219185376968,7.21297981515332],[112.218240782277,7.21591034587995],[112.217301774208,7.21884563532387],[112.216368357255,7.22178567447274],[112.215440532313,7.22473045698756],[112.21451830208,7.22767997563827],[112.21360166835,7.23063422230347],[112.212993689464,7.23260634304151],[112.212086389231,7.23556845405984],[112.21118469179,7.2385352741091],[112.210288599836,7.24150679417669],[112.209398114268,7.24448300970574],[112.208513238679,7.24746391079243],[112.207633974865,7.25044949020646],[112.206760324624,7.25343974160845],[112.206181011877,7.25543583447742],[112.205316722979,7.25843385447818],[112.204458053043,7.26143652659161],[112.203605005663,7.26444384269611],[112.202757581736,7.26745579556112],[112.201915783958,7.27047237706498],[112.201079614126,7.27349357908603],[112.200249074035,7.27651939617585],[112.199424166381,7.27954981843055],[112.19860489296,7.2825848404017],[112.197791255569,7.28562445218534],[112.196983256006,7.28866864833297],[112.196180896964,7.29171742072282],[112.195384179342,7.29477076034209],[112.194593106733,7.29782866085109],[112.193807679137,7.30089111501909],[112.193287198855,7.30293527623785],[112.192511186502,7.30600530119504],[112.191740824552,7.30907985815305],[112.190976116598,7.31215893988122],[112.190217062641,7.31524253914863],[112.189463666273,7.31833064783352],[112.188715928394,7.32142325870508],[112.187973850799,7.32452036275051],[112.187237436183,7.32762195273897],[112.186506685446,7.3307280214396],[112.185781600383,7.33383856162163],[112.185062182791,7.33695356427226],[112.184348435365,7.34007302126965],[112.183640359003,7.34319692627394],[112.182937956401,7.34632527027239],[112.182241227559,7.34945804692512],[112.181779895948,7.35154902208063],[112.18109262906,7.35468916725412],[112.18041104222,7.35783372253289],[112.179735135427,7.36098268068607],[112.179064912275,7.36413603448291],[112.178400372763,7.36729377491067],[112.177741519588,7.3704558947386],[112.177088354545,7.37362238584502],[112.176440878533,7.37679324010818],[112.175799092449,7.3799684502973],[112.175162999888,7.38314800829077],[112.174532600849,7.38633190507606],[112.173907897129,7.38952013431328],[112.173288890525,7.39271268609913],[112.172675582833,7.39590955498453],[112.172067974951,7.39911073106631],[112.171666070489,7.40124723723142],[112.171067965885,7.40445557511373],[112.170475565583,7.40766819853504],[112.169888871379,7.41088510115552],[112.169307883274,7.41410627396292],[112.168732603963,7.41733170883586],[112.168163035242,7.4205613976529],[112.167599177111,7.42379533229273],[112.167041031367,7.42703350552476],[112.166488599807,7.430275908337],[112.165941883328,7.43352253349893],[112.165400884626,7.43677337199856],[112.164865602803,7.44002841571465],[112.164336040553,7.44328765741686],[112.163812199673,7.44655108809333],[112.163294080164,7.44981869962294],[112.162951847193,7.45199942629206],[112.162443267792,7.45527398845737],[112.161940413353,7.45855270981983],[112.161443284777,7.46183558314915],[112.160951884757,7.46512259854315],[112.160466214192,7.46841374877157],[112.159986273082,7.47170902571365],[112.159512064121,7.47500842035796],[112.159043587311,7.47831192547441],[112.158580844447,7.48161953205176],[112.158123836427,7.48493123196933],[112.157672564151,7.4882470179972],[112.157227029414,7.49156688023355],[112.156787233116,7.49489081055793],[112.156353175256,7.49821880174061],[112.155924858528,7.50155084566113],[112.155642503661,7.50377445479628],[112.155223756687,7.50711323285986],[112.154810751743,7.51045604022607],[112.154403492424,7.51380286966536],[112.154001977831,7.51715371216701],[112.153606208863,7.52050855872041],[112.153216187317,7.52386740209618],[112.152831914089,7.52723023328382],[112.15245339008,7.53059704416341],[112.152080616186,7.53396782572469],[112.151713592409,7.53734257073841],[112.151352321443,7.54072126930385],[112.150996802389,7.54410391330145],[112.150647037943,7.54749049550214],[112.150303027207,7.55088100600545],[112.149964771977,7.5542754375825],[112.149742465893,7.55654056544145],[112.14941380467,7.55994151202066],[112.14909090075,7.56334635624119],[112.148773755928,7.56675508909349],[112.148462369308,7.57016770334899],[112.148156742686,7.57358418999823],[112.147856876959,7.57700454003177],[112.147562772128,7.58042874533088],[112.14727442999,7.5838567968863],[112.146991850544,7.58728868746986],[112.14671503469,7.59072440629162],[112.146443982426,7.59416394701396],[112.146178695549,7.59760729973759],[112.145919173162,7.60105445545376],[112.145665417959,7.60450540693463],[112.145417429041,7.60796014517166],[112.145255307387,7.61026540324616],[112.145016931342,7.61372643203208],[112.144784323379,7.61719122503575],[112.144557484396,7.62065977324892],[112.144336415293,7.62413206677311],[112.144121116069,7.62760809749061],[112.143911587622,7.63108785817431],[112.143707829953,7.63457133803561],[112.143575197294,7.63689572083685],[112.143381059683,7.640385381289],[112.143192693748,7.64387873927267],[112.143010101285,7.64737578489007],[112.142833281396,7.65087651002423],[112.142662235878,7.65438090655822],[112.142496963832,7.65788896459458],[112.142337467055,7.66140067512636],[112.142234344054,7.66374384113141],[112.142084471827,7.66726162141545],[112.141940375767,7.6707830307703],[112.141802055874,7.67430806196988],[112.141669512149,7.67783670511748],[112.141542744591,7.68136895120673],[112.141421754099,7.68490479212164],[112.141306540672,7.68844421885601],[112.141197105209,7.69198722240394],[112.141093446812,7.69553379375947],[112.140995567277,7.69908392391685],[112.140903465706,7.70263760476069],[112.140817142098,7.70619482728539],[112.140736598252,7.70975558248563],[112.140661832369,7.71331986046591],[112.140592846247,7.71688765400148],[112.140550065778,7.71926813062045],[112.14049071229,7.72284176241462],[112.140437137665,7.72641888456409],[112.140389341902,7.7299994889543],[112.140347326798,7.73358356658078],[112.140311091454,7.73717110843909],[112.14028063677,7.74076210552499],[112.140255960947,7.74435654883433],[112.140237065783,7.74795442936308],[112.140223951279,7.75155573810744],[112.140216616534,7.75516046606365],[112.140215061551,7.75876860511825],[112.140219287226,7.76238014448758],[112.140229292661,7.76599507694859],[112.140245078756,7.76961339171791],[112.140266644611,7.77323508157266],[112.140284233624,7.77565141162692],[112.140315433012,7.77927870473881],[112.140352412161,7.78290934863214],[112.140395171968,7.78654333252433],[112.140443710638,7.79018064919318],[112.140498029967,7.79382128874645],[112.140558128158,7.79746524218213],[112.140624005211,7.80111249960837],[112.140695662024,7.80476305380345],[112.140773098598,7.80841689398581],[112.140856313136,7.81207401115404],[112.140945306537,7.81573439719692],[112.141040077901,7.81939804222332],[112.141140628127,7.82306493723241],[112.141246955419,7.82673507322334],[112.141359060675,7.83040844119556],[112.141437007492,7.83285914382703],[112.14155874179,7.83653787744494],[112.141686253153,7.84021981785677],[112.141819540683,7.84390495695237],[112.14195860438,7.847593284842],[112.142103445144,7.85128479163615],[112.142254060277,7.85497947011508],[112.14241045068,7.85867730860977],[112.142572616352,7.86237829990088],[112.142740556394,7.8660824340995],[112.142914269909,7.86978970131703],[112.143093756896,7.87350009344457],[112.143279017355,7.87721360059397],[112.143470050389,7.88093021287696],[112.143666855996,7.88464992218537],[112.143869432381,7.88837271863144],[112.14400769029,7.89085629380359],[112.144219885834,7.89458421479207],[112.144437851258,7.89831519862801],[112.144661586561,7.90204923542434],[112.144891091743,7.90578631618399],[112.145126365008,7.90952643102032],[112.145367406355,7.9132695718264],[112.145614214886,7.91701572782617],[112.145866790601,7.92076489091304],[112.146125132602,7.92451705031145],[112.146389240889,7.92827219791518],[112.146659113665,7.93203032472844],[112.146934750032,7.93579141997625],[112.147216150888,7.93955547466323],[112.147503314436,7.94332248068398],[112.147796239779,7.94709242637439],[112.147994725236,7.94960735314289],[112.148297252671,7.95338218056811],[112.148605541002,7.95715992338085],[112.148919588432,7.96094057258683],[112.149239394961,7.96472411830245],[112.149564958793,7.96851055242346],[112.149896280826,7.97229986417697],[112.150233358365,7.97609204456954],[112.15057619141,7.97988708460797],[112.150924779063,7.98368497440962],[112.151279121323,7.9874857040921],[112.151639215497,7.99128926555239],[112.152005062481,7.99509564712936],[112.152376659581,7.99890484072044],[112.152754007696,8.00271683733364],[112.153137105029,8.00653162619808],[112.153395696761,8.00907636632063],[112.153788373728,8.01289578885731],[112.154186798116,8.01671797937184],[112.154590967231,8.02054292798367],[112.15500088197,8.02437062392313],[112.155416539638,8.02820105997867],[112.155837940236,8.03203422449153],[112.156265082866,8.03587010936111],[112.15669796573,8.03970870470807],[112.157136588828,8.04354999976388],[112.157580949467,8.04739398642863],[112.158031048543,8.05124065482368],[112.158486882464,8.05508999507063],[112.158948452129,8.05894199729133],[112.159415756638,8.06279665249737],[112.159888793297,8.066653950811],[112.160207334998,8.06922694701863],[112.160689923444,8.07308862925369],[112.161178242242,8.0769529285536],[112.161672288699,8.08081983682037],[112.162172062814,8.08468934239871],[112.162677563689,8.08856143630167],[112.163188788629,8.09243610954262],[112.163705736736,8.09631335224581],[112.164053548244,8.09889960370105],[112.164580032866,8.1027811064016],[112.165112237959,8.10666515341595],[112.165650161728,8.11055173397984],[112.166193803273,8.11444083910805],[112.1667431599,8.11833245803688],[112.167298232508,8.12222658178153],[112.167859017502,8.12612320135749],[112.168236047613,8.12872232824183],[112.168806352953,8.1326230848049],[112.169382367086,8.13652630938817],[112.169964089114,8.14043199389727],[112.170551519038,8.14434012845958],[112.171144653264,8.14825070320272],[112.171743491792,8.15216370736537],[112.172348032826,8.15607913285415],[112.172958274568,8.15999696890827],[112.17357421612,8.16391720565649],[112.174195855687,8.16783983322771],[112.174823191471,8.17176484352967],[112.175456221675,8.17569222491341],[112.176094945401,8.17962196750876],[112.176739360854,8.18355406322415],[112.177389466235,8.18748850041161],[112.177826030395,8.19011275585275],[112.178485615697,8.1940510751425],[112.179150886437,8.19799171166123],[112.179821841716,8.20193465376206],[112.180498479738,8.20587989335482],[112.181180797807,8.20982741879324],[112.181868795923,8.2137772219877],[112.182562470494,8.21772929129256],[112.183261821519,8.22168361861871],[112.183966846304,8.22564019321017],[112.184677543051,8.22959900520023],[112.185393910862,8.23356004472256],[112.186115947043,8.23752330280013],[112.186843650695,8.24148876778903],[112.187577019124,8.24545643160191],[112.188316050531,8.2494262834845],[112.188811883737,8.25207406231549],[112.189560351049,8.25604753975046],[112.19031447595,8.26002317835671],[112.191074257543,8.2640009691591],[112.19183969403,8.26798090229379],[112.192610782717,8.27196296789727],[112.193387522706,8.27594715521734],[112.194169912199,8.27993345528001],[112.194957948502,8.28392185733373],[112.195751629819,8.28791235240513],[112.196550954352,8.29190492974325],[112.197355920305,8.29589957948634],[112.198166524983,8.29989629266196],[112.198982767488,8.30389505763117],[112.199804644226,8.30789586631098],[112.200632155198,8.31189870706313],[112.201186957412,8.31456839240358],[112.202023852185,8.31857459961189],[112.202866374005,8.32258281289572],[112.203714521974,8.32659302239583],[112.204568294295,8.33060521914194],[112.205427686476,8.33461939149768],[112.206292699416,8.33863552960472],[112.207163328623,8.34265362538259],[112.208039573199,8.34667366719592],[112.208921430449,8.35069564518726],[112.209808897678,8.35471954949951],[112.210701973987,8.35874537027586],[112.21160065758,8.3627730967711],[112.212504943966,8.36680272001789],[112.213414832246,8.37083423016031],[112.214330320623,8.37486761645419],[112.214943755876,8.37755757797996],[112.215868571461,8.38159406909518],[112.216798980856,8.38563240948961],[112.217734982263,8.38967258930905],[112.218676571191,8.39371459869948],[112.21962374764,8.39775842780726],[112.220576508017,8.40180406589044],[112.221534850525,8.40585150309609],[112.222498772469,8.40990072957153],[112.223468271154,8.41395173546449],[112.224443345683,8.41800451092309],[112.225423991563,8.42205904431833],[112.226410207896,8.42611532757627],[112.227401991987,8.43017334906876],[112.228399341141,8.43423309894514],[112.229402251765,8.43829456824385],[112.230073949053,8.44100316401259],[112.231086125799,8.44506747574432],[112.232103858626,8.44913347826314],[112.233127145735,8.45320116260868],[112.234155982637,8.45727051804366],[112.235190368432,8.46134153560844],[112.236230300426,8.46541420456647],[112.237275775923,8.46948851418168],[112.238326791331,8.47356445460682],[112.239383344852,8.47764201599504],[112.240445434691,8.48172118849979],[112.241513057253,8.48580196227488],[112.242586209845,8.48988432569751],[112.24366488977,8.49396826892226],[112.244749095232,8.49805378299252],[112.245838822639,8.50214085717505],[112.246568374125,8.50486643456104],[112.247667299382,8.50895608626473],[112.248771739396,8.51304727123752],[112.249881692372,8.51713997785911],[112.250997154714,8.5212341980633],[112.25211812373,8.52532992023058],[112.253244596723,8.52942713451864],[112.254376570999,8.53352583108555],[112.255514044761,8.53762600008962],[112.256657013518,8.54172762991299],[112.257805474575,8.54583071160311],[112.258959427032,8.5499352353195],[112.260118865502,8.55404118944536],[112.261283789084,8.558148564141],[112.262454194186,8.56225735045532],[112.263630077215,8.56636753677271],[112.264417041828,8.56910843428907],[112.265602049943,8.57322093247631],[112.266792528799,8.5773348029507],[112.267988474801,8.58145003765117],[112.269189887052,8.58556662496396],[112.270396760162,8.58968455505217],[112.271609093232,8.59380381719108],[112.27282688177,8.59792440154464],[112.273641770514,8.6006721866864],[112.274868645511,8.60479495238061],[112.276100968791,8.60891901258138],[112.27733873676,8.61304435745403],[112.278581946723,8.61717097627609],[112.279830595984,8.62129886010177],[112.281084680054,8.62542799732125],[112.282344197134,8.62955837810139],[112.283186892329,8.63231265128852],[112.284455456342,8.63644508291806],[112.285729445281,8.6405787295201],[112.287008855553,8.64471358303919],[112.288293683565,8.64884963186781],[112.289583926621,8.65298686706308],[112.290879581128,8.65712527701835],[112.292180644392,8.6612648510154],[112.293487112819,8.66540558100064],[112.294798982815,8.66954745448055],[112.296116252585,8.67369046251427],[112.297438916738,8.67783459438522],[112.298766973477,8.68197984026523],[112.300100420109,8.68612618943854],[112.301439251242,8.69027363118981],[112.30278346508,8.69442215569216],[112.303682596933,8.69718843447053],[112.305035774161,8.70133874093212],[112.306394325111,8.70549010246162],[112.307758246191,8.70964250834566],[112.309127533805,8.71379594964714],[112.31050218526,8.7179504147655],[112.311882196064,8.72210589387661],[112.313267564421,8.72626237715661],[112.31465828494,8.73041985300629],[112.316054356723,8.73457831249059],[112.317455773482,8.73873774489901],[112.31886253342,8.74289813952149],[112.320274632944,8.74705948653636],[112.321692068461,8.75122177523436],[112.323114837276,8.75538499579459],[112.324542933999,8.75954913662088],[112.325497957232,8.76232573759413],[112.326934927514,8.76649139165743],[112.328377217618,8.77065793920898],[112.329824823952,8.774825369542],[112.331277742025,8.77899367283797],[112.332735969141,8.7831628392788],[112.334199501707,8.78733285727118],[112.335668335231,8.79150371788566],[112.337142467019,8.79567540952987],[112.338621893477,8.79984792238741],[112.340106610114,8.80402124664224],[112.341596614235,8.8081953715911],[112.343091901348,8.81237028653111],[112.34459246786,8.81654598075984],[112.346098310177,8.82072244535076],[112.347609425606,8.82489966871462],[112.348619762602,8.82768490067802],[112.350139656367,8.831863366067],[112.351664812464,8.836042563469],[112.353195226399,8.84022248129639],[112.354730895479,8.84440311062505],[112.356271815212,8.84858443986828],[112.357817982004,8.85276645921514],[112.359369393161,8.8569491588551],[112.360926042394,8.86113252720285],[112.362487927907,8.86531655444876],[112.364055045209,8.86950123078365],[112.365627390705,8.87368654551115],[112.367204959006,8.87787248793535],[112.368787748316,8.88205904736081],[112.370375754143,8.88624621398012],[112.371968971995,8.89043397798628],[112.373034011002,8.89322614640292],[112.374635907478,8.89741488140186],[112.3762430052,8.90160418615856],[112.377855301472,8.90579404909267],[112.379472790904,8.9099844603993],[112.381095470803,8.91417540938644],[112.382723335777,8.91836688625011],[112.384356383132,8.92255887941178],[112.385994608376,8.92675137995579],[112.387638007018,8.930944377192],[112.389286575464,8.93513786043076],[112.390940310122,8.93933181898287],[112.392599205601,8.943526243047],[112.394263259206,8.94772112104746],[112.395932465548,8.95191644407128],[112.397606821932,8.95611220143108],[112.39872591796,8.95890960935319],[112.400408846068,8.96310606685787],[112.402096913437,8.96730293020124],[112.403790114678,8.97150019047234],[112.4054884453,8.97569783609861],[112.407191901709,8.97989585639545],[112.408900480311,8.98409424156586],[112.410614175717,8.98829298092613],[112.412332983436,8.99249206468028],[112.414056900772,8.99669148214543],[112.415785922335,9.00089122263927],[112.417520044533,9.00509127636717],[112.419259261974,9.00929163176047],[112.421003571966,9.01349227902557],[112.422752969116,9.01769320836915],[112.424507448935,9.0218944091113],[112.425679923755,9.02469535455055],[112.427442865704,9.02889698389162],[112.42921087954,9.0330988570408],[112.430983960773,9.03730096331988],[112.432762104013,9.04150329116398],[112.434545306564,9.04570583255725],[112.436333562139,9.04990857504865],[112.438126868043,9.05411150884902],[112.439925218885,9.05831462416963],[112.441728610174,9.06251791033515],[112.443537037418,9.0667213566707],[112.445350497025,9.07092495250194],[112.447168983604,9.07512868804203],[112.448992493562,9.07933255261758],[112.45082102151,9.08353653555563],[112.452654562955,9.08774062707085],[112.453879706899,9.09054340923967],[112.455721595489,9.09474765800157],[112.457568485001,9.09895198777015],[112.459420371841,9.1031563869878],[112.461277251517,9.10736084587129],[112.463139118639,9.111565354638],[112.465005969615,9.11576990261868],[112.466877799952,9.1199744782577],[112.468128449762,9.12277753901113],[112.470008567058,9.12698213940573],[112.471893651139,9.13118674078511],[112.473783697514,9.13539133248236],[112.475678699894,9.1395959038311],[112.477578655584,9.14380044505237],[112.479483559195,9.1480049454807],[112.481393405337,9.15220939445118],[112.482669380451,9.15501232749712],[112.484587454263,9.15921666789295],[112.486510458927,9.16342093016733],[112.488438389952,9.16762510277024],[112.490371241948,9.17182917592594],[112.492309009526,9.1760331380855],[112.494251689091,9.18023698036096],[112.496199275255,9.18444069209122],[112.498151762627,9.18864426172883],[112.500109147613,9.19284768038727],[112.502071424825,9.19705093740696],[112.504038588872,9.20125402124192],[112.50601063616,9.20545692212039],[112.507987560403,9.20965963027094],[112.509969358006,9.21386213503604],[112.511956023579,9.21806442487177],[112.513283168529,9.22086582787781],[112.515277936007,9.22506773818148],[112.517277557982,9.2292694077995],[112.519282030859,9.23347082430311],[112.521291347453,9.23767197881103],[112.523305504169,9.24187286066894],[112.525324496516,9.24607345922314],[112.527348318206,9.25027376382033],[112.529376964747,9.25447376469448],[112.531410431649,9.25867345207992],[112.53344871352,9.26287281355177],[112.535491805869,9.26707184023197],[112.537539702409,9.27127052146987],[112.539592398647,9.27546884750185],[112.541649890093,9.2796668067916],[112.543712171355,9.28386438957657],[112.545089683046,9.28666256370473],[112.547159935958,9.29085949620477],[112.549234964315,9.29505602380471],[112.551314764522,9.29925213763029],[112.553399329393,9.3034478261482],[112.555488656234,9.30764307959867],[112.557582737857,9.31183788733592],[112.559681569772,9.3160322387147],[112.561785147486,9.32022612397678],[112.563893464712,9.32441953247788],[112.566006516957,9.32861245357429],[112.568124298833,9.33280487750927],[112.570246804949,9.33699679364013],[112.572374030813,9.34118819221109],[112.574505970137,9.34537906169415],[112.576642617532,9.34956939233446],[112.578069663226,9.35236264181132],[112.580214146625,9.35655205162131],[112.582363325518,9.36074089510117],[112.584517192719,9.36492916249798],[112.586675744633,9.36911684228662],[112.588838974974,9.37330392382895],[112.591006878351,9.37749039914619],[112.593179450272,9.38167625494228],[112.59535668445,9.38586148323944],[112.597538575494,9.39004607251525],[112.599725118015,9.39423001302037],[112.601916307521,9.39841329411964],[112.604112138621,9.40259590517859],[112.606312604131,9.40677783644933],[112.608517700455,9.41095907818459],[112.610727421307,9.41513961797883],[112.612203135028,9.41792625099729],[112.614420551747,9.42210560051191],[112.616642578619,9.42628422150582],[112.618869210256,9.43046210512031],[112.621100441267,9.43463923983859],[112.623336265365,9.4388156150306],[112.625576678056,9.44299122095291],[112.627821673054,9.4471660469766],[112.630071244968,9.45134008335926],[112.632325389307,9.45551331947289],[112.634584098885,9.45968574557616],[112.63684736831,9.46385735015605],[112.639115193991,9.46802812347226],[112.641387567842,9.47219805578495],[112.643664485372,9.47636713646886],[112.645945941191,9.48053535489901],[112.647469430014,9.48331368363135],[112.649758437071,9.48748044343022],[112.652051966247,9.49164631264504],[112.654350013051,9.49581128331108],[112.656652571194,9.49997534391991],[112.658959636184,9.50413848384965],[112.661271200836,9.50830069425093],[112.66358725976,9.51246196361702],[112.665907807565,9.51662228132759],[112.668232838861,9.52078163853483],[112.670562347361,9.5249400246195],[112.672896327674,9.52909742807698],[112.675234773513,9.53325384006091],[112.677577680385,9.53740924995367],[112.679925040206,9.54156364802404],[112.682276849383,9.5457170227695],[112.683847190738,9.54848536603508],[112.686206401134,9.55263701401039],[112.688570043818,9.55678761212423],[112.690938115197,9.56093714976192],[112.693310606286,9.56508561630934],[112.695687514392,9.56923300381038],[112.698068831429,9.57337929899449],[112.700454552008,9.57752449390656],[112.702844670738,9.58166857793456],[112.705239181332,9.58581154046695],[112.707638077501,9.58995337089278],[112.710041354754,9.59409405948743],[112.712449005904,9.59823359652669],[112.714861024662,9.60237197051545],[112.717277406538,9.60650917261635],[112.719698144345,9.61064519222101],[112.721314386916,9.61340187637772],[112.723742372331,9.6175359021732],[112.726174698405,9.62166871807191],[112.72861135885,9.62580031435307],[112.731052347378,9.62993068041087],[112.733497657701,9.63405980652563],[112.735947285328,9.63818768120688],[112.738401223071,9.64231429650731],[112.740039573181,9.64506466723533],[112.742500680378,9.64918915882317],[112.744966083319,9.65331236186904],[112.747435773021,9.65743426754181],[112.749909744991,9.66155486523968],[112.752387992943,9.66567414436138],[112.754870510587,9.66979209607727],[112.757357291635,9.67390870890156],[112.759017512129,9.67665236861759],[112.761511385376,9.68076672787724],[112.764009505858,9.68487972263723],[112.766511868185,9.68899134141374],[112.76901846517,9.69310157449455],[112.771529290525,9.69721041128243],[112.774044337962,9.70131784295169],[112.776563602989,9.70542385890608],[112.779087076624,9.70952844766452],[112.781614755272,9.71363160128825],[112.784146630849,9.71773330829728],[112.786682697965,9.72183355898293],[112.789222950332,9.7259323436371],[112.791767381662,9.73002965078142],[112.794315985667,9.73412547247955],[112.796868755159,9.73821979636879],[112.79857291405,9.74094851028219],[112.801132613147,9.74504031753343],[112.80369646246,9.74913060138932],[112.806264454803,9.75321935214513],[112.808836583888,9.75730655921141],[112.811412844325,9.76139221288448],[112.813993228029,9.76547630257591],[112.816577728712,9.76955881858314],[112.819166341883,9.77363975031874],[112.821759059456,9.77771908808118],[112.824355876041,9.78179682305464],[112.826956784453,9.78587294376808],[112.829561778403,9.78994743963619],[112.8321708525,9.79402030272998],[112.834783998661,9.79809152157996],[112.837401211496,9.80216108648766],[112.83914827662,9.80487320620091],[112.841772251971,9.80893999161038],[112.844400276928,9.81300509751249],[112.847032345202,9.81706851244027],[112.849668448709,9.82113022669771],[112.852308582956,9.82519023058915],[112.85495273896,9.82924851353445],[112.857600913129,9.83330506672417],[112.860253096479,9.83735987869401],[112.86290928362,9.84141294063558],[112.865569468264,9.8454642419708],[112.868233643225,9.84951377300713],[112.870901801315,9.8535615240526],[112.873573937146,9.85760748541572],[112.876250044428,9.86165164563541],[112.878930115078,9.8656939959063],[112.880719027321,9.86838788586199],[112.883405690707,9.87242719752682],[112.886096300391,9.8764646719291],[112.888790849188,9.88050030115027],[112.891489331708,9.88453407284721],[112.894191740764,9.88856597910234],[112.896898069169,9.8925960084587],[112.899608311534,9.89662415211468],[112.902322459774,9.90065039949924],[112.9050405076,9.90467474092696],[112.907762448725,9.90869716671278],[112.910488276861,9.91271766717212],[112.913217983921,9.91673623173617],[112.915951563619,9.9207528516062],[112.918689010564,9.92476751621444],[112.921430315773,9.92878021499344],[112.923259993564,9.9314542515765],[112.926007717236,9.93546365373643],[112.928759281206,9.93947106454462],[112.931514680084,9.94347647432044],[112.934273906683,9.94747987249894],[112.937036954715,9.95148125028536],[112.939803816096,9.95548059800051],[112.942574485435,9.95947790419618],[112.945348954648,9.96347316096387],[112.948127217446,9.96746635774114],[112.950909267542,9.97145748396617],[112.953695097748,9.97544653084707],[112.95648469998,9.97943348870771],[112.959278068848,9.9834183469878],[112.962075197166,9.98740109601222],[112.964876077747,9.99138172699103],[112.966745412564,9.99403429851364],[112.969552531944,9.99801137683738],[112.972363384723,10.0019863089599],[112.975177964611,10.0059590878624],[112.977996264424,10.0099297012186],[112.980818277871,10.013898141126],[112.983643996869,10.0178643979134],[112.98647341513,10.0218284601407],[112.989306525466,10.0257903199068],[112.99214332159,10.0297499666574],[112.994983795417,10.0337073907231],[112.99782793976,10.0376625824351],[113.000675749229,10.0416155321252],[113.003527214842,10.0455662301254],[113.006382331207,10.0495146667685],[113.009241090242,10.0534608323877],[113.011148950208,10.0560903426096],[113.014013765684,10.0600327015117],[113.016882204964,10.0639727639089],[113.01975426176,10.0679105192516],[113.022629927986,10.0718459587597],[113.025509198253,10.0757790718848],[113.028392063578,10.0797098498478],[113.031278517673,10.0836382829855],[113.03416855335,10.0875643616354],[113.037062163424,10.0914880752509],[113.039959340708,10.0954094159393],[113.042860078914,10.0993283722706],[113.045764369059,10.1032449354686],[113.048672205752,10.1071590958732],[113.051583580909,10.1110708438246],[113.054498487344,10.1149801705481],[113.056443717226,10.1175850377686],[113.059364494151,10.1214903065677],[113.06228878259,10.1253931269094],[113.065216576256,10.1292934909051],[113.068147867961,10.1331913888978],[113.07108265052,10.1370868103466],[113.074020916745,10.1409797455958],[113.076962658552,10.1448701867581],[113.078925747841,10.1474624226381],[113.081873266713,10.1513486829795],[113.084824243201,10.1552324237832],[113.087778668322,10.159113633627],[113.090736536685,10.1629923037419],[113.093697839307,10.1668684253595],[113.096662569002,10.170741987943],[113.099630719482,10.1746129827249],[113.101611383411,10.1771922151688],[113.10458521843,10.1810589089324],[113.107562453572,10.1849230085689],[113.110543082549,10.1887845061967],[113.113527097277,10.1926433921661],[113.116514490568,10.1964996559437],[113.119505255237,10.2003532878809],[113.122499384096,10.2042042800977],[113.125496869062,10.2080526220622],[113.128497703845,10.2118983050113],[113.131501879462,10.215741319298],[113.134509389626,10.2195816543921],[113.13752022715,10.2234193032997],[113.140534383948,10.2272542537232],[113.143551851937,10.23108649867],[113.146572625726,10.2349160276114],[113.148588306883,10.2374675340261],[113.151614571175,10.2412925164325],[113.154644119708,10.2451147574117],[113.157676946193,10.248934249089],[113.160713042546,10.2527509809381],[113.163752400682,10.256564943317],[113.166795013414,10.2603761292363],[113.169840873556,10.264184526403],[113.172889973022,10.2679901278285],[113.175942305525,10.2717929221049],[113.178997862082,10.2755929022444],[113.182056635506,10.2793900577238],[113.185118618611,10.2831843789044],[113.188183804209,10.2869758570319],[113.191252184217,10.2907644824686],[113.194323750548,10.2945502464609],[113.196373228123,10.2970724947594],[113.199450090023,10.3008534686555],[113.202530117587,10.3046315557044],[113.205613304525,10.3084067480382],[113.208699643652,10.3121790351377],[113.211789125086,10.315948408252],[113.214881744335,10.3197148586305],[113.217977490619,10.3234783757555],[113.221076359447,10.327238951761],[113.22417834004,10.3309965761304],[113.227283427006,10.3347512409985],[113.230391612262,10.3385029367331],[113.233502886825,10.3422516545863],[113.236617245303,10.3459973840431],[113.239734677817,10.3497401172402],[113.242855178077,10.353479844547],[113.244937211496,10.3559713214776],[113.248062806103,10.3597060188443],[113.251191447794,10.36343768582],[113.254323128487,10.3671663136598],[113.257457840993,10.3708918927352],[113.26059557633,10.3746144151857],[113.263736327312,10.3783338705001],[113.266880086752,10.3820502499348],[113.270026846565,10.3857635447471],[113.273176598666,10.3894737453105],[113.27632933497,10.3931808437665],[113.279485049189,10.3968848304897],[113.282643731442,10.4005856949717],[113.285805376339,10.4042834302386],[113.288969973999,10.4079780266664],[113.292137517234,10.4116694746314],[113.294250846161,10.4141286866212],[113.297423281621,10.4178148685121],[113.300598642894,10.4214978774572],[113.303776920098,10.4251777056013],[113.306958107844,10.4288543433229],[113.31014219625,10.4325277827674],[113.31332917813,10.4361980143142],[113.316519045398,10.4398650283427],[113.319711790869,10.4435288161164],[113.322907406456,10.4471893697824],[113.326105884077,10.4508466788382],[113.329307215644,10.4545007363152],[113.332511393075,10.4581515317116],[113.335718409182,10.4617990562928],[113.338928255881,10.4654433013247],[113.342140925086,10.4690842580734],[113.344284268523,10.4715097320682],[113.347501624239,10.4751451885451],[113.350721780902,10.4787773331561],[113.353944731325,10.4824061571689],[113.357170467424,10.4860316509683],[113.360398981115,10.4896538067061],[113.363630263412,10.4932726147677],[113.36686430803,10.4968880664224],[113.370101105983,10.5005001538229],[113.373340649188,10.5041088664729],[113.376582930459,10.5077141974091],[113.379827941709,10.5113161361358],[113.383075673956,10.5149146748074],[113.386326119116,10.5185098046954],[113.389579270899,10.5221015170718],[113.392835120323,10.5256898023255],[113.395007180205,10.5280800848602],[113.398267507731,10.5316626402228],[113.401530510439,10.5352417457796],[113.404796182043,10.5388173919209],[113.40806451266,10.5423895716872],[113.411335496002,10.5459582754697],[113.414609123085,10.5495234945432],[113.417885384928,10.5530852201828],[113.42116427524,10.5566434436641],[113.424445785939,10.560198156263],[113.427729907142,10.5637493492556],[113.431016631662,10.5672970148018],[113.434305951416,10.5708411432955],[113.437597859215,10.5743817268969],[113.44089234518,10.5779187560009],[113.444189402123,10.5814522227686],[113.446388865112,10.5838058834507],[113.449690189053,10.5873333935119],[113.452994062412,10.5908573185687],[113.456300476207,10.5943776490175],[113.459609423251,10.597894377021],[113.462920895459,10.6014074929765],[113.466234883849,10.6049169899302],[113.469551380334,10.60842285828],[113.471763767386,10.6107580839878],[113.475084426664,10.6142578857801],[113.47840757248,10.6177540371906],[113.481733196747,10.6212465286184],[113.485061291381,10.6247353522291],[113.488391847399,10.6282204984224],[113.491724857615,10.6317019602472],[113.495060313045,10.6351797281043],[113.497285304358,10.6374961841325],[113.500624817478,10.6409677773807],[113.503966754252,10.6444356540072],[113.507311105698,10.6478998070626],[113.510657864629,10.651360226066],[113.514007022062,10.6548169049516],[113.51735857081,10.6582698323564],[113.520712500992,10.6617190030978],[113.524068805421,10.6651644058138],[113.527427475114,10.6686060344395],[113.530788502885,10.6720438793792],[113.534151878852,10.6754779319203],[113.537517596727,10.6789081851159],[113.54088564573,10.6823346293715],[113.544256020472,10.685757256858],[113.547628710172,10.6891760597469],[113.549878452766,10.6914531317556],[113.553254983662,10.6948655405653],[113.556633808855,10.6982741021372],[113.560014918464,10.7016788077612],[113.563398306201,10.7050796496102],[113.566783962184,10.7084766189747],[113.570171878328,10.7118697080282],[113.57356204565,10.7152589089444],[113.576954457862,10.7186442121321],[113.580349104184,10.7220256106483],[113.583745978328,10.7254030957851],[113.587145070412,10.7287766588348],[113.590546372352,10.7321462919728],[113.593949876063,10.7355119882571],[113.59735557346,10.7388737372159],[113.600763454661,10.7422315319078],[113.603036585792,10.7444678610241],[113.606448090797,10.7478190475917],[113.609861758047,10.7511662572652],[113.613277578559,10.7545094831044],[113.616695545146,10.7578487164043],[113.620115648825,10.7611839493426],[113.623537881511,10.7645151740974],[113.626962234221,10.7678423810821],[113.63038869887,10.7711655642402],[113.633817267374,10.7744847139857],[113.637247929851,10.7777998224979],[113.640680679114,10.7811108828386],[113.644115506181,10.7844178854226],[113.647552402966,10.7877208233125],[113.650991360486,10.7910196878061],[113.654432370656,10.7943144710839],[113.656727513207,10.7965087221637],[113.660171925297,10.7997966860395],[113.66361836758,10.8030805478489],[113.667066831073,10.8063602980088],[113.67051730769,10.8096359304658],[113.67396978755,10.8129074365195],[113.677424264365,10.8161748083522],[113.680880728253,10.8194380381467],[113.684339170232,10.8226971172032],[113.687799583114,10.8259520385874],[113.691261957917,10.8292027936001],[113.694726285657,10.8324493744252],[113.698192557352,10.8356917741287],[113.701660765814,10.8389299840124],[113.705130901163,10.8421639962607],[113.708602956212,10.8453938030583],[113.710918721386,10.8475446672711],[113.714393954674,10.8507674479114],[113.717871084305,10.8539860013787],[113.721350102196,10.8572003216233],[113.724830998463,10.8604103999486],[113.728313765023,10.8636162285406],[113.73179839379,10.8668177987033],[113.735284874884,10.8700151043877],[113.738773201117,10.8732081377803],[113.742263362609,10.8763968893039],[113.745755352171,10.8795813529099],[113.749249159925,10.8827615199036],[113.752744778681,10.8859373824727],[113.756242197662,10.8891089345692],[113.759741410578,10.892276166617],[113.76324240665,10.8954390708045],[113.76557739128,10.8975452664499],[113.769081341911,10.9007009431185],[113.772587054138,10.9038522719788],[113.776094518978,10.9069992452199],[113.779603727448,10.9101418559133],[113.783114670565,10.9132800962487],[113.786627341143,10.9164139584156],[113.790141729299,10.9195434354863],[113.793657826051,10.9226685187688],[113.797175624212,10.9257892013357],[113.800695113002,10.9289054753776],[113.804216286134,10.9320173339673],[113.807739132827,10.9351247684138],[113.811263645895,10.9382277726725],[113.814789815456,10.9413263371708],[113.818317634324,10.9444204567463],[113.820670424461,10.9464807291866],[113.824200970614,10.9495674217362],[113.82773314182,10.9526496476597],[113.831266929094,10.9557274009134],[113.834802325252,10.9588006719261],[113.838339319512,10.9618694555364],[113.841877903791,10.9649337430551],[113.845418070002,10.9679935266756],[113.848959809164,10.9710488003549],[113.852503112293,10.9740995554047],[113.856047970405,10.9771457849006],[113.859594375416,10.9801874819184],[113.863142318343,10.9832246386521],[113.866691790203,10.986257247296],[113.870242782012,10.9892853009263],[113.873795285686,10.9923087926196],[113.876164456602,10.9943219150927],[113.879719460287,10.9973377865066],[113.883275951582,11.0003490751701],[113.886833922403,11.0033557759236],[113.890393363766,11.0063578791991],[113.893954267585,11.0093553789557],[113.897516623981,11.0123482682709],[113.90108042397,11.015336538459],[113.90345708953,11.0173261493325],[113.907023277241,11.0203067074543],[113.910590886086,11.0232826274022],[113.914159907083,11.0262539022547],[113.917730331248,11.0292205250901],[113.921302149599,11.0321824898687],[113.924875353152,11.0351397870241],[113.928449933822,11.0380924113984],[113.930833748175,11.0400582275114],[113.934410604278,11.0430030471659],[113.937988813244,11.0459431741141],[113.941568366089,11.0488786005539],[113.945149254729,11.0518093213279],[113.948731470181,11.0547353277525],[113.952315003461,11.0576566129074],[113.955899846485,11.0605731707543],[113.959485988473,11.0634849934914],[113.963073423136,11.0663920733173],[113.966662138798,11.0692944041939],[113.970252129168,11.0721919792016],[113.973843384367,11.075084791421],[113.977435894511,11.077972833051],[113.981029652416,11.0808560971725],[113.9846246482,11.0837345768664],[113.987021995673,11.085650902343],[113.990619036022,11.0885213930071],[113.994217289995,11.091387081087],[113.997816750405,11.094247959664],[114.001417407371,11.0971040218196],[114.00501925191,11.0999552597537],[114.008622275039,11.1028016683111],[114.012226468672,11.1056432388103],[114.015831823828,11.1084799652149],[114.019438331521,11.1113118406067],[114.023045981872,11.1141388580679],[114.026654766795,11.1169610106805],[114.030264678205,11.1197782915269],[114.033875705323,11.1225906945707],[114.037487840962,11.1253982120131],[114.04110107524,11.1282008369365],[114.043510503258,11.1300665334956],[114.047125549438,11.1328609904159],[114.050741670004,11.1356505375464],[114.054358857768,11.1384351670886],[114.057977101951,11.1412148738881],[114.061596394467,11.1439896501467],[114.065216726335,11.1467594898288],[114.06883808857,11.1495243860176],[114.072460473088,11.1522843309151],[114.076083869109,11.1550393193673],[114.079708269447,11.1577893435763],[114.083333665117,11.1605343983882],[114.086960045342,11.1632744751241],[114.090587402933,11.1660095695115],[114.09421572801,11.1687396728714],[114.097845012488,11.1714647791691],[114.100265063982,11.1732787378797],[114.103895925901,11.1759955016439],[114.107527723865,11.1787072510781],[114.111160447094,11.1814139792661],[114.1147940884,11.1841156801733],[114.118428637006,11.186812347765],[114.122064084825,11.1895039742443],[114.125700422874,11.1921905535766],[114.12933764217,11.1948720788463],[114.132975734629,11.1975485449001],[114.136614689471,11.2002199448224],[114.140254498611,11.2028862708164],[114.143895153065,11.2055475177292],[114.147536643851,11.2082036795264],[114.151178961985,11.2108547484113],[114.154822098484,11.2135007183499],[114.157251306506,11.2152618630815],[114.160895786885,11.217899321269],[114.164541061375,11.2205316641253],[114.16818712189,11.2231588847352],[114.17183395855,11.2257809770646],[114.175481562372,11.2283979341984],[114.179129925269,11.2310097509838],[114.182779037362,11.2336164196243],[114.186428888768,11.2362179358484],[114.190079472301,11.2388142909787],[114.193730778978,11.2414054798624],[114.197382798019,11.2439914973466],[114.201035521339,11.2465723356353],[114.204688940853,11.2491479886945],[114.208343045782,11.2517184504904],[114.211997828939,11.2542837149891],[114.214434722048,11.2559910005738],[114.218090613726,11.2585475894039],[114.22174715848,11.2610989645527],[114.225404347325,11.2636451191054],[114.229062171279,11.266186047028],[114.232720621359,11.2687217431677],[114.23637968948,11.2712522006096],[114.240039364862,11.2737774142008],[114.243699639421,11.2762973761454],[114.247360504172,11.2788120821716],[114.251021950134,11.2813215253643],[114.254683968322,11.2838256988087],[114.258346548856,11.2863245982329],[114.26200968365,11.2888182167218],[114.265673362823,11.2913065473605],[114.269337578291,11.2937895858769],[114.271780682351,11.2954420006766],[114.275445770083,11.2979162040142],[114.279111370753,11.3003850988452],[114.282777473581,11.3028486782545],[114.286444069584,11.3053069362081],[114.290111150677,11.3077598684336],[114.293778707877,11.310207467135],[114.297446731303,11.31264972804],[114.301115211972,11.3150866442334],[114.3047841409,11.317518209681],[114.308453509104,11.3199444183485],[114.312123307601,11.3223652659632],[114.315793527407,11.3247807456099],[114.319464159541,11.3271908512542],[114.323135195018,11.3295955768617],[114.326806623957,11.3319949172787],[114.329254458547,11.3335914831086],[114.332926524391,11.3359818349936],[114.336598960342,11.338366786183],[114.340271756517,11.340746331523],[114.343944904832,11.3431204632172],[114.347618396303,11.3454891778731],[114.351292221049,11.3478524685753],[114.354966370985,11.3502103301694],[114.357415979747,11.3517792181712],[114.361090649808,11.3541280180367],[114.364765620804,11.3564713724072],[114.368440882855,11.35880927789],[114.372116426976,11.3611417266882],[114.375792244186,11.3634687136474],[114.379468326398,11.3657902344936],[114.383144662834,11.3681062814301],[114.385595691832,11.3696472703541],[114.389272433408,11.3719541841205],[114.392949405851,11.3742556111116],[114.396626600177,11.3765515444111],[114.400304007405,11.3788419788638],[114.40398161855,11.3811269093147],[114.407659423731,11.3834063306086],[114.411337414863,11.3856802358286],[114.415015582066,11.3879486215808],[114.418693917253,11.3902114800676],[114.422372409645,11.3924688070142],[114.426051052056,11.3947205981453],[114.429729834604,11.3969668456634],[114.433408748306,11.3992075452932],[114.437087783281,11.4014426927591],[114.440766931444,11.4036722802634],[114.443219755276,11.4051555819541],[114.446899071423,11.407375893452],[114.450578476504,11.4095906321187],[114.454257961535,11.4117997927977],[114.457937516634,11.4140033694517],[114.461617133717,11.4162013578047],[114.465296802004,11.4183937509386],[114.468976514308,11.4205805454576],[114.472656260749,11.4227617344436],[114.476336032342,11.4249373145005],[114.480015820105,11.4271072787098],[114.483695615055,11.4292716219141],[114.487375408207,11.4314303398365],[114.491055188784,11.4335834264386],[114.494734950496,11.4357308774433],[114.498414682563,11.4378726876925],[114.500867816314,11.4392974238809],[114.504547479211,11.4414298196477],[114.508227088209,11.4435565609039],[114.511906634325,11.4456776416106],[114.515586109475,11.4477930574898],[114.519265503776,11.4499028025023],[114.522944808245,11.4520068723697],[114.526624013001,11.4541052619331],[114.53030310996,11.4561979651529],[114.533982090137,11.4582849786307],[114.537660944551,11.4603662963268],[114.541339663318,11.4624419130814],[114.545018237457,11.4645118246155],[114.548696658883,11.466576025769],[114.552374917713,11.4686345105017],[114.556053004067,11.4706872754142],[114.558504962822,11.47205260451],[114.562182743748,11.4740958243345],[114.565860328842,11.4761333096971],[114.56953770912,11.478165057198],[114.573214875599,11.4801910607958],[114.576891818397,11.4822113162101],[114.580568530329,11.4842258182794],[114.584245000614,11.4862345627228],[114.587921220268,11.4882375434985],[114.591597181208,11.4902347572052],[114.595272873552,11.4922261986813],[114.598948288316,11.4942118618844],[114.602623417416,11.4961917434127],[114.606298250072,11.498165838104],[114.609972778198,11.5001341407957],[114.613646993712,11.5020966472053],[114.616096290758,11.503401762464],[114.619769962791,11.5053545983974],[114.623443297057,11.5073016251608],[114.627116283674,11.5092428375908],[114.630788915458,11.5111782322843],[114.634461180729,11.5131078040775],[114.638133073199,11.5150315478066],[114.641804582088,11.5169494600678],[114.645475698413,11.5188615348166],[114.64914641409,11.5207677686488],[114.652816718339,11.5226681563998],[114.656486603972,11.5245626937847],[114.66015606111,11.5264513756387],[114.663825080767,11.5283341976764],[114.667493653962,11.5302111556126],[114.671161771711,11.5320822442816],[114.673606925728,11.5333263746135],[114.677274263739,11.5351876726245],[114.68094112205,11.5370430902326],[114.684607491678,11.5388926222713],[114.688273363639,11.5407362644541],[114.691938728051,11.5425740124944],[114.695603576831,11.5444058629852],[114.699267900995,11.5462318098791],[114.702931691559,11.548051849769],[114.706594937744,11.549865977487],[114.710257633262,11.5516741896255],[114.713919766435,11.5534764810163],[114.717581330076,11.5552728482513],[114.721242314303,11.5570632861618],[114.724902711033,11.5588477904591],[114.728562509484,11.5606263577344],[114.731002039148,11.5618087685159],[114.734660822503,11.563577429267],[114.738318985122,11.5653401418511],[114.741976516226,11.5670969010982],[114.745633408627,11.5688477027184],[114.749289652445,11.5705925433013],[114.752945239594,11.5723314167964],[114.756600159295,11.574064321553],[114.760254404361,11.57579125152],[114.763907964013,11.5775122024062],[114.767560831063,11.5792271716802],[114.771212994733,11.5809361541702],[114.774864447835,11.5826391455841],[114.77851517959,11.5843361425098],[114.782165181913,11.5860271406548],[114.78581444672,11.5877121357263],[114.788246874303,11.5888321287327],[114.791894887756,11.5905071092394],[114.795542137641,11.5921760763974],[114.799188616772,11.5938390259131],[114.802834315266,11.5954959543724],[114.806479224142,11.5971468557212],[114.810123334415,11.598791728305],[114.813766637103,11.600430566949],[114.81619505281,11.6015197718549],[114.819836990059,11.6031485462459],[114.823478095467,11.6047712755366],[114.827118360951,11.6063879571913],[114.830757776628,11.6079985869139],[114.834396333516,11.6096031612882],[114.838034022632,11.6112016751377],[114.841670836788,11.6127941259255],[114.844094887582,11.613852390196],[114.847730220416,11.6154347261363],[114.851364652241,11.6170109896085],[114.854998175868,11.6185811745552],[114.858630780519,11.6201452793179],[114.862262458109,11.6217032978384],[114.865893199654,11.6232552284579],[114.869522996171,11.6248010668774],[114.873151838678,11.6263408087976],[114.876779717292,11.6278744507991],[114.880406624827,11.6294019894618],[114.884032551403,11.6309234204858],[114.887657487136,11.6324387413303],[114.891281424841,11.6339479476948],[114.894904354636,11.6354510352783],[114.898526267539,11.6369480015393],[114.900940307507,11.6379425760138],[114.904560506424,11.6394293314891],[114.908179664193,11.6409099553435],[114.911797772731,11.6423844441547],[114.915414823052,11.6438527944997],[114.919030806176,11.6453150038354],[114.922645713117,11.6467710669787],[114.926259534894,11.6482209813856],[114.929872261624,11.6496647436323],[114.933483886122,11.6511023494144],[114.937094399403,11.6525337961872],[114.940703790689,11.6539590805258],[114.944312052793,11.655378198125],[114.94791917673,11.656791146439],[114.951525152621,11.6581979211622],[114.955129971482,11.6595985197481],[114.957532538168,11.6605288194329],[114.961135410379,11.6619191173307],[114.964737102205,11.66330322878],[114.968337605559,11.6646811529928],[114.971936911459,11.6660528839019],[114.975535009125,11.6674184207186],[114.979131892269,11.6687777582551],[114.982727551009,11.6701308939622],[114.986321975463,11.671477825291],[114.989915158447,11.6728185479321],[114.993507090076,11.6741530593355],[114.99709776137,11.6754813560714],[115.000687164242,11.6768034347092],[115.004275288812,11.6781192918184],[115.007862126994,11.6794289257274],[115.011447669806,11.6807323312452],[115.013837307937,11.681597807301],[115.017420672334,11.6828908282552],[115.021002717106,11.6841776122529],[115.024583434168,11.6854581585005],[115.028162815435,11.6867324618056],[115.031740850128,11.6880005213742],[115.035317531059,11.6892623328927],[115.038892848347,11.6905178929272],[115.042466793909,11.6917671989232],[115.046039358759,11.6930102483255],[115.049610533916,11.6942470376991],[115.053180311295,11.6954775636087],[115.056748680115,11.6967018243778],[115.060315634088,11.6979198165703],[115.063881162435,11.6991315367498],[115.067445257071,11.7003369814796],[115.069820519463,11.7011371246854],[115.073382205716,11.7023321061147],[115.076942434901,11.7035208052735],[115.080501198035,11.7047032187235],[115.084058486136,11.7058793447856],[115.087614291119,11.7070491791413],[115.091168603999,11.7082127201108],[115.094721415795,11.709369965134],[115.098272717523,11.7105209107711],[115.101822501098,11.7116655544615],[115.105370757537,11.712803893644],[115.108917477857,11.7139359248776],[115.112462653075,11.7150616464803],[115.116006275105,11.7161810550102],[115.119548334965,11.7172941479048],[115.123088823672,11.7184009226012],[115.125448272122,11.7191352606646],[115.128986122477,11.7202314993344],[115.13252237922,11.7213214129698],[115.13605703337,11.7224049981269],[115.139590075043,11.7234822522411],[115.143121496155,11.7245531745066],[115.146651288622,11.7256177605986],[115.15017944346,11.7266760088311],[115.153705950787,11.7277279157582],[115.157230803418,11.7287734796929],[115.160753992369,11.7298126980683],[115.164275507759,11.7308455674376],[115.167795342401,11.731872086992],[115.171313487312,11.7328922532839],[115.17482993261,11.7339060628653],[115.178344671109,11.7349135158059],[115.180686877295,11.7355816168327],[115.184198750169,11.7365784670237],[115.187708893785,11.737568952842],[115.191217297365,11.7385530717174],[115.194723952823,11.739530821079],[115.198228852075,11.7405021992354],[115.201731986137,11.741467203615],[115.205233346925,11.7424258316459],[115.208732925456,11.7433780807558],[115.212230711847,11.7443239492515],[115.215726698913,11.7452634354393],[115.219220878569,11.7461965349869],[115.222713240034,11.7471232479587],[115.226203777021,11.748043570901],[115.229692479649,11.7489575021186],[115.233179338933,11.7498650390363],[115.235502883518,11.7504665097268],[115.238986652598,11.7513633849272],[115.242468556775,11.7522538598382],[115.24594858527,11.7531379336423],[115.249426731794,11.7540156020034],[115.252902986466,11.7548868649826],[115.256377341202,11.7557517191226],[115.259849787916,11.7566101627247],[115.262163687289,11.7571788962971],[115.265632933306,11.7580266508181],[115.269100247945,11.7588679896827],[115.272565623121,11.7597029111907],[115.276029048952,11.7605314127619],[115.279490517355,11.7613534918156],[115.282950021143,11.76216914753],[115.286407550433,11.7629783773234],[115.288711468625,11.7635142925562],[115.292165688522,11.7643128076233],[115.295617911464,11.7651048925222],[115.299068129366,11.7658905437903],[115.302516333246,11.7666697614826],[115.305962514119,11.7674425412565],[115.309406663901,11.7682088831662],[115.312848775406,11.7689687846269],[115.316288837854,11.769722243933],[115.319726844059,11.7704692593786],[115.323162785934,11.7712098283777],[115.3265966536,11.7719439509822],[115.330028439869,11.7726716237261],[115.333458135759,11.7733928457809],[115.336885732286,11.7741076145591],[115.340311222263,11.7748159292315],[115.342593707551,11.7752845517623],[115.346015666251,11.7759821055981],[115.349435495045,11.7766731993041],[115.352853186748,11.7773578338082],[115.356268730578,11.7780360047615],[115.35968211935,11.778707712212],[115.363093344979,11.779372954448],[115.36650239938,11.7800317297575],[115.369909272672,11.7806840364284],[115.373313956769,11.7813298718683],[115.376716444485,11.7819692361228],[115.380116726837,11.7826021274782],[115.383514794842,11.7832285433412],[115.386910640415,11.7838484837557],[115.390304255472,11.7844619461276],[115.393695631028,11.7850689287413],[115.395955300006,11.7854699834842],[115.399342925994,11.7860661642511],[115.402728290024,11.7866558618558],[115.40611138491,11.7872390745811],[115.40949220077,11.7878158015891],[115.412870731316,11.7883860420411],[115.416246966666,11.78894979246],[115.419620898736,11.7895070537651],[115.422992519441,11.7900578233578],[115.426361820696,11.7906021003977],[115.429728793517,11.7911398831647],[115.433093429821,11.7916711708175],[115.436455722419,11.7921959625145],[115.439815661432,11.7927142556548],[115.443173239672,11.7932260493958],[115.446528447259,11.7937313437739],[115.448763932691,11.7940645940967],[115.452115173317,11.7945590515928],[115.455464022627,11.7950470063032],[115.458810472538,11.7955284556244],[115.462154513167,11.7960033987114],[115.465496138226,11.7964718355979],[115.468835338732,11.7969337636793],[115.4721721066,11.7973891829882],[115.475506432848,11.7978380917984],[115.478838309389,11.798280490142],[115.482167729039,11.7987163754122],[115.485494683711,11.7991457467609],[115.488819163524,11.7995686042185],[115.492141161293,11.7999849460566],[115.495460668931,11.8003947714255],[115.498777677457,11.8007980794749],[115.500987624684,11.801063329812],[115.504300451552,11.8014557736743],[115.507610757747,11.8018416967755],[115.510918535184,11.8022210991431],[115.514223776678,11.8025939799249],[115.517526472345,11.8029603373887],[115.5208266159,11.8033201715607],[115.524124198357,11.8036734815872],[115.527419210734,11.8040202657349],[115.530711646743,11.8043605240285],[115.534001496503,11.8046942556129],[115.537288752826,11.8050214587534],[115.540573407628,11.8053421334732],[115.543855451926,11.8056562797954],[115.547134879431,11.8059638951043],[115.550411680263,11.806264979422],[115.552594750795,11.8064620743735],[115.555867157068,11.8067522722879],[115.559136916006,11.8070359383881],[115.562404018626,11.8073130709357],[115.565668457741,11.8075836690714],[115.568930225266,11.8078477328143],[115.572189313117,11.808105261304],[115.575445713208,11.8083562536798],[115.578699416557,11.8086007090803],[115.581950416876,11.8088386275228],[115.58519870518,11.8090700090245],[115.588444273386,11.8092948518433],[115.591687113408,11.809513155116],[115.59492721806,11.8097249197375],[115.598164578359,11.8099301448436],[115.60139918622,11.8101288295699],[115.603554059534,11.8102576521259],[115.606784063529,11.8104454350779],[115.610011294425,11.8106266759282],[115.613235744137,11.8108013755692],[115.61645740458,11.8109695322547],[115.619676267669,11.8111311468761],[115.622892326217,11.8112862176864],[115.626105572141,11.8114347446968],[115.629315996456,11.8115767279177],[115.632523591976,11.8117121673594],[115.635728351515,11.8118410621523],[115.63893026609,11.8119634123057],[115.642129327615,11.8120792160697],[115.645325529803,11.8121884752112],[115.648518862771,11.8122911888588],[115.651709320233,11.8123873561405],[115.653834689279,11.8124478311859],[115.657020335364,11.812533088166],[115.660203084382,11.8126117987976],[115.663382928248,11.812683962207],[115.666559858878,11.8127495783993],[115.669733869085,11.8128086482586],[115.672904950784,11.8128611709099],[115.67607309589,11.8129071463568],[115.678183557395,11.8129341581483],[115.681346791411,11.8129692215952],[115.684507068174,11.8129977360869],[115.687664380496,11.8130197033841],[115.690818719395,11.8130351234883],[115.693970077684,11.8130439955215],[115.697118448176,11.8130463194841],[115.700263822786,11.8130420953764],[115.702359070423,11.8130356422693],[115.705499433333,11.8130205052964],[115.708636780598,11.8129988211306],[115.711771102337,11.812970588891],[115.714902392262,11.812935809455],[115.718030642289,11.8128944828201],[115.721155844331,11.8128466081039],[115.724277991203,11.8127921861824],[115.727397074821,11.8127312170516],[115.730513087098,11.8126637015865],[115.733626021747,11.8125896380236],[115.736735869784,11.8125090289956],[115.739842624024,11.8124218727379],[115.74294627728,11.8123281701238],[115.746046820568,11.8122279220257],[115.7491442476,11.8121211275573],[115.75120746311,11.8120462953457],[115.754299678117,11.8119285922943],[115.757388756207,11.8118043437304],[115.760474689295,11.8116735505242],[115.763557470195,11.8115362126666],[115.766637090822,11.8113923301475],[115.769713543989,11.8112419047152],[115.772786821611,11.8110849354798],[115.775856916503,11.8109214233093],[115.778923821477,11.8107513681919],[115.78198752755,11.8105747709948],[115.785048029332,11.8103916317053],[115.788105316943,11.8102019511896],[115.791159384991,11.8100057303135],[115.794210223596,11.8098029681835],[115.797257827368,11.8095936656644],[115.799287762093,11.8094504978765],[115.80232995621,11.8092302970204],[115.805368894833,11.8090035574928],[115.808404570774,11.8087702801568],[115.811436975051,11.8085304649958],[115.814466101376,11.8082841128719],[115.817491942561,11.8080312246468],[115.820514490523,11.8077718003024],[115.823533737176,11.8075058406995],[115.826549676232,11.8072333466983],[115.829562300505,11.8069543191586],[115.832571601011,11.8066687580606],[115.835577571463,11.8063766642631],[115.838580204673,11.8060780395038],[115.841579491659,11.8057728828822],[115.84457542703,11.805461196135],[115.846570851178,11.8052497773071],[115.84956118196,11.8049272084332],[115.852548141365,11.8045981111318],[115.85553172041,11.804262486259],[115.858511912806,11.80392033467],[115.861488710469,11.8035716572198],[115.86446210711,11.8032164547628],[115.867432094644,11.8028547281529],[115.870398664987,11.8024864773643],[115.873361812749,11.8021117050089],[115.876321528947,11.8017304110597],[115.879277807292,11.801342596369],[115.882230639699,11.8009482609092],[115.885180018983,11.8005474081694],[115.888125938854,11.8001400363624],[115.891068391229,11.7997261480972],[115.893028095665,11.7994466029042],[115.895964753008,11.7990218555682],[115.89889792309,11.7985905943324],[115.901827599625,11.7981528191661],[115.904753775424,11.7977085326761],[115.907676441506,11.7972577348308],[115.910595593379,11.7968004273568],[115.913511221161,11.7963366102216],[115.916423319462,11.7958662860303],[115.919331880197,11.7953894556288],[115.922236897078,11.7949061189831],[115.925138362021,11.7944162778177],[115.928036268737,11.7939199338564],[115.930930609142,11.7934170879433],[115.933821376946,11.7929077418015],[115.936708564066,11.7923918953948],[115.938631363914,11.7920443877842],[115.941512568254,11.791517712211],[115.944390173943,11.7909845397917],[115.947264172896,11.7904448731266],[115.950134558825,11.7898987121775],[115.953001324544,11.7893460595436],[115.955864462865,11.7887869151859],[115.958723966603,11.788221281703],[115.96157982857,11.7876491599339],[115.96443204248,11.7870705507178],[115.967280600245,11.7864854566517],[115.970125494682,11.7858938776942],[115.972966720398,11.7852958164417],[115.97580426931,11.7846912746106],[115.978638134232,11.7840802521582],[115.981468307975,11.7834627508],[115.983353037222,11.7830474857686],[115.986177044929,11.7824191911203],[115.988997342595,11.7817844218459],[115.991813924828,11.7811431796594],[115.994626783545,11.7804954662744],[115.997435911558,11.7798412834039],[116.000241303478,11.7791806318813],[116.003042950321,11.7785135142981],[116.005840846698,11.7778399314868],[116.008634985423,11.7771598851587],[116.011425359308,11.7764733761454],[116.014211961167,11.7757804079161],[116.01699478561,11.7750809813016],[116.019773823655,11.7743750980114],[116.02254906991,11.7736627588754],[116.02532051719,11.7729439673612],[116.027166034076,11.7724611883389],[116.029931134759,11.7717316445073],[116.032692417602,11.7709956516796],[116.035449876317,11.7702532115629],[116.038203503717,11.7695043267433],[116.040953293514,11.768748998048],[116.04369923942,11.7679872280621],[116.046441334248,11.7672190184912],[116.048267254386,11.766703302376],[116.051002914582,11.7659243635614],[116.053734705734,11.7651389894145],[116.056462621554,11.7643471833981],[116.059186653957,11.7635489454569],[116.061906797553,11.7627442790529],[116.064623044258,11.7619331850093],[116.06733538868,11.7611156659077],[116.069141446169,11.7605670844503],[116.07184727062,11.759738860896],[116.074549173924,11.7589042174074],[116.077247150692,11.7580631556852],[116.079941192839,11.7572156774298],[116.082631294976,11.7563617860999],[116.085317449016,11.7555014825155],[116.087999649571,11.7546347692552],[116.090677889454,11.7537616471381],[116.093352161479,11.752882120501],[116.096022460255,11.751996190162],[116.098688779494,11.7511038578188],[116.101351111112,11.7502051269272],[116.104009448819,11.7492999983043],[116.106663787228,11.7483884754053],[116.109314118251,11.7474705590465],[116.11107877688,11.7468550643196],[116.113722416354,11.7459264982093],[116.116362031374,11.7449915455046],[116.118997615654,11.7440502078997],[116.121629163804,11.7431024879681],[116.124256667738,11.7421483874033],[116.126880122067,11.7411879096573],[116.129499519604,11.7402210564228],[116.132114854061,11.7392478293921],[116.134726119149,11.7382682320162],[116.137333308582,11.7372822659864],[116.139936416069,11.7362899338734],[116.142535434426,11.735291237368],[116.145130357363,11.7342861799194],[116.147721179491,11.7332747632175],[116.150307892724,11.7322569907109],[116.152030083498,11.731574945158],[116.154609936298,11.7305465827129],[116.157185664932,11.729511871312],[116.159757261316,11.7284708117638],[116.162324720959,11.7274234075151],[116.164888036672,11.7263696602532],[116.167447201271,11.725309573424],[116.170002210264,11.7242431495937],[116.172553055565,11.7231703904484],[116.175099731784,11.7220912985533],[116.177642232635,11.7210058773531],[116.180180551827,11.7199141285326],[116.182714683074,11.7188160555356],[116.185244620087,11.7177116609259],[116.187770356577,11.7166009472669],[116.190291886257,11.7154839162421],[116.191970566232,11.714735721748],[116.194485071087,11.7136081692339],[116.196995352063,11.7124743079461],[116.19950140377,11.7113341395666],[116.202003219922,11.7101876675364],[116.204500794228,11.7090348944164],[116.2069941213,11.7078758218875],[116.209483193052,11.7067104551487],[116.211968004993,11.7055387950007],[116.214448550835,11.7043608448825],[116.216924823391,11.7031766073532],[116.219396817271,11.7019860858512],[116.221864527086,11.7007892820551],[116.224327945648,11.6995862002824],[116.226787067569,11.6983768430905],[116.229241885661,11.6971612121573],[116.230876037944,11.6963473083306],[116.23332367131,11.6951212303621],[116.235766985577,11.6938888863494],[116.238205975353,11.6926502806079],[116.240640633454,11.6914054156931],[116.24307095359,11.69015429504],[116.24549693127,11.6888969212035],[116.247918560205,11.6876332967382],[116.25033583321,11.6863634259576],[116.252748745793,11.6850873105359],[116.255157290766,11.683804954786],[116.257561463639,11.6825163612611],[116.259961256327,11.681221532514],[116.262356665236,11.6799204719768],[116.264747682281,11.6786131830814],[116.26713430387,11.6772996692593],[116.268722938518,11.6764205361171],[116.271102219074,11.6750966530868],[116.273477086208,11.6737665536923],[116.275847536325,11.6724302396045],[116.278213561341,11.6710877160127],[116.280575157663,11.669738984587],[116.282932317205,11.6683840487568],[116.285285035477,11.6670229128306],[116.28763330619,11.6656555793575],[116.289977123954,11.6642820508858],[116.292316483379,11.6629023317234],[116.294651377279,11.661516424418],[116.296981801162,11.6601243332768],[116.29930774874,11.6587260617268],[116.301629214624,11.657321611435],[116.303946192523,11.6559109875874],[116.305488349236,11.6549671429651],[116.307797834288,11.6535462363958],[116.310102817883,11.6521191639397],[116.312403291934,11.6506859299017],[116.314699251952,11.6492465377069],[116.316990692545,11.6478009907797],[116.319277607425,11.6463492916646],[116.321559990305,11.6448914455451],[116.323837837591,11.6434274549651],[116.326111141199,11.641957322468],[116.328379897534,11.6404810532364],[116.330644099411,11.6389986506932],[116.332903743237,11.6375101173809],[116.335158820925,11.6360154576014],[116.337409328884,11.6345146747765],[116.339655260825,11.6330077714478],[116.341150004457,11.6319997719309],[116.343388297124,11.6304826783958],[116.345621999401,11.6289594755324],[116.347851105896,11.6274301658814],[116.350075610323,11.6258947537426],[116.35229550729,11.624353242536],[116.354510791408,11.6228056365609],[116.356721458186,11.6212519392365],[116.358192667754,11.6202127591363],[116.360395624292,11.6186489178451],[116.362593949116,11.6170789946144],[116.364787635938,11.6155029946224],[116.366976679368,11.6139209204069],[116.369161073119,11.6123327762656],[116.371340812698,11.6107385664956],[116.373515893614,11.6091382936341],[116.374963355319,11.6080680794601],[116.377130657723,11.606457711483],[116.379293286193,11.6048412906983],[116.381451234439,11.6032188222822],[116.38360449887,11.6015903105301],[116.385753073197,11.5999557570978],[116.38789695203,11.5983151680402],[116.390036130878,11.5966685458925],[116.392170603451,11.5950158949491],[116.394300365259,11.5933572203845],[116.396425410912,11.5916925247329],[116.39854573502,11.5900218122881],[116.400661332193,11.5883450873437],[116.402772197041,11.5866623541931],[116.404878324174,11.5849736162493],[116.406979709999,11.5832788778052],[116.408377996129,11.5821457202715],[116.410471466,11.5804409904347],[116.412560179291,11.5787302703706],[116.414644131511,11.5770135661312],[116.416723317271,11.5752908793679],[116.418797731179,11.5735622161325],[116.420867368746,11.5718275798358],[116.422932223681,11.5700869738889],[116.424992292393,11.5683404043425],[116.427047568593,11.5665878737271],[116.429098047789,11.5648293872128],[116.431143724592,11.5630649482096],[116.433184594509,11.5612945618873],[116.435220652152,11.5595182316553],[116.43725189213,11.557735962683],[116.439278310849,11.5559477583794],[116.440626574293,11.5547523271603],[116.442644944108,11.552954241244],[116.444658478291,11.5511502320194],[116.446667171453,11.5493403028946],[116.448671019103,11.5475244599179],[116.450670016749,11.5457027056167],[116.452664159,11.5438750460388],[116.454653440468,11.5420414845914],[116.456637856659,11.5402020255616],[116.458617403084,11.5383566741165],[116.460592074352,11.5365054345427],[116.462561865971,11.5346483102464],[116.464526772551,11.5327853072743],[116.466486789602,11.5309164290322],[116.468441912631,11.5290416806861],[116.470392135349,11.5271610665216],[116.471689560436,11.5259040667583],[116.473631607588,11.5240136859485],[116.475568742751,11.5221174513342],[116.477500961435,11.5202153672005],[116.47942825825,11.5183074387122],[116.481350628703,11.5163936692735],[116.483268067406,11.5144740649291],[116.485180570764,11.512548629963],[116.487088133389,11.5106173686591],[116.488990750787,11.5086802853012],[116.490888418469,11.5067373859331],[116.492781131942,11.5047886730775],[116.494668885816,11.5028341536585],[116.496551674701,11.5008738310786],[116.498429495903,11.4989077096206],[116.500302344031,11.4969357953274],[116.501548143837,11.4956179703346],[116.503412692431,11.4936364104413],[116.505272255375,11.4916490705992],[116.507126829075,11.48965595421],[116.508976407245,11.4876570673158],[116.51082098629,11.4856524141984],[116.512660561718,11.4836419991388],[116.514495128141,11.4816258272987],[116.516324682863,11.4796039038394],[116.518149218697,11.4775762330416],[116.519968733847,11.4755428209468],[116.521783222025,11.4735036709549],[116.523592679637,11.4714587891072],[116.525397101294,11.4694081796837],[116.527196483402,11.4673518478447],[116.528990821469,11.4652897987505],[116.530184242307,11.4639119256823],[116.531970164059,11.4618403590026],[116.533751029194,11.4597630870668],[116.535526833221,11.4576801167951],[116.537297573444,11.4555914524668],[116.539063244474,11.4534970983608],[116.54082384182,11.4513970605167],[116.542579360989,11.4492913440935],[116.544329798389,11.4471799533698],[116.546075148629,11.4450628935044],[116.547815409015,11.4429401696558],[116.549550573258,11.4408117878632],[116.551280638664,11.4386777524042],[116.553005600741,11.4365380684374],[116.554725454098,11.4343927411206],[116.556440196042,11.432241775612],[116.557580514768,11.4308046699333],[116.559286727208,11.4286443191935],[116.560987815658,11.4264783440158],[116.562683776524,11.4243067504383],[116.564374606213,11.4221295436184],[116.566060299335,11.4199467269522],[116.567740852297,11.4177583082385],[116.569416261506,11.4155642908733],[116.571086521572,11.4133646808941],[116.572751629799,11.4111594843382],[116.574411580799,11.4089487046011],[116.576066370977,11.4067323486007],[116.57771599674,11.4045104214933],[116.579360453598,11.4022829275548],[116.580999737956,11.4000498737026],[116.582633844425,11.3978112642123],[116.583720371134,11.3963157736071],[116.585345840301,11.3940679173518],[116.586966122596,11.3918145209688],[116.588581212628,11.3895555878527],[116.590191107703,11.3872911249203],[116.591795802431,11.385021138208],[116.593395293219,11.3827456319905],[116.594989577371,11.3804646123039],[116.596049538202,11.3789408714659],[116.597635133849,11.3766506747075],[116.599215511183,11.374354979108],[116.600790666609,11.3720537898224],[116.602360596536,11.3697471128865],[116.60392529647,11.367434953455],[116.605484763719,11.3651173184444],[116.607038992891,11.3627942112478],[116.608072234232,11.3612424361788],[116.609617725492,11.3589102233564],[116.611157969691,11.3565725547358],[116.61269296234,11.3542294354716],[116.614222699844,11.3518808707181],[116.61574717861,11.3495268673911],[116.617266394147,11.3471674306448],[116.61878034376,11.3448025656335],[116.620289022957,11.3424322792728],[116.621792428145,11.340056575836],[116.623290555731,11.3376754622386],[116.624783402122,11.3352889436346],[116.626270962825,11.3328970251778],[116.627753235146,11.3304997146645],[116.629230215492,11.3280970154868],[116.63070189937,11.3256889354409],[116.631680078477,11.324080561167],[116.633142928323,11.3216635244598],[116.634600471821,11.3192411206274],[116.636052706275,11.3168133565849],[116.637499628093,11.3143802383666],[116.638941233682,11.3119417711261],[116.640377518548,11.3094979617782],[116.641808480897,11.3070488145957],[116.643234116236,11.3045943373743],[116.644654420074,11.3021345343866],[116.646069390614,11.2996694125474],[116.647479023365,11.297198977891],[116.648883314732,11.2947232355703],[116.650282262023,11.2922421916196],[116.651675861642,11.2897558529537],[116.653064109099,11.2872642247257],[116.653986633082,11.2856002039552],[116.655365954878,11.283099774178],[116.656739915529,11.280594071223],[116.658108512339,11.2780831011241],[116.659471742613,11.2755668699151],[116.660829601861,11.27304538363],[116.662182087386,11.2705186483028],[116.663529194698,11.2679866699672],[116.664870922,11.2654494555382],[116.666207265698,11.2629070101687],[116.667538221301,11.2603593407736],[116.668863787012,11.2578064525056],[116.670183959239,11.2552483531608],[116.671498734387,11.252685047011],[116.672808108863,11.2501165418521],[116.674112079974,11.2475428419559],[116.674978390081,11.2458241607908],[116.676273348394,11.2432418197362],[116.677562894357,11.2406543012095],[116.678847024378,11.2380616130067],[116.680125736659,11.2354637593996],[116.681399027607,11.2328607481843],[116.68266689363,11.2302525853947],[116.683929332031,11.227639277065],[116.685186339218,11.2250208292291],[116.686437912496,11.2223972488021],[116.687684048272,11.2197685409369],[116.68892474385,11.217134714311],[116.690159996536,11.2144957723152],[116.691389802736,11.2118517236269],[116.692614159756,11.2092025742803],[116.693833064002,11.2065483294285],[116.694642636516,11.2047760065599],[116.695852447117,11.2021132853502],[116.697056796858,11.1994454859015],[116.698255683047,11.1967726168916],[116.699449103885,11.1940946817114],[116.700637054881,11.1914116890387],[116.701819534239,11.1887236449083],[116.702996537467,11.1860305553544],[116.704168063667,11.1833324272928],[116.705334108347,11.1806292676394],[116.70649466971,11.1779210815475],[116.707649744163,11.1752078768144],[116.708799329911,11.1724896594747],[116.70994342246,11.1697664364445],[116.711082020015,11.1670382137587],[116.71221511988,11.1643049983334],[116.712967463422,11.1624800842354],[116.714091394183,11.1597385625555],[116.715209819169,11.1569920654045],[116.716322735686,11.1542406005802],[116.71743014104,11.1514841732364],[116.718532033432,11.1487227911712],[116.71962840927,11.1459564604198],[116.720719266757,11.1431851887802],[116.721804601402,11.1404089814067],[116.722884412306,11.137627845216],[116.723958695876,11.1348417880066],[116.725027449417,11.1320508158141],[116.726090671133,11.1292549355557],[116.72714835743,11.1264541541487],[116.728200506512,11.1236484776289],[116.729247115683,11.1208379137952],[116.729941775705,11.1189614925642],[116.730979144806,11.1161427978942],[116.732010966809,11.1133192331819],[116.733037239919,11.1104908053451],[116.734057960542,11.1076575221833],[116.735073126881,11.1048193897328],[116.736082735344,11.1019764149119],[116.737086785032,11.09912860552],[116.738085271454,11.0962759667126],[116.739078194609,11.093418507171],[116.740065550006,11.0905562329322],[116.741047335848,11.0876891500333],[116.74202354944,11.0848172671561],[116.742994189884,11.0819405903379],[116.743959252689,11.0790591273791],[116.744918736956,11.0761728834358],[116.745555292149,11.0742460693402],[116.746505472564,11.0713518753059],[116.747450067255,11.0684529202077],[116.748389074425,11.0655492100836],[116.749322492277,11.0626407536164],[116.750250317219,11.0597275568442],[116.751172547452,11.0568096266869],[116.752089181182,11.0538869709462],[116.752697159169,11.0519359120205],[116.753604459403,11.0490053952937],[116.754506157742,11.0460701711436],[116.755402249696,11.0431302473724],[116.756292735264,11.0401856309007],[116.757177610853,11.0372363286493],[116.758056874667,11.0342823484208],[116.75893052401,11.0313236962546],[116.759509837655,11.0293486694175],[116.760374126553,11.0263822471465],[116.76123279559,11.0234111728642],[116.762085843869,11.0204354543738],[116.762933266897,11.0174550968337],[116.763775065574,11.0144701089291],[116.764611235406,11.0114804975822],[116.765441774599,11.0084862705969],[116.766266683151,11.0054874348955],[116.767085956572,11.0024839965189],[116.767899593962,10.9994759641531],[116.768707593526,10.996463345603],[116.769509952568,10.9934461460277],[116.77030667019,10.990424374996],[116.771097742799,10.9873980385494],[116.771883169497,10.9843671436112],[116.772403650677,10.9823440190309],[116.77317966303,10.9793055445404],[116.773950024082,10.9762625323735],[116.774714732934,10.9732149885723],[116.775473785993,10.970162921825],[116.776227183259,10.9671063399377],[116.776974921138,10.9640452480715],[116.777716998733,10.9609796557969],[116.778453413349,10.9579095700387],[116.779184164086,10.9548349968402],[116.779909249149,10.9517559457727],[116.780628665843,10.9486724228796],[116.781342413269,10.9455844368506],[116.78205048963,10.9424919937297],[116.782752893131,10.939395101325],[116.783449621075,10.9362937683266],[116.783910953584,10.9342237494619],[116.784598220472,10.9311150301804],[116.785279807312,10.9280018902463],[116.785955713207,10.9248843365866],[116.786625937257,10.9217623761286],[116.78729047587,10.9186360175636],[116.787949329046,10.9155052678193],[116.788602494987,10.9123701347056],[116.789249970999,10.9092306260324],[116.789891757083,10.906086748728],[116.790527849644,10.9029385106029],[116.791158248683,10.8997859203498],[116.791782952403,10.8966289840156],[116.792401959007,10.8934677102934],[116.793015266699,10.8903021069947],[116.793622874581,10.8871321810488],[116.794024779043,10.8850165000601],[116.794622883647,10.8818393873562],[116.795215283949,10.8786579728372],[116.795801978153,10.8754722651977],[116.796382966258,10.872282270486],[116.796958244671,10.8690879973972],[116.79752781429,10.8658894537445],[116.798091672421,10.8626866464589],[116.798649818165,10.8594795851184],[116.799202249725,10.8562682748903],[116.799748966204,10.8530527262353],[116.800289964906,10.8498329452032],[116.800825246729,10.8466089404909],[116.801354808081,10.8433807190309],[116.801878649859,10.8401482895204],[116.80239676847,10.8369116597748],[116.802739002339,10.8347515767126],[116.80324758174,10.8315079633549],[116.803750436179,10.8282601697218],[116.804247563857,10.825008205394],[116.804738963877,10.8217520773058],[116.80522463534,10.8184917932738],[116.805704575552,10.8152273611151],[116.806178785411,10.8119587895291],[116.806647262221,10.808686085451],[116.807110005085,10.8054092575809],[116.807567013105,10.8021283137369],[116.808018284483,10.7988432608548],[116.808463820118,10.7955541085179],[116.808903616416,10.7922608636626],[116.809337673378,10.7889635349905],[116.809765991004,10.7856621303208],[116.810048345871,10.7834589331947],[116.810467092845,10.7801507525729],[116.810880096891,10.7768385176888],[116.811287357108,10.7735222354805],[116.811688871701,10.7702019146509],[116.812084640669,10.7668775639034],[116.812474661317,10.7635491901768],[116.812858934545,10.7602168021749],[116.813237459453,10.7568804077195],[116.813610233346,10.7535400155152],[116.813977256225,10.7501956325016],[116.814338528089,10.7468472682664],[116.814694046245,10.7434949297501],[116.815043811589,10.7401386265408],[116.815387822325,10.7367783655793],[116.815726077555,10.7334141546896],[116.815948383639,10.7311691577714],[116.816277044862,10.7277983831139],[116.816599947884,10.724423681158],[116.816917093604,10.7210450606111],[116.817228480224,10.7176625284157],[116.817534106846,10.7142760932797],[116.817833972573,10.7108857639117],[116.818128076505,10.7074915481375],[116.818416419542,10.7040934537834],[116.818698998988,10.7006914904415],[116.818975814842,10.697285665056],[116.819246867106,10.6938759872195],[116.819512153983,10.6904624638767],[116.819771675472,10.6870451037384],[116.820025431573,10.683623916398],[116.820273420491,10.6801989079185],[116.820435542145,10.6779134509241],[116.82067391819,10.6744820945138],[116.820906526153,10.6710469413728],[116.821133364237,10.6676079975654],[116.821354434239,10.6641652735697],[116.821569733463,10.6607187763332],[116.82177926191,10.657268515452],[116.821983019579,10.6538144987572],[116.822115651339,10.6515097380685],[116.822309789849,10.6480494805583],[116.822498155784,10.6445854890012],[116.822680748247,10.641117772995],[116.822857568136,10.6376463394891],[116.823028613654,10.6341711989649],[116.823193884802,10.6306923583726],[116.823353382477,10.6272098273114],[116.823456505478,10.6248860930548],[116.823606376807,10.6213974283262],[116.823750472867,10.6179050949023],[116.823888793658,10.6144091023836],[116.824021337383,10.6109094577221],[116.824148104941,10.6074061705189],[116.824269095433,10.6038992486097],[116.82438430886,10.6003887007135],[116.824493744323,10.5968745355495],[116.82459740272,10.5933567618374],[116.824695282255,10.5898353882971],[116.824787383826,10.5863104227661],[116.824873706535,10.582781873965],[116.82495425128,10.5792497506149],[116.825029017163,10.5757140623203],[116.825098003285,10.5721748160368],[116.825140783754,10.5698133463139],[116.825200137242,10.566268191296],[116.825253711867,10.5627195018434],[116.825301506731,10.5591672866794],[116.825343521836,10.5556115545273],[116.825379757179,10.552052314111],[116.825410212762,10.5484895741548],[116.825434887687,10.5449233433831],[116.82545378285,10.5413536305211],[116.825466898253,10.5377804442939],[116.825474232998,10.5342037934273],[116.825475787981,10.5306236857642],[116.825471562306,10.5270401317974],[116.825461555972,10.5234531384874],[116.825445770776,10.5198627154445],[116.825424204023,10.5162688722796],[116.825406615908,10.5138710799554],[116.82537541652,10.51027155402],[116.825338436473,10.5066686297659],[116.825295677564,10.5030623176886],[116.825247137996,10.4994526247508],[116.825192819565,10.4958395605657],[116.825132721374,10.4922231338633],[116.825066843423,10.4886033533742],[116.824995186609,10.4849802287125],[116.824917750934,10.4813537677263],[116.824834536396,10.4777239800305],[116.824745542995,10.4740908734739],[116.824650771631,10.4704544576723],[116.824550221405,10.4668147413585],[116.824443894113,10.4631717332659],[116.824331787959,10.4595254421279],[116.82425384204,10.4570927622155],[116.824132107742,10.453441019726],[116.824004596379,10.4497860186609],[116.823871308849,10.4461277668717],[116.823732244253,10.4424662739773],[116.823587404388,10.4388015487137],[116.823436789255,10.4351336007006],[116.823280398852,10.4314624377912],[116.82311823318,10.4277880704896],[116.822950293138,10.4241105057664],[116.822776579623,10.4204297532429],[116.822597092636,10.4167458234245],[116.822411832177,10.4130587232829],[116.822220799143,10.4093684633243],[116.822023993536,10.4056750514047],[116.821821416253,10.4019784971476],[116.821683159242,10.3995123859761],[116.821470963698,10.3958106146003],[116.821252998274,10.3921057244901],[116.821029262971,10.3883977252706],[116.820799757789,10.3846866256836],[116.820564484524,10.3809724353552],[116.820323443177,10.3772551621443],[116.820076634646,10.3735348165613],[116.819824058931,10.3698114064663],[116.819565716032,10.3660849423705],[116.819301608643,10.3623554312509],[116.819031735867,10.3586228845035],[116.8187560995,10.3548873099897],[116.818474698644,10.3511487164552],[116.818187535096,10.3474071144136],[116.817894608855,10.3436625117276],[116.817696124296,10.3411644487592],[116.817393596861,10.3374148660082],[116.81708530853,10.3336623080011],[116.8167712611,10.3299067834858],[116.816451454571,10.3261483012111],[116.816125890739,10.3223868716932],[116.815794568706,10.3186225027979],[116.815457491167,10.314855203275],[116.815114658122,10.311084984526],[116.814766069571,10.3073118535341],[116.814411728209,10.3035358199342],[116.814051634036,10.2997568942455],[116.813685787051,10.29597508522],[116.813314189052,10.2921904007263],[116.812936841836,10.2884028521688],[116.812553744503,10.2846124465331],[116.812295152771,10.2820839282239],[116.811902475804,10.2782887841725],[116.811504051416,10.2744908084497],[116.811099882301,10.2706900106941],[116.810689967562,10.2668864005451],[116.810274309894,10.2630799876425],[116.809852908398,10.2592707798585],[116.809425766666,10.2554587886018],[116.808992882904,10.2516440208615],[116.808554260704,10.2478264880471],[116.808109899167,10.2440061971488],[116.807659800989,10.2401831604609],[116.807203966169,10.2363573849745],[116.806742396505,10.2325288812169],[116.806275092894,10.228697657948],[116.805802056235,10.2248637248121],[116.805483514534,10.2223062681891],[116.80500092519,10.2184678393537],[116.80451260729,10.214626725193],[116.804018559935,10.2107829362372],[116.80351878582,10.2069364812486],[116.803013285843,10.2030873698742],[116.802502060903,10.1992356099933],[116.801985112796,10.195381213906],[116.801637301288,10.1928101547662],[116.801110816666,10.1889513822186],[116.800578611573,10.1850899980158],[116.800040687804,10.1812260100393],[116.799497046259,10.177359427939],[116.798947688733,10.1734902622498],[116.798392617024,10.1696185208542],[116.79783183203,10.1657442151721],[116.797454801021,10.163159923614],[116.796884496579,10.1592813634089],[116.796308482446,10.1554002625939],[116.795726759519,10.1515166317064],[116.795139330494,10.1476304804003],[116.794546196268,10.143741816561],[116.79394735774,10.139850651612],[116.793342816706,10.1359569934397],[116.792732574066,10.1320608525841],[116.792116633412,10.1281622387013],[116.791494993845,10.1242611605637],[116.790867658061,10.1203576287124],[116.790234627857,10.1164516519209],[116.789595904131,10.1125432407315],[116.788951488678,10.1086324030341],[116.788301383297,10.1047191493718],[116.787864819137,10.102108976765],[116.787205233835,10.0981917178624],[116.786539963095,10.0942720693443],[116.785869007816,10.0903500391029],[116.785192369794,10.086425638568],[116.784510051725,10.0824988765172],[116.783822053609,10.0785697617281],[116.78312837814,10.0746383056325],[116.782429028013,10.0707045161245],[116.781724003228,10.0667684037525],[116.781013305583,10.0628299781805],[116.78029693867,10.0588892490733],[116.77957490159,10.0549462252115],[116.778847198837,10.0510009180298],[116.778113830408,10.0470533354254],[116.777374798102,10.0431034879494],[116.776878964896,10.0404690026249],[116.776130498483,10.0365154011577],[116.775376373582,10.0325595611888],[116.774616591989,10.0286014906174],[116.773851155502,10.0246412017664],[116.773080065917,10.0206787016512],[116.772303325928,10.0167140017113],[116.771520937333,10.0127471107321],[116.77073290103,10.0087780392695],[116.769939219713,10.0048067961102],[116.76913989518,10.0008333918106],[116.768334929227,9.99685783604343],[116.767524324549,9.99288013759673],[116.766708082044,9.98890030791332],[116.765886204408,9.98491835489776],[116.765058694334,9.98093428999389],[116.76450389212,9.97827707745557],[116.763666997347,9.97428951266506],[116.762824474628,9.97029986149222],[116.76197632666,9.96630813361333],[116.761122555237,9.96231433782037],[116.760263162158,9.95831848556011],[116.759398150116,9.95432058562555],[116.758527520909,9.95032064857974],[116.757651276333,9.94631868321666],[116.756769419083,9.94231470010037],[116.755881950956,9.93830870891067],[116.754988874647,9.93430071932779],[116.754090191952,9.9302907419174],[116.753185905566,9.92627878459106],[116.752276016388,9.92226485968518],[116.751360528909,9.91824897511225],[116.750747093656,9.91557063540887],[116.749822277172,9.91155150791327],[116.748891867778,9.9075304480474],[116.747955867269,9.90350746549544],[116.747014277443,9.89948256994201],[116.746067101892,9.89545577107228],[116.745114341515,9.89142707945691],[116.744155999007,9.88739650478205],[116.743192077063,9.88336405673441],[116.742222577479,9.87932974500118],[116.741247503849,9.87529357927008],[116.740266857969,9.8712555709993],[116.739280641636,9.86721572810758],[116.738288857545,9.86317406205423],[116.737291508391,9.8591305816439],[116.736288596868,9.85508529833695],[116.735616900479,9.8523874443145],[116.734604723733,9.8483391761418],[116.733586990008,9.84428913062066],[116.732563703797,9.84023731744328],[116.731534865997,9.83618374630227],[116.730500480201,9.83212842866099],[116.729460549106,9.82807137244289],[116.728415073609,9.82401258911236],[116.727364058201,9.81995208836422],[116.726307503781,9.81588987900837],[116.725245414841,9.81182597251093],[116.724177792279,9.80776037856814],[116.723104639687,9.80369310687677],[116.722025959762,9.7996241680192],[116.7209417543,9.79555357080812],[116.719852026893,9.7914813258269],[116.719122475407,9.78876558491699],[116.71802355015,9.78469061687756],[116.716919110136,9.78061402663762],[116.71580915716,9.77653582566779],[116.714693694818,9.77245602455402],[116.713572725802,9.76837463211228],[116.712446252809,9.76429165804428],[116.711314277635,9.76020711382285],[116.710176804771,9.75612100915071],[116.709033836014,9.75203335284588],[116.707885374059,9.74794415638275],[116.7067314225,9.74385342946568],[116.70557198403,9.73976118179939],[116.704407060448,9.73566742308931],[116.703236655346,9.73157216481201],[116.702060772317,9.72747541578841],[116.701273807704,9.72474342648318],[116.700088799588,9.72064421553577],[116.698898320733,9.71654354120399],[116.697702373832,9.71244141408147],[116.69650096248,9.7083378429916],[116.69529408937,9.70423283852907],[116.6940817563,9.7001264112892],[116.692863967762,9.69601857098229],[116.692049079018,9.69327923044842],[116.690822204021,9.68916905798714],[116.689589880741,9.68505749894586],[116.688352112772,9.68094456392237],[116.687108902809,9.67683026262932],[116.685860253548,9.67271460655116],[116.684606169478,9.66859760451604],[116.6833466515,9.66447926623824],[116.682503957203,9.66173297092007],[116.681235392292,9.65761243030862],[116.679961403352,9.65349058172338],[116.678681993979,9.64936743399496],[116.677397165069,9.64524299772558],[116.676106922911,9.64111728440383],[116.674811267505,9.63699030286172],[116.67351020514,9.63286206370322],[116.672203736713,9.62873257753274],[116.670891865819,9.62460185318395],[116.669574596947,9.62046990214796],[116.668251932794,9.61633673414513],[116.666923875156,9.61220235978202],[116.665590429423,9.60806678789429],[116.66425159829,9.60393002997523],[116.662907383553,9.59979209574728],[116.662008252599,9.59703282512181],[116.660655075371,9.59289295277309],[116.65929652442,9.58875193152062],[116.657932603341,9.58460977197456],[116.656563315727,9.5804664829739],[116.655188664272,9.57632207601554],[116.653808653468,9.57217656082534],[116.652423285111,9.56802994712966],[116.651032563694,9.56388224554126],[116.649636492809,9.5597334666733],[116.64823507605,9.55558362113964],[116.646828315214,9.55143271689695],[116.645416215689,9.54728076721764],[116.643998780172,9.54312778005945],[116.642576012256,9.53897376603825],[116.641147915533,9.53481873577042],[116.6401928923,9.53204815710642],[116.638755922018,9.52789145580175],[116.637313631914,9.52373376567756],[116.63586602558,9.5195750973521],[116.634413107507,9.51541546055836],[116.632954880391,9.51125486502972],[116.631491347825,9.50709332227212],[116.630022514301,9.50293084113396],[116.628548381615,9.49876743312224],[116.627068956055,9.49460310708645],[116.625584239418,9.49043787542063],[116.624094235297,9.48627174608925],[116.622598948184,9.48210473060134],[116.621098381672,9.4779368395806],[116.619592538456,9.47376808187895],[116.618081423926,9.46959846900713],[116.61707108693,9.46681825711376],[116.615551193164,9.4626472413886],[116.614026037068,9.45847539705604],[116.612495623133,9.45430273562874],[116.610959954053,9.45012926596152],[116.60941903432,9.44595499956814],[116.60787286663,9.44177994619058],[116.606321456371,9.43760411557137],[116.604764807138,9.43342751922583],[116.603202921625,9.42925016689748],[116.601635804323,9.42507206833038],[116.600063458827,9.42089323415528],[116.598485889627,9.41671367500339],[116.596903100317,9.41253340150652],[116.595315095389,9.40835242341079],[116.593721877537,9.40417075046281],[116.59265683853,9.40138258857283],[116.591054942054,9.39719978116754],[116.589447844332,9.39301630815301],[116.58783554806,9.38883217839133],[116.586218058628,9.38464740251788],[116.584595378729,9.38046199116833],[116.582967513755,9.37627595409272],[116.5813344664,9.37208930281417],[116.579696241156,9.36790204531104],[116.578052842514,9.36371419488014],[116.576404273169,9.35952575950085],[116.57475053941,9.35533675069839],[116.573091643033,9.35114717822579],[116.571427590326,9.34695705272295],[116.569758383085,9.34276638483032],[116.5680840276,9.33857518518887],[116.566964931572,9.33578076052185],[116.565282002566,9.33158869591655],[116.563593936095,9.32739612616796],[116.561900734854,9.32320306280533],[116.560202404232,9.31900951469916],[116.558498946925,9.31481549337978],[116.556790369221,9.31062100860509],[116.555076673815,9.30642607013347],[116.553357866096,9.30223068949682],[116.55163394876,9.29803487734112],[116.549904927197,9.29383864253972],[116.548170804999,9.2896419957396],[116.546431587558,9.28544494847469],[116.544687277566,9.28124750961992],[116.542937880416,9.27704969159685],[116.541183400597,9.27285150239482],[116.540010925777,9.27005250880604],[116.53824798293,9.26585372611571],[116.536479969093,9.26165460153274],[116.534706888759,9.2574551439348],[116.532928744621,9.25325536485985],[116.531145542968,9.24905527495969],[116.529357287393,9.24485488400017],[116.527563981489,9.24065420263409],[116.525765630647,9.23645324062825],[116.523962239358,9.23225200863646],[116.522153812114,9.22805051731316],[116.520340352507,9.22384877731329],[116.518521865928,9.21964679840551],[116.51669835597,9.21544459124574],[116.514869828022,9.21124216649041],[116.513036286577,9.20703953390976],[116.511811141735,9.20423766833189],[116.509969254043,9.20003471305899],[116.508122364531,9.19583157838163],[116.506270477691,9.19162827407185],[116.504413598015,9.18742480990206],[116.502551730893,9.18322119830563],[116.500684879917,9.17901744728242],[116.49881304958,9.17481356926678],[116.49756239977,9.17201091751977],[116.495682281576,9.16780684917723],[116.493797198393,9.16360268138662],[116.491907152018,9.15939842303685],[116.49001214874,9.15519408479096],[116.488112193948,9.15098967908628],[116.486207290337,9.14678521392627],[116.484297444195,9.1425806999755],[116.483021469081,9.1397776698868],[116.481103395269,9.13557309890971],[116.479180389707,9.13136850847002],[116.47725245958,9.12716390746027],[116.475319607584,9.12295930654734],[116.473381840006,9.11875471728555],[116.471439160441,9.11455014856884],[116.469491574277,9.11034561106555],[116.467539086905,9.10614111544456],[116.465581701919,9.10193667326211],[116.463619424707,9.0977322925271],[116.46165226066,9.09352798568382],[116.459680213372,9.08932376251604],[116.457703289129,9.08511963280803],[116.455721491526,9.08091560723156],[116.453734825953,9.07671169734593],[116.452407681003,9.07390915918164],[116.450412913525,9.06970546257898],[116.448413290652,9.06550190924185],[116.446408818673,9.0612985089572],[116.444399502079,9.05709527151246],[116.442385345363,9.0528922075826],[116.440366353016,9.04868932784312],[116.438342531326,9.04448664208285],[116.436313884785,9.04028416186535],[116.434280417883,9.03608189698047],[116.432242136012,9.03187985810556],[116.430199043663,9.02767805503135],[116.428151147123,9.02347649754903],[116.426098450885,9.0192751981118],[116.424040959439,9.01507416562458],[116.421978678177,9.01087341076718],[116.420601165588,9.00807306700901],[116.418530913574,9.00387279771491],[116.416455884319,8.99967283364515],[116.41437608501,8.99547318636855],[116.412291519241,8.99127386479253],[116.410202193298,8.98707487959967],[116.408108111675,8.98287624147282],[116.40600927976,8.9786779610955],[116.403905702046,8.97448004826425],[116.40179738482,8.97028251366343],[116.399684332575,8.9660853679779],[116.397566550699,8.96188862100563],[116.395444044583,8.95769228254502],[116.393316818719,8.953496365057],[116.391184879395,8.94930087745361],[116.389048232,8.9451058295346],[116.387621186306,8.94230938122477],[116.385476702009,8.93811509134253],[116.383327524014,8.93392126964606],[116.381173655915,8.92972792682424],[116.379015104899,8.92553507267894],[116.376851874558,8.92134271789995],[116.374683970283,8.91715087317758],[116.37251139926,8.91295954831503],[116.370334165082,8.90876875489101],[116.368152274038,8.90457850093463],[116.365965730619,8.90038879980052],[116.363774541113,8.8961996595187],[116.361578710911,8.89201109078217],[116.359378244503,8.88782310517191],[116.357173149077,8.88363571249433],[116.354963428225,8.87944892344376],[116.353487713606,8.87665807015684],[116.351270296887,8.87247230914278],[116.349048270014,8.86828717850113],[116.346821639276,8.86410268981552],[116.344590408265,8.85991885200726],[116.342354584167,8.8557356766609],[116.340114171476,8.85155317358616],[116.337869176478,8.84737135348091],[116.335619604564,8.84319022615576],[116.333365460225,8.83900980230944],[116.331106750647,8.83483009175345],[116.328843480323,8.83065110607509],[116.326575655541,8.82647285508668],[116.32430328169,8.8222953486011],[116.32202636416,8.81811859731925],[116.319744908341,8.81394261105481],[116.318221419518,8.81115905175569],[116.315932412461,8.8069843645982],[116.313638883285,8.80281047099727],[116.311340836481,8.79863738165585],[116.30903827744,8.794465105502],[116.306731213348,8.79029365412723],[116.304419648696,8.78612303646033],[116.302103589772,8.78195326409382],[116.299783041069,8.7777843477329],[116.297458010671,8.77361629630753],[116.295128502171,8.76944912052373],[116.292794521858,8.76528283197587],[116.290456075121,8.76111743870731],[116.288113169147,8.75695295320102],[116.285765809326,8.75278938527697],[116.283414000149,8.74862674475546],[116.281843658794,8.74585217155338],[116.279484448398,8.74169109961206],[116.277120804815,8.73753098274263],[116.274752734335,8.73337183165489],[116.272380242347,8.72921365617106],[116.27000333514,8.72505646700178],[116.267622018103,8.72090027397012],[116.265236297524,8.7167450877875],[116.262846178794,8.71259091916583],[116.2604516682,8.70843777704147],[116.258052771133,8.70428567301507],[116.255649494778,8.7001346169118],[116.253241843628,8.69598461855717],[116.250829823971,8.69183568866516],[116.248413442994,8.68768783795008],[116.245992704289,8.6835410771268],[116.244376461718,8.68077717967854],[116.241948477201,8.67663225619319],[116.239516151127,8.67248844851028],[116.237079490682,8.66834576912219],[116.234638502154,8.66420422608149],[116.232193190932,8.66006383010523],[116.229743564204,8.65592459191092],[116.227289626461,8.65178652221653],[116.225651276351,8.64902846321763],[116.223190168255,8.64489236217754],[116.220724766213,8.64075745733238],[116.218255076511,8.63662375762534],[116.215781104541,8.63249127377624],[116.213302856589,8.62836001650529],[116.210820338945,8.6242299947568],[116.208333556999,8.62010122013995],[116.206673337403,8.61734940164385],[116.204179464156,8.61322272703684],[116.201681342775,8.60909732726464],[116.199178981347,8.60497321127334],[116.196672384362,8.60085038978579],[116.194161559007,8.5967288726371],[116.191646510672,8.59260867143908],[116.189127246543,8.58848979425115],[116.18660377201,8.58437225268597],[116.18407609426,8.58025605746836],[116.181544218683,8.57614121754707],[116.179008150669,8.57202774364765],[116.1764678992,8.56791564560788],[116.17392346787,8.56380493504243],[116.171374863865,8.55969562001315],[116.168822093475,8.5555877121355],[116.167117935482,8.5528498938993],[116.164558235487,8.54874435422527],[116.161994386174,8.54464024764555],[116.159426393831,8.54053758666535],[116.156854264746,8.53643637934863],[116.154278005207,8.53233663642466],[116.151697621503,8.52823836862313],[116.149113119922,8.52414158578576],[116.146524507649,8.520046298643],[116.143931789178,8.51595251614888],[116.141334973491,8.51186024992306],[116.138734065079,8.50776950892021],[116.136129070231,8.50368030387232],[116.133519997031,8.49959264551173],[116.130906850871,8.49550654279418],[116.128289638036,8.49142200645283],[116.126542572912,8.48869985720815],[116.123918597561,8.48461795386516],[116.121290572604,8.48053764463311],[116.11865850433,8.47645893846949],[116.116022400823,8.47238184610905],[116.113382266576,8.46830637739841],[116.110738109674,8.46423254307312],[116.108089936403,8.4601603520919],[116.105437753053,8.45608981607955],[116.102781565912,8.45202094399558],[116.100121381268,8.44795374568833],[116.097457206307,8.44388823278369],[116.094789048217,8.43982441424217],[116.092116911488,8.43576230080176],[116.089440805104,8.43170190231224],[116.086760734454,8.42764322862373],[116.084971821312,8.42493840916416],[116.082285158825,8.42088263252776],[116.079594549141,8.41682860755341],[116.076900000344,8.41277634498112],[116.074201517824,8.40872585466261],[116.071499108768,8.40467714556129],[116.068792780363,8.40063022930685],[116.066082537998,8.39658511486332],[116.063368389758,8.39254181297244],[116.060650341932,8.38850033348762],[116.057928399908,8.38446068537384],[116.055202572671,8.38042288115133],[116.052472865611,8.37638692800827],[116.049739285015,8.37235283846561],[116.047001838968,8.36832062060088],[116.044260533759,8.36429028604693],[116.04243085507,8.36160444651856],[116.039683132296,8.35757727143389],[116.036931568326,8.35355200564636],[116.034176169448,8.34952865901255],[116.031416942849,8.3455072422781],[116.028653894817,8.34148776441143],[116.025887033436,8.33747023527006],[116.023116364097,8.33345466560064],[116.020341894884,8.32944106615019],[116.017563631187,8.32542944499949],[116.01478158199,8.32141981289622],[116.011995751784,8.31741218058831],[116.009206149552,8.31340655793522],[116.006412779785,8.30940295390779],[116.003615652366,8.30540137836613],[116.000814771785,8.30140184294828],[115.998945436968,8.29873662280414],[115.996138317588,8.29474050762899],[115.993327464809,8.29074645768832],[115.990512884022,8.28675448373254],[115.98769458421,8.28276459473456],[115.984872571661,8.27877680144537],[115.982046852663,8.27479111372743],[115.979217434402,8.27080754055446],[115.976384323167,8.26682609356744],[115.973547527942,8.26284678085175],[115.970707054115,8.2588696131599],[115.967862909772,8.2548946003559],[115.965015100303,8.2509217523039],[115.962163633792,8.24695107886839],[115.959308518325,8.24298258991423],[115.956449758392,8.23901629530647],[115.954541898425,8.23637332326054],[115.951677083848,8.23241070801759],[115.948808643669,8.22845031313306],[115.945936587772,8.22449214936215],[115.943060920648,8.22053622568227],[115.940181651279,8.21658255196012],[115.937298785954,8.21263113895181],[115.934412331859,8.2086819956356],[115.931522296182,8.20473513276819],[115.928628686108,8.2007905584392],[115.925731508824,8.19684828429503],[115.922830770618,8.19290831931507],[115.919926480473,8.18897067336793],[115.91701864378,8.18503535632272],[115.914107268623,8.18110237715944],[115.91119236129,8.17717174752609],[115.909247132306,8.17455263706069],[115.906326355381,8.17062594247721],[115.903402066942,8.16670162255825],[115.900474272378,8.16277968717432],[115.897542980672,8.15886014619629],[115.894608199012,8.15494300860599],[115.891669932787,8.15102828427487],[115.88872819098,8.1471159839637],[115.886765101691,8.14450913492486],[115.883817582819,8.14060089441104],[115.880866606331,8.13669510394656],[115.87791218121,8.13279177251468],[115.874954312847,8.12889090909905],[115.871993010225,8.12499252535136],[115.86902828053,8.12109662847716],[115.866060129152,8.11720323012865],[115.864079466121,8.11460902398885]]],[[[118.268250420308,14.8987428439744],[118.266407013564,14.8964089289297],[118.2645594054,14.894078119087],[118.262707613782,14.8917504371231],[118.260851656676,14.8894259057159],[118.258991552946,14.8871045492801],[118.257127319661,14.8847863904952],[118.255258976584,14.8824714511732],[118.253698898481,14.8805448116926],[118.251823067946,14.8782358356291],[118.249943178822,14.8759301453192],[118.248059250873,14.8736277625779],[118.246171302963,14.8713287109576],[118.24427935216,14.8690330131429],[118.242383418227,14.8667406918197],[118.24048351913,14.8644517696741],[118.238897255137,14.8625469475681],[118.23699013628,14.8602643158588],[118.235079106159,14.8579851478988],[118.233164182739,14.8557094655092],[118.231245385784,14.8534372922482],[118.229322734157,14.8511686499383],[118.227396246725,14.848903561271],[118.225465943249,14.8466420489386],[118.223854454563,14.8447602039053],[118.22191720172,14.8425053057994],[118.219976186733,14.840254047748],[118.218031428466,14.8380064507096],[118.216082945783,14.8357625391165],[118.214130757551,14.8335223330599],[118.21217488353,14.8312858569739],[118.210215342587,14.829053130951],[118.208579605676,14.8271954073547],[118.206613392945,14.8249696159559],[118.204643568987,14.822747637487],[118.202670152666,14.8205294955168],[118.200693163744,14.8183152110097],[118.198712621088,14.8161048057987],[118.196728544459,14.8138983025865],[118.19474095452,14.811695722339],[118.193081959328,14.8098632526656],[118.191087976976,14.8076679223052],[118.189090537009,14.8054765777909],[118.187089657393,14.8032892400913],[118.185085359688,14.8011059319124],[118.183077661859,14.7989266733554],[118.181066585466,14.7967514871278],[118.179052148475,14.7945803950691],[118.177370899319,14.7927742938282],[118.175350355581,14.7906107626478],[118.173326508738,14.7884513859254],[118.171299378553,14.7862961855029],[118.169268984788,14.7841451832224],[118.167235348105,14.7819983991896],[118.165198489165,14.7798558552479],[118.163158425935,14.7777175723727],[118.161455941504,14.7759389412894],[118.159410059885,14.7738085268756],[118.157361031468,14.77168243383],[118.155308877812,14.76956068313],[118.153596376267,14.7677958904787],[118.151538545258,14.7656821559542],[118.149477645605,14.7635728240828],[118.147413697968,14.761467915844],[118.145691428142,14.7597172186094],[118.143621945984,14.7576204734054],[118.141549474233,14.7555282104095],[118.139474032652,14.753440450603],[118.137395641902,14.7513572149678],[118.135314322644,14.7492785227484],[118.133230095539,14.7472043966652],[118.131142981249,14.7451348559637],[118.1294015279,14.7434137564085],[118.127309172839,14.7413526768846],[118.125213988982,14.7392962404599],[118.123115996993,14.7372444689878],[118.12101521753,14.7351973817163],[118.118911671257,14.733154999631],[118.116805377936,14.7311173437181],[118.114696360024,14.7290844323579],[118.112936777775,14.7273939798344],[118.110822817332,14.7253698208945],[118.10870619069,14.7233504659715],[118.10658691851,14.7213359325782],[118.10446502235,14.719326242572],[118.102340521974,14.7173214160729],[118.100213438942,14.7153214714637],[118.098083794814,14.7133264288653],[118.096307149964,14.7116676537812],[118.094172863341,14.7096816514151],[118.092036075809,14.707700607057],[118.089896807131,14.7057245416977],[118.087755078864,14.7037534745911],[118.085610911672,14.7017874241219],[118.083464327114,14.6998264112824],[118.08131534585,14.6978704553271],[118.079522713683,14.6962443682554],[118.077369394455,14.6942977325638],[118.075213739607,14.6923562088917],[118.073055769801,14.690419816495],[118.070895505697,14.6884885728917],[118.068732970652,14.6865624990759],[118.066568183531,14.6846416143042],[118.06440116769,14.6827259369644],[118.062593633371,14.6811335303607],[118.06042258589,14.6792274490046],[118.058249368979,14.677326629353],[118.056074004195,14.6754310906636],[118.053896513997,14.6735408495875],[118.051716919945,14.6716559279897],[118.049535241802,14.6697763416527],[118.047351502923,14.6679021115732],[118.045530161498,14.6663443571475],[118.043342699103,14.6644799935859],[118.041153237057,14.6626210379524],[118.038961796023,14.6607675086372],[118.03676839756,14.658919424031],[118.034573064126,14.6570768033935],[118.032375816383,14.6552396633775],[118.030176676787,14.6534080241122],[118.028342631387,14.6518858728077],[118.026140079989,14.6500643636646],[118.023935696927,14.6482484060775],[118.021729506455,14.6464380175689],[118.019889648057,14.6449336289445],[118.017680197598,14.6431334975653],[118.015468999916,14.6413389878096],[118.013256077469,14.6395501154622],[118.011410672872,14.6380637085169],[118.00919464405,14.6362852185711],[118.006976951549,14.6345124177107],[118.004757618724,14.632745323459],[118.002536665338,14.6309839524705],[118.000314115646,14.6292283222684],[117.99808998941,14.6274784512459],[117.995864309089,14.6257343560572],[117.994008404983,14.6242853681151],[117.991779934495,14.6225519076615],[117.989549971905,14.6208242721132],[117.987318539672,14.6191024789941],[117.98508566115,14.6173865458279],[117.982851356104,14.6156764884004],[117.980615648788,14.6139723242354],[117.978378559863,14.6122740717262],[117.976513280041,14.6108633878263],[117.974273716257,14.6091760136993],[117.972032833746,14.6074945985617],[117.969790654967,14.6058191581989],[117.967547201478,14.6041497092656],[117.965302496636,14.6024862692859],[117.963056561102,14.600828853176],[117.960809417334,14.5991774784597],[117.958935890977,14.5978059601827],[117.956686591253,14.5961657040192],[117.954436145278,14.594531535713],[117.952184577307,14.5929034710494],[117.9499319089,14.5912815266829],[117.947678161616,14.5896657192678],[117.945423358812,14.5880560637198],[117.943167521148,14.5864525766933],[117.941286883728,14.5851210604019],[117.93902920901,14.5835289234003],[117.936770564111,14.5819430005128],[117.934510969693,14.5803633057853],[117.932250450011,14.578789856741],[117.929989025725,14.5772226682948],[117.927726720191,14.575661756231],[117.925463555868,14.5741071354642],[117.92357694555,14.57281643576],[117.921312263074,14.5712733903943],[117.919046785589,14.5697366810465],[117.916780534655,14.5682063217613],[117.914513531831,14.5666823291914],[117.912245801372,14.5651647173814],[117.90997736304,14.5636535021143],[117.907708241988,14.5621486974341],[117.90581680053,14.5608996027901],[117.903546482923,14.5594065919161],[117.901275545478,14.5579200346074],[117.899004008856,14.5564399457768],[117.896731897313,14.5549663394673],[117.89445923151,14.5534992323301],[117.8921860357,14.5520386366691],[117.889912331444,14.5505845682656],[117.888017205096,14.5493778418755],[117.885742626779,14.5479357769677],[117.883467603797,14.5465002805522],[117.881192157707,14.545071365801],[117.879295647056,14.5438856423239],[117.877019485009,14.5424688328407],[117.874742965433,14.541058644515],[117.87246610809,14.5396550931263],[117.870568487121,14.5384905471727],[117.868291071925,14.5370991984698],[117.866013384539,14.5357145261942],[117.863735447421,14.5343365435158],[117.861457282131,14.5329652636041],[117.859178912025,14.5316007013677],[117.856900358663,14.5302428691061],[117.8546216463,14.5288917817271],[117.852722612281,14.5277710369703],[117.85044366366,14.5264323479974],[117.84816461892,14.5251004416516],[117.845885500517,14.5237753302308],[117.843606330013,14.5224570277717],[117.841327130762,14.5211455474412],[117.839047925223,14.5198409006665],[117.836768734956,14.5185431023529],[117.834869438629,14.5174668442954],[117.832590337294,14.5161816339852],[117.830311315012,14.5149033072641],[117.828032395137,14.5136318781666],[117.825753600128,14.5123673581178],[117.823474951545,14.5111097602815],[117.821196473641,14.5098590978215],[117.818918187977,14.5086153821617],[117.817019779186,14.5075842683417],[117.814741904052,14.5063533215453],[117.812464284938,14.5051293566686],[117.810186943403,14.5039123860034],[117.807909903702,14.5027024227112],[117.805633186497,14.5014994773436],[117.803356816041,14.5003035621916],[117.801080812996,14.4991146895453],[117.799184441584,14.4981293512582],[117.796909172462,14.4969534204631],[117.794634335431,14.4957845655445],[117.792359952947,14.4946227987909],[117.79008604657,14.4934681298816],[117.787812639656,14.4923205728434],[117.785539754663,14.491180136485],[117.78326741405,14.4900468348325],[117.781374228063,14.4891078736345],[117.77910294297,14.4879876780738],[117.776832265138,14.4868746479702],[117.774562217924,14.4857687947391],[117.772292822886,14.4846701280555],[117.770024102483,14.4835786593337],[117.767756080071,14.4824944008573],[117.765488776312,14.48141736143],[117.7635999229,14.4805253517304],[117.761333997156,14.479461577363],[117.759068854743,14.4784050527849],[117.75680451722,14.4773557885377],[117.754541007944,14.4763137960319],[117.752278347576,14.4752790849382],[117.750016560371,14.4742516649267],[117.747755668786,14.4732315482764],[117.745872290605,14.4723870355817],[117.743613096836,14.4713803315937],[117.741354860671,14.4703809590856],[117.739097604568,14.469388926855],[117.73721732288,14.4685678474191],[117.7349619209,14.4675892990046],[117.73270756366,14.4666181189803],[117.730454270924,14.4656543161414],[117.728577357918,14.4648567912029],[117.72632607651,14.463906540709],[117.724075924284,14.4629636955071],[117.7218269228,14.46202826526],[117.719579093618,14.4611002587602],[117.717332460093,14.4601796847998],[117.715087043785,14.4592665539095],[117.712842867152,14.4583608740103],[117.710973682353,14.4576118397809],[117.708731835052,14.4567198449151],[117.706491290308,14.4558353265238],[117.704252069681,14.4549582942652],[117.702014195628,14.454088756057],[117.69977768971,14.4532267215563],[117.697542574383,14.4523721978095],[117.695308872107,14.4515251953424],[117.69344854829,14.4508251105356],[117.691217493349,14.449991916152],[117.688987912543,14.4491662659077],[117.686759829228,14.4483481685859],[117.684533264965,14.4475376312294],[117.682308242211,14.4467346617504],[117.680084781627,14.44593926893],[117.67786290657,14.445151461549],[117.676012570222,14.4445007533085],[117.67379365691,14.4437268708988],[117.671576391109,14.4429605941637],[117.669360794377,14.4422019310113],[117.667146888274,14.4414508902188],[117.664934695259,14.4407074788232],[117.662724235992,14.4399717029906],[117.660515532932,14.4392435723662],[117.658676305151,14.4386426406024],[117.656470879145,14.4379285413219],[117.65426727043,14.4372221074694],[117.652065501465,14.4365233443378],[117.649865594708,14.4358322589592],[117.64766757082,14.4351488592346],[117.64547145136,14.4344731521948],[117.643277258786,14.4338051431296],[117.641450252585,14.4332543544187],[117.639259647883,14.4326004769009],[117.637071031152,14.4319543175618],[117.634884424851,14.4313158808184],[117.632699848742,14.4306851754369],[117.630517325284,14.4300622058331],[117.628336876036,14.4294469790318],[117.626158521659,14.4288395011871],[117.624344843762,14.4283391939795],[117.622170388073,14.4277459382343],[117.619998088342,14.4271604481534],[117.617827967024,14.4265827298879],[117.615660044783,14.4260127887184],[117.614576915502,14.4257307364121],[117.613494344075,14.4254506307946],[117.612412333197,14.4251724727433],[117.611330884664,14.4248962613954],[117.610250002968,14.4246219993683],[117.609169689007,14.4243496866691],[117.607370437155,14.4239001660598],[117.606291653025,14.4236330542133],[117.605213447411,14.4233678943307],[117.604135822108,14.423104687289],[117.603058780709,14.4228434330952],[117.601982325013,14.422584131756],[117.60090645951,14.4223267858884],[117.599114664572,14.4219022199765],[117.598040381901,14.4216500881528],[117.596966697507,14.4213999135652],[117.595893614984,14.4211516953505],[117.594821136129,14.420905436125],[117.593749263637,14.4206611341554],[117.592678001101,14.4204187920581],[117.590893923591,14.4200192441418],[117.589824298684,14.4197821292719],[117.588755291818,14.4195469751675],[117.587686907484,14.4193137835749],[117.586619146581,14.4190825545002],[117.585552012702,14.4188532879496],[117.584485508542,14.4186259856692],[117.583419636797,14.418400647665],[117.582354399261,14.4181772739429],[117.581289798632,14.4179558653789],[117.580225838501,14.4177364237189],[117.579162521563,14.4175189472286],[117.578099848718,14.417303438524],[117.577037824457,14.4170898967406],[117.575976450576,14.4168783236242],[117.574208946982,14.4165300758209],[117.573149320324,14.4163237536704],[117.572090354826,14.4161194002073],[117.571032050488,14.4159170180469],[117.5699744127,14.4157166063248],[117.568917442361,14.4155181667861],[117.567861142164,14.4153216985662],[117.566805515704,14.4151272034104],[117.565750564777,14.4149346804537],[117.564696292078,14.4147441314415],[117.563642700302,14.4145555555086],[117.562589792144,14.4143689544002],[117.561537569401,14.4141843289913],[117.560486036564,14.4140016775467],[117.559435194531,14.4138210026814],[117.557685334748,14.413524268674],[117.556636348634,14.4133488650002],[117.555588063207,14.413175437923],[117.554540482058,14.4130039883172],[117.553493606087,14.4128345170572],[117.552447439786,14.4126670250178],[117.551401984051,14.4125015122033],[117.550357241579,14.4123379777481],[117.549313215963,14.4121764242667],[117.548269908999,14.4120168500234],[117.547227323381,14.4118592576324],[117.546185462705,14.4117036453579],[117.545144327867,14.4115500149442],[117.544103922461,14.4113983663954],[117.543064248284,14.4112487005855],[117.541333091425,14.4110036624097],[117.540295381863,14.410859283633],[117.539258413412,14.4107168884797],[117.538222187867,14.4105764778237],[117.53718670972,14.4104380507986],[117.536151978972,14.4103016082782],[117.535118001012,14.4101671511362],[117.53408477584,14.4100346793762],[117.533052307948,14.4099041930016],[117.532020598234,14.4097756928861],[117.53098965119,14.4096491790331],[117.529959467714,14.409524651446],[117.528930050501,14.4094021109981],[117.527901403144,14.4092815576928],[117.526873526541,14.4091629915333],[117.525162121839,14.4089697995721],[117.524136316751,14.4088565345134],[117.523111292299,14.408745259222],[117.522087051179,14.4086359719607],[117.521063596084,14.4085286736026],[117.52004092971,14.4084233650205],[117.519019053854,14.4083200462173],[117.517997973006,14.4082187171958],[117.516977687168,14.4081193788287],[117.51595820083,14.4080220302487],[117.514939514891,14.4079266723283],[117.513921632944,14.4078333059403],[117.512904557685,14.407741930217],[117.51188829001,14.4076525460309],[117.510872834413,14.4075651525146],[117.509182218523,14.407423924624],[117.508168937747,14.4073418436314],[117.507156478032,14.4072617550569],[117.506144841173,14.4071836589026],[117.505134029866,14.4071075551705],[117.504124046805,14.4070334447328],[117.503114893788,14.4069613275916],[117.502106573509,14.4068912037486],[117.501099088663,14.4068230732058],[117.500092441946,14.4067569368351],[117.499086635153,14.4066927937683],[117.49808167098,14.4066306440069],[117.49707755302,14.4065704892928],[117.496074282172,14.4065123287576],[117.495071861129,14.4064561624028],[117.493403057233,14.4063669839077],[117.492402916115,14.4063161371147],[117.491403633786,14.4062672845075],[117.49040521384,14.4062204278273],[117.489407658971,14.4061755653354],[117.48841096918,14.4061326987731],[117.487415149857,14.4060918272715],[117.486420201899,14.4060529508316],[117.485426128003,14.4060160703247],[117.484432929963,14.4059811857516],[117.483440611374,14.4059482962432],[117.482449174033,14.4059174035407],[117.481458620634,14.4058885059045],[117.480468953872,14.4058616042057],[117.479480175544,14.4058366993149],[117.477834194245,14.4057996256166],[117.476847797351,14.4057800438104],[117.475862298772,14.4057624570744],[117.474877700305,14.4057468680192],[117.473894004644,14.405733274035],[117.472911213588,14.4057216768623],[117.471929330727,14.4057120765015],[117.470294881102,14.4057005115204],[117.469315429083,14.4056962342522],[117.468336893346,14.4056939537965],[117.467359276585,14.4056936701534],[117.466382581496,14.4056953824528],[117.465406808977,14.4056990915648],[117.46443196262,14.4057047966192],[117.462809282722,14.4057187421137],[117.461836917512,14.4057297711303],[117.46086548655,14.4057427969586],[117.45989499343,14.405757818728],[117.458925439049,14.4057748364383],[117.457956827,14.405793850959],[117.456989159081,14.4058148614195],[117.456022437987,14.4058378678194],[117.455056666411,14.4058628710279],[117.454091845253,14.4058898693044],[117.453127979005,14.4059188643881],[117.452165068563,14.4059498545383],[117.451203116625,14.4059828414943],[117.450242125883,14.4060178235149],[117.449282098136,14.4060548014694],[117.447684199163,14.4061208658325],[117.446726752275,14.4061631651121],[117.445770277365,14.4062074594515],[117.444814776228,14.4062537488496],[117.443860252458,14.4063020333051],[117.442906707852,14.4063523128168],[117.441954144206,14.4064045873832],[117.441002565114,14.406458856133],[117.440051971473,14.4065151199347],[117.43910236598,14.4065733779167],[117.438153752226,14.4066336300775],[117.437206131111,14.4066958764154],[117.436259505329,14.4067601169289],[117.435313877576,14.4068263516162],[117.434369250546,14.4068945787353],[117.432797099984,14.4070127215088],[117.43185515173,14.4070862646707],[117.430914211385,14.4071618011275],[117.429974282544,14.4072393300073],[117.429035366104,14.4073188521779],[117.428097466557,14.407400365897],[117.427160583903,14.4074838720327],[117.426224721735,14.4075693705826],[117.425289882748,14.4076568606744],[117.424356068738,14.4077463423057],[117.423423281504,14.4078378146042],[117.422491523738,14.4079312793073],[117.421560798137,14.4080267338026],[117.420631106496,14.4081241789574],[117.419702450614,14.4082236156392],[117.418157001575,14.4083937638303],[117.417231121487,14.4084985068873],[117.41630628524,14.4086052388513],[117.415382497328,14.4087139597192],[117.41445975775,14.4088246694881],[117.413538070997,14.4089373681551],[117.412617437069,14.4090520548472],[117.411697859561,14.4091687304313],[117.410779341166,14.4092873931641],[117.409861882783,14.4094080430425],[117.408945487107,14.4095306809334],[117.408030156833,14.4096553050933],[117.407115894656,14.4097819163889],[117.406202702373,14.4099105139469],[117.405290580881,14.4100410968937],[117.403772768512,14.4102631475875],[117.402863517138,14.4103990254674],[117.401955346437,14.4105368869829],[117.401048258206,14.4106767338706],[117.400142254241,14.4108185643865],[117.399237338136,14.4109623785268],[117.39833351079,14.4111081762879],[117.397430774896,14.4112559567956],[117.396529132252,14.411405719176],[117.395628585553,14.4115574651652],[117.394729137493,14.411711192149],[117.393830788971,14.4118669001233],[117.392933543581,14.412024589954],[117.392037403118,14.4121842598969],[117.391142368481,14.4123459108176],[117.389653111759,14.4126197277001],[117.388761040664,14.4127866568571],[117.387870084379,14.4129555652359],[117.386980245598,14.4131264510919],[117.386091526117,14.4132993161606],[117.385203928633,14.4134741578272],[117.384317454043,14.4136509760872],[117.38343210594,14.4138297718058],[117.382547887019,14.4140105432383],[117.381664797281,14.4141932903797],[117.380782840318,14.4143780132253],[117.379902017927,14.4145647109002],[117.379022332804,14.4147533825292],[117.378143786744,14.4149440281074],[117.377266381545,14.4151366467597],[117.375806582377,14.415462061862],[117.37493223145,14.4156599411501],[117.374059029468,14.4158597917531],[117.373186979126,14.4160616136658],[117.372316081323,14.4162654051428],[117.371446340549,14.4164711679188],[117.370577756806,14.4166788993781],[117.369710332788,14.4168886003853],[117.36884407119,14.4171002700649],[117.367978973809,14.4173139075412],[117.36711504244,14.4175295128085],[117.36625227978,14.417747084121],[117.365390686726,14.417966622343],[117.364530267771,14.4181881265988],[117.363671022913,14.4184115960123],[117.362241565243,14.4187884105861],[117.361385463591,14.4190171186513],[117.36053054502,14.4192477892423],[117.359676810428,14.4194804223531],[117.358824263409,14.4197150179773],[117.357972904862,14.419951574369],[117.35712273748,14.4201900923916],[117.35570844427,14.4205919777258],[117.354861463213,14.4208357220936],[117.354015680508,14.4210814245892],[117.353171098851,14.421329085206],[117.352327720038,14.4215787030674],[117.351485545866,14.4218302781669],[117.35064457903,14.4220838096278],[117.349245655994,14.4225107068077],[117.348407917703,14.4227694514295],[117.347571393934,14.4230301497781],[117.346736087382,14.4232928018465],[117.345901999844,14.4235574058877],[117.345069132218,14.4238239627649],[117.344237488098,14.4240924698609],[117.343407068381,14.4243629280389],[117.342577875763,14.4246353355515],[117.34174991204,14.4249096923918],[117.340923179908,14.4251859985524],[117.340097680264,14.4254642522861],[117.339273415804,14.4257444527157],[117.338450389222,14.4260265998337],[117.337628601417,14.4263106927628],[117.336261714101,14.4267885022757],[117.335443240181,14.4270777802278],[117.334626013123,14.4273690013534],[117.333810034722,14.427662164775],[117.332995306777,14.4279572704848],[117.332181831982,14.4282543167352],[117.331369611235,14.4285533026484],[117.33055864723,14.4288542282165],[117.329748942664,14.4291570934317],[117.328940498434,14.4294618956762],[117.328133316337,14.429768634942],[117.327327399068,14.4300773112211],[117.326522748424,14.4303879227653],[117.325719366201,14.4307004695668],[117.324917255094,14.4310149498773],[117.323583231744,14.4315433798125],[117.322784518065,14.4318630143669],[117.321987082689,14.4321845797901],[117.321190926514,14.4325080760738],[117.320396052235,14.4328335014695],[117.319602462547,14.4331608559688],[117.318810157449,14.4334901378233],[117.318019140536,14.4338213470244],[117.317229412705,14.4341544826935],[117.316440976652,14.434489543952],[117.31565383507,14.4348265299212],[117.314867987962,14.4351654397224],[117.31408343802,14.435506271607],[117.313300187941,14.435849026436],[117.312518238622,14.4361937024606],[117.311217886824,14.4367724292877],[117.310439417578,14.4371222243971],[117.30966225628,14.4374739380591],[117.308886404725,14.4378275676551],[117.308111865609,14.4381831149156],[117.307338640729,14.4385405772216],[117.30656673188,14.4388999536939],[117.305796139961,14.4392612434534],[117.305026868566,14.4396244464907],[117.30425891949,14.4399895619264],[117.303492292735,14.4403565871413],[117.302726991894,14.4407255229959],[117.301963018762,14.4410963677408],[117.301200374239,14.4414691213664],[117.300439061019,14.4418437812534],[117.299173168595,14.4424724515716],[117.298415413602,14.442852192745],[117.297658997098,14.4432338384043],[117.296903920881,14.4436173867997],[117.296150185849,14.4440028370516],[117.295397794696,14.4443901882801],[117.294646748321,14.4447794396053],[117.293897049419,14.4451705892774],[117.293148699787,14.4455636372863],[117.292401701221,14.4459585827522],[117.291656055518,14.4463554239249],[117.290911763575,14.4467541599245],[117.290168828988,14.4471547907406],[117.289427252653,14.4475573137535],[117.288687036367,14.4479617289526],[117.287456369581,14.4486399568919],[117.286719789675,14.4490494129411],[117.285984576107,14.4494607576589],[117.285250730674,14.449873989295],[117.284518256069,14.4502891069689],[117.28378715409,14.4507061098002],[117.283057425635,14.4511249977782],[117.2823290734,14.4515457682826],[117.28160209918,14.4519684213026],[117.280876503873,14.4523929550877],[117.280152289278,14.4528193687573],[117.279429458986,14.4532476614305],[117.2787080121,14.4536778322267],[117.277987953111,14.4541098793951],[117.277269282019,14.4545438020549],[117.276074586472,14.4552711727668],[117.27535962632,14.4557100932035],[117.274646060354,14.4561508847415],[117.273933892166,14.4565935465],[117.273223121758,14.4570380784676],[117.272513750924,14.4574844780236],[117.27180578236,14.4579327460264],[117.271099217863,14.4583828798552],[117.270394058332,14.4588348786288],[117.26969030646,14.4592887405959],[117.268987962248,14.4597444666151],[117.26828702929,14.4602020540652],[117.267587509382,14.4606615011949],[117.266889402523,14.4611228088627],[117.26619271141,14.4615859735773],[117.265034711143,14.4623620423776],[117.264341803734,14.4628301574206],[117.263650318357,14.4633001268582],[117.262960257709,14.4637719480688],[117.262271621788,14.4642456219106],[117.261584412393,14.4647211457621],[117.260898633115,14.4651985187415],[117.259758846191,14.4659982474851],[117.259076884753,14.4664805461948],[117.258396357925,14.4669646896393],[117.257717268401,14.4674506778065],[117.25703961708,14.4679385072048],[117.256363405758,14.468428178692],[117.255688636232,14.4689196896463],[117.254567228839,14.4697429605985],[117.253896312187,14.4702393726793],[117.253226842722,14.470737619833],[117.252558823137,14.4712377020472],[117.251892254332,14.4717396167],[117.251227139001,14.4722433629091],[117.250563478042,14.4727489406621],[117.249901272354,14.4732563464671],[117.249240524631,14.4737655811814],[117.248581236671,14.4742766421829],[117.247923409372,14.4747895285892],[117.24726704453,14.4753042395177],[117.246612143941,14.4758207732162],[117.245958708505,14.476339128802],[117.245306740917,14.4768593045228],[117.244223394244,14.4777303052877],[117.243575346903,14.4782553285503],[117.242928773697,14.4787821675516],[117.242283675525,14.4793108205391],[117.241640053285,14.47984128663],[117.240997909673,14.4803735649414],[117.240357245585,14.4809076528509],[117.239718061921,14.4814435494757],[117.239080361375,14.4819812539327],[117.238444145745,14.4825207653392],[117.237809415928,14.4830620810723],[117.237176173722,14.4836052002493],[117.236544420023,14.4841501219869],[117.23591415663,14.4846968445323],[117.235285386237,14.4852453661327],[117.234240755156,14.486163564344],[117.233615971486,14.48671687814],[117.232992685308,14.4872719865929],[117.232370898417,14.4878288879495],[117.231750612612,14.4883875813266],[117.231131829688,14.4889480641013],[117.230514550544,14.48951033626],[117.229898776078,14.4900743960496],[117.229284509883,14.4906402425865],[117.228671751062,14.4912078732479],[117.228060503206,14.4917772871503],[117.227450766317,14.4923484825403],[117.22684254309,14.4929214585344],[117.226235833523,14.4934962133794],[117.225630640313,14.4940727461915],[117.224625359035,14.4950375805733],[117.22402421543,14.4956188467354],[117.223424594469,14.4962018847254],[117.222826496153,14.4967866936594],[117.222229922278,14.497373271784],[117.221634873742,14.4979616182154],[117.221041353241,14.4985517303302],[117.220449361672,14.4991436081143],[117.219858900832,14.499737249814],[117.219269970722,14.5003326528061],[117.218682574934,14.5009298162065],[117.21809671257,14.5015287391312],[117.217512387224,14.5021294198265],[117.216929599793,14.5027318556689],[117.216348350279,14.5033360466442],[117.215383026064,14.504346927027],[117.214805889037,14.5049557890089],[117.214230295315,14.5055664008524],[117.213656246696,14.5061787599339],[117.213083745874,14.5067928644994],[117.212512793747,14.5074087136647],[117.211943391214,14.5080263065455],[117.211375540971,14.5086456396484],[117.210809242117,14.5092667129588],[117.210244498247,14.5098895247226],[117.209681309362,14.5105140731857],[117.209119677256,14.5111403574637],[117.208559603728,14.5117683740631],[117.208001090573,14.5123981238388],[117.207444137791,14.5130296032972],[117.206519355444,14.5140859106346],[117.205966572642,14.5147219978695],[117.205415355604,14.5153598095145],[117.204865705228,14.5159993438155],[117.204317624209,14.5166405998876],[117.203771113444,14.517283575107],[117.203226173833,14.5179282694586],[117.202682808071,14.5185746803184],[117.202141015258,14.5192228068015],[117.201600798091,14.519872646284],[117.201062158365,14.5205241978811],[117.200525096979,14.5211774589687],[117.199989613933,14.5218324295315],[117.199455712821,14.5224891069454],[117.198923393641,14.5231474894559],[117.19803971371,14.5242485784505],[117.197511620205,14.5249115011433],[117.196985113126,14.5255761219195],[117.196460194267,14.5262424416334],[117.195936864529,14.5269104567909],[117.195415126605,14.5275801656376],[117.194894980496,14.528251568158],[117.1943764271,14.528924660858],[117.193859469112,14.5295994437223],[117.193344106532,14.5302759132568],[117.192830341156,14.5309540694461],[117.192318174782,14.5316339096657],[117.191807608307,14.5323154321608],[117.191298641731,14.5329986360462],[117.190791278649,14.5336835186974],[117.189949236529,14.5348287169494],[117.189446151224,14.5355180695661],[117.188944673903,14.536209094804],[117.188444803668,14.5369017909081],[117.187946543214,14.5375961569932],[117.18744989344,14.5382921904345],[117.186954854345,14.5389898903469],[117.18613337556,14.5401564205762],[117.185642641192,14.5408585536089],[117.185153523791,14.5415623469673],[117.184666022459,14.5422677980268],[117.18418014079,14.5429749050324],[117.183695878783,14.5436836670985],[117.183213237337,14.5443940807309],[117.182412440466,14.5455817718164],[117.181934128001,14.54629658433],[117.181457440589,14.5470130431338],[117.180982380025,14.547731145603],[117.18050894721,14.5484508899826],[117.180037143039,14.5491722762564],[117.179566968413,14.5498953009299],[117.179098426025,14.5506199622481],[117.178631514978,14.5513462593252],[117.178166237967,14.552074190406],[117.177702595889,14.5528037528655],[117.177240588745,14.5535349449486],[117.17678021923,14.5542677649],[117.176321488242,14.5550022109642],[117.175864395781,14.555738281386],[117.175106221274,14.5569686714867],[117.174653505405,14.5577090644639],[117.174202433453,14.5584510756521],[117.173753005419,14.5591947024265],[117.173305223097,14.5599399430316],[117.172859087388,14.5606867957121],[117.172414600087,14.5614352595819],[117.171971761194,14.5621853311466],[117.171530571609,14.5629370086509],[117.171091034025,14.5636902912087],[117.170653147545,14.5644451770644],[117.170216915762,14.5652016627238],[117.169782336878,14.5659597481702],[117.16934941359,14.5667194307786],[117.168918147694,14.5674807079241],[117.168203053693,14.5687530443151],[117.167776209304,14.5695185659428],[117.167351025002,14.5702856768297],[117.166927502584,14.5710543734815],[117.166505642048,14.5718246541425],[117.166085445192,14.5725965179265],[117.165666912915,14.5733699622087],[117.165250046114,14.5741449852332],[117.164834845688,14.5749215852444],[117.164421313434,14.5756997596174],[117.164009449351,14.5764795065965],[117.163599254337,14.5772608252954],[117.163190731089,14.5780437122197],[117.162783878707,14.5788281664831],[117.162378698988,14.5796141854605],[117.161707118481,14.580927690998],[117.161306404288,14.5817178737695],[117.16090736635,14.5825096151072],[117.160510004669,14.5833029123861],[117.160114321939,14.584097762981],[117.159720318161,14.5848941660056],[117.15932799513,14.5856921188348],[117.158937352847,14.5864916197127],[117.158548393109,14.5872926668838],[117.158161115915,14.5880952577227],[117.157775523063,14.5888993904739],[117.157391614551,14.5897050633814],[117.157009392178,14.5905122746896],[117.15662885684,14.5913210209039],[117.156250009437,14.5921313020072],[117.15562235026,14.5934851734101],[117.155248007908,14.5942995350067],[117.154875357084,14.5951154236054],[117.154504398686,14.5959328365812],[117.154135132713,14.5967517713089],[117.153767560964,14.597572226902],[117.153401684335,14.5983942016046],[117.153037502827,14.5992176919223],[117.152675019135,14.6000426969687],[117.152314231463,14.6008692141184],[117.151955143403,14.6016972416158],[117.151597754057,14.6025267768356],[117.151242065222,14.6033578188913],[117.150888077796,14.6041903642884],[117.150535791779,14.6050244121404],[117.14995243302,14.606417823488],[117.149604690682,14.6072558659215],[117.149258652448,14.608095402923],[117.148914321013,14.6089364318672],[117.148571695479,14.6097789518676],[117.14823077854,14.6106229585605],[117.147891569299,14.6114684519285],[117.14755407045,14.6123154293465],[117.147218281095,14.6131638881894],[117.146884203031,14.6140138275705],[117.146551836257,14.6148652431262],[117.146221182571,14.6157181348392],[117.14589224287,14.6165725000842],[117.145565016257,14.617428335367],[117.145239505425,14.6182856406701],[117.144700801021,14.6197177408143],[117.144379868004,14.620578953048],[117.144060652566,14.6214416265458],[117.143743156504,14.6223057586828],[117.143427379817,14.6231713477029],[117.143113323403,14.6240383909811],[117.142800988162,14.6249068876307],[117.142490374093,14.6257768341575],[117.142181483891,14.6266482296747],[117.141874316658,14.6275210706881],[117.141568873292,14.6283953554419],[117.141265155589,14.6292710821801],[117.140963162652,14.6301482491469],[117.140662897175,14.6310268528481],[117.14036435826,14.6319068915277],[117.139870634298,14.6333768067219],[117.139576705537,14.6342606620747],[117.139284506033,14.6351459445192],[117.138994036684,14.6360326522996],[117.138705299287,14.6369207819218],[117.138418293842,14.6378103333682],[117.138133021247,14.6387013022755],[117.137661419198,14.6401893962639],[117.13738077113,14.641084137159],[117.137101857709,14.6419802876284],[117.136824680732,14.6428778459164],[117.136549240197,14.6437768102671],[117.136275536107,14.6446771789247],[117.136003571155,14.645578947526],[117.135554160188,14.6470850039122],[117.135286832339,14.6479904989478],[117.135021246323,14.6488973860407],[117.134757400345,14.6498056651735],[117.134495296199,14.6507153319829],[117.134234934786,14.6516263855824],[117.133976316103,14.652538822478],[117.13371944195,14.653452640914],[117.133464311426,14.6543678400038],[117.133210926329,14.6552844153842],[117.132959286658,14.6562023652997],[117.132709392414,14.6571216888636],[117.132461245393,14.6580423817128],[117.132214846494,14.6589644429609],[117.131970194818,14.6598878699831],[117.131566329334,14.6614299437493],[117.131326342609,14.6623570008726],[117.131088105803,14.6632854158841],[117.130851619812,14.6642151861591],[117.130616885537,14.6651463090728],[117.130383902977,14.6660787820006],[117.130152673029,14.6670126023179],[117.129923195695,14.6679477691381],[117.12969547277,14.6688842798365],[117.129469504256,14.6698221309194],[117.129245290151,14.6707613206313],[117.129022831354,14.6717018463476],[117.128802128763,14.6726437071819],[117.128583182379,14.6735868987714],[117.128365993998,14.6745314202296],[117.128007917441,14.6761085708277],[117.127795416469,14.6770566251922],[117.1275846735,14.6780060006713],[117.127375691228,14.6789566946403],[117.127168467859,14.6799087044751],[117.126963006085,14.6808620284199],[117.126759304111,14.6818166638504],[117.126557364632,14.6827726072732],[117.126357186749,14.6837298578019],[117.126158771361,14.6846884119431],[117.125962119365,14.6856482688103],[117.125767229864,14.6866094240414],[117.125574105553,14.6875718767499],[117.125382744635,14.6885356243114],[117.125193148906,14.6895006641018],[117.124881079566,14.6911119276006],[117.124696192806,14.6920804013736],[117.124513072133,14.6930501586221],[117.124331719345,14.6940211967218],[117.124152133544,14.6949935130487],[117.123974315627,14.6959671058474],[117.123798266492,14.6969419724937],[117.123623985242,14.6979181103636],[117.123451474572,14.698895516833],[117.123280732684,14.6998741901466],[117.123111760477,14.7008541276805],[117.122944559748,14.7018353259415],[117.122779129599,14.7028177840436],[117.122615470927,14.7038014984937],[117.122453583733,14.7047864675368],[117.122187709359,14.7064308627262],[117.1220305491,14.7074191651016],[117.121875161217,14.70840871158],[117.121721547506,14.7093995012753],[117.121569707969,14.7103915315635],[117.121419642604,14.7113847998208],[117.121271351412,14.7123793034235],[117.121124835291,14.7133750397476],[117.120980095139,14.7143720061694],[117.120837130058,14.715370200934],[117.120695941845,14.7163696214176],[117.120556529601,14.7173702649966],[117.120418894225,14.7183721290472],[117.120283035716,14.7193752109458],[117.120148954973,14.7203795089376],[117.119929438159,14.7220560330043],[117.119800098724,14.723063559347],[117.119672538852,14.7240722930317],[117.119546756746,14.7250822305662],[117.119422755101,14.726093369327],[117.11930053212,14.7271057066906],[117.1191800896,14.7281192409023],[117.119061427541,14.7291339684699],[117.118944545045,14.7301498876388],[117.118829443907,14.7311669949167],[117.118716124129,14.732185289418],[117.11860458571,14.7332047676505],[117.11849482865,14.7342254269908],[117.11838685295,14.7352472648158],[117.118280660405,14.7362702785021],[117.118107633203,14.7379779087896],[117.118006193645,14.7390040467295],[117.117906537242,14.7400313509124],[117.117808664894,14.7410598204526],[117.117712574803,14.7420894509895],[117.117618269664,14.7431202407689],[117.11752574858,14.7441521871676],[117.11743501155,14.7451852875627],[117.117346058573,14.7462195393311],[117.11725889055,14.7472549407187],[117.117173508377,14.7482914873649],[117.117089910258,14.7493291783845],[117.117008097991,14.7503680102857],[117.116928070675,14.7514079813144],[117.116849830109,14.7524490879791],[117.116723396724,14.7541867828769],[117.116649919025,14.75523090624],[117.116578227178,14.7562761556225],[117.116508322079,14.7573225301388],[117.116440203729,14.7583700245604],[117.116373873027,14.7594186388707],[117.116309329074,14.7604683687096],[117.11620572727,14.7622203915578],[117.116145949778,14.7632730847664],[117.116087959035,14.7643268847565],[117.116031757736,14.7653817889055],[117.115977343186,14.7664377937226],[117.115924717181,14.7674948983224],[117.115873879723,14.7685530983455],[117.115793123874,14.7703191930064],[117.115747055571,14.7713803030752],[117.115702775814,14.7724424998208],[117.115660284603,14.7735057797524],[117.115619581937,14.7745701411164],[117.115580668716,14.7756355804222],[117.115543544938,14.7767020959161],[117.115508209707,14.7777696849762],[117.115474663919,14.7788383441118],[117.115442907575,14.7799080715695],[117.115412940676,14.7809788638587],[117.11538476322,14.782050719226],[117.115358375209,14.7831236341811],[117.11533377754,14.784197606102],[117.115310969315,14.7852726332355],[117.115276932149,14.7870666804434],[117.115258896673,14.7881445066328],[117.115242650641,14.789223377553],[117.115228194951,14.7903032905825],[117.115215528706,14.7913842430997],[117.115204652803,14.7924662316142],[117.115195566343,14.7935492552418],[117.115182765351,14.795718393007],[117.115177123931,14.7978916345551],[117.115178642083,14.8000689589148],[117.115187321606,14.802250344247],[117.115200023784,14.8040712508604],[117.115221830387,14.8062600240952],[117.115250795665,14.8084527971522],[117.115286921415,14.8106495473258],[117.115330206737,14.8128502536485],[117.115380650733,14.8150548934163],[117.115438252506,14.8172634456628],[117.115503012054,14.8194758876852],[117.115562445492,14.8213225451636],[117.115640326732,14.823542062399],[117.115725363054,14.8257654074054],[117.115817554456,14.8279925574827],[117.115916899144,14.8302234916681],[117.116023398014,14.8324581872629],[117.116137048372,14.8346966224374],[117.11625784932,14.836938774494],[117.116363978982,14.8388100580492],[117.11649788635,14.8410589666238],[117.116638941613,14.8433115292222],[117.116787142973,14.8455677240181],[117.116942488635,14.847827527449],[117.117104976802,14.85009091769],[117.117274606576,14.8523578729168],[117.117451376159,14.8546283695692],[117.11760413647,14.8565231399213],[117.117793990913,14.8588000710018],[117.117990979777,14.8610804806655],[117.118195101264,14.8633643453551],[117.11840635268,14.8656516432507],[117.118624733125,14.8679423507964],[117.118850239906,14.8702364461738],[117.119082870327,14.8725339049605],[117.119282169658,14.874451008356],[117.119527854396,14.8767545769592],[117.119780657385,14.8790614452777],[117.120040575031,14.8813715906286],[117.120307605537,14.8836849903298],[117.120581745311,14.8860016208317],[117.120862991657,14.8883214594536],[117.121151342778,14.8906444835159],[117.121397059856,14.8925827534826],[117.121698427566,14.8949115576283],[117.122006891967,14.8972434809336],[117.122322448566,14.899578500722],[117.122590828342,14.9015266995378],[117.122919380869,14.9038673371977],[117.123255017511,14.9062110059372],[117.123597733775,14.9085576822148],[117.123888737621,14.910515526468],[117.124244427354,14.9128676566915],[117.124607186829,14.9152227281909],[117.124977014248,14.9175807182958],[117.125353905121,14.919941604337],[117.125737855853,14.9223053610419],[117.126128862852,14.924671966611],[117.126526921626,14.9270413966415],[117.126864021622,14.9290180625827],[117.127274999967,14.9313926109365],[117.127693018408,14.933769917509],[117.128118074251,14.9361499579008],[117.128550163004,14.9385327103175],[117.128989279278,14.9409181494938],[117.129435420377,14.9433062527691],[117.129888580014,14.9456969966158],[117.130271573142,14.947691282314],[117.130737590365,14.9500868046219],[117.131210615346,14.9524848995428],[117.131690641796,14.9548855444204],[117.132177666122,14.9572887139957],[117.132671682935,14.9596943856146],[117.133172686844,14.9621025348879],[117.133680674255,14.9645131382953],[117.134109326953,14.96652383177],[117.134630102781,14.9689388712779],[117.13515784684,14.9713562978504],[117.135692553742,14.9737760862352],[117.136234218095,14.9761982129167],[117.136782836307,14.9786226543802],[117.137338400293,14.9810493862442],[117.137900906459,14.9834783832605],[117.138374960011,14.9855042624962],[117.138950178237,14.9879373524927],[117.139532321576,14.9903726405937],[117.140121385535,14.9928101024224],[117.140717362929,14.9952497144709],[117.141320249265,14.9976914523647],[117.141930037358,15.0001352917301],[117.142546721818,15.0025812073267],[117.143065889661,15.0046210402869],[117.143695201739,15.0070707023843],[117.144331392216,15.0095223728197],[117.144974455704,15.0119760280922],[117.145624385015,15.0144316429664],[117.146281174761,15.0168891930758],[117.146944817753,15.0193486549226],[117.147615306807,15.0218100041421],[117.148179273633,15.0238625531209],[117.148862298677,15.0263272981386],[117.149552151814,15.0287938617912],[117.150248824961,15.0312622188505],[117.150952313627,15.0337323449573],[117.151662608827,15.0362042157532],[117.152379704274,15.0386778077483],[117.153103592781,15.0411530939839],[117.153712017231,15.04321711128],[117.154448341117,15.0456954435974],[117.1551914383,15.0481754023086],[117.155941300695,15.0506569630614],[117.156571348492,15.0527261357794],[117.157333594164,15.0552105695451],[117.158102585285,15.057696534915],[117.158878311974,15.0601840084086],[117.159529892388,15.0622580365262],[117.160317949353,15.0647482091258],[117.161112722122,15.067239820291],[117.161914201714,15.0697328448107],[117.162722380941,15.0722272574748],[117.16353725082,15.0747230339418],[117.164358803266,15.0772201498714],[117.165187031094,15.0797185800568],[117.165882313649,15.0818015919767],[117.166722757666,15.084302368324],[117.167569852809,15.0868043885264],[117.168423590994,15.0893076282488],[117.169283965034,15.0918120640246],[117.170150964148,15.0943176689193],[117.17102458205,15.0968244194684],[117.171904808858,15.0993322913416],[117.172643373142,15.1014230224447],[117.173535693968,15.1039328833249],[117.174434599445,15.1064437951535],[117.175340079692,15.1089557327369],[117.176252127522,15.1114686708829],[117.177170732155,15.1139825844004],[117.178095884608,15.1164974489666],[117.179027577695,15.1190132402601],[117.179808976347,15.1211104220437],[117.180752634095,15.1236278461854],[117.181702804629,15.1261461258368],[117.182659478965,15.1286652366809],[117.183622648121,15.1311851526674],[117.184592301317,15.1337058503484],[117.18556842957,15.1362273036761],[117.186551023895,15.1387494883379],[117.187374784401,15.1408518492907],[117.188369206844,15.1433753099045],[117.189370067513,15.1458994306608],[117.190377356526,15.1484241872518],[117.191391063103,15.1509495536362],[117.192411178261,15.1534755063755],[117.193437691221,15.156002019431],[117.194470592101,15.1585290684992],[117.195336214997,15.1606353341075],[117.196380800264,15.1631633006289],[117.197431744705,15.1656917319978],[117.198489038438,15.1682206030483],[117.199552668887,15.1707498894826],[117.200622627968,15.1732795661372],[117.201698903103,15.1758096078498],[117.20278148531,15.1783399894593],[117.203688446879,15.1804488822127],[117.204782562555,15.1829798220427],[117.205882954761,15.1855110314977],[117.206989611817,15.188042485421],[117.208102522945,15.1905741586573],[117.209221677363,15.1931060251854],[117.210347064293,15.1956380624532],[117.211478672057,15.1981702427082],[117.212426422529,15.2002804855719],[117.213569406557,15.2028128658158],[117.21471857908,15.2053453196684],[117.215873930214,15.2078778219823],[117.216841433742,15.2099882589418],[117.218008081191,15.2125207852143],[117.219180874015,15.2150532888488],[117.220359800536,15.217585744703],[117.221346916981,15.2196960705509],[117.222537058968,15.2222283752324],[117.223733301415,15.2247605610472],[117.224935632642,15.2272926037242],[117.226144040973,15.2298244789935],[117.227358514728,15.2323561599859],[117.228579042229,15.2348876233007],[117.229805610003,15.2374188438047],[117.230832355627,15.2395279896665],[117.232069968187,15.2420586992998],[117.233313585985,15.2445890941961],[117.234563199139,15.2471191509603],[117.235818794175,15.2496488435985],[117.237080358515,15.2521781478513],[117.238347880483,15.254707037727],[117.239621346603,15.2572354889688],[117.240687100669,15.2593421783743],[117.241971432811,15.2618697609162],[117.24326167407,15.2643968337914],[117.244557811871,15.2669233718808],[117.245859832739,15.2694493517998],[117.247167724097,15.2719747466987],[117.248481473369,15.2744995323284],[117.24980106708,15.2770236844415],[117.250905183701,15.2791266422695],[117.252235458381,15.2816495679888],[117.253571540669,15.2841717883189],[117.25491341799,15.2866932798831],[117.256261076867,15.2892140167066],[117.257614502929,15.2917339745486],[117.258973683598,15.2942531291697],[117.2603386054,15.2967714545985],[117.261480416229,15.2988694079423],[117.262855828557,15.3013861494186],[117.26423694339,15.3039019915896],[117.265623747255,15.3064169102218],[117.267016226675,15.3089308802159],[117.268414368176,15.3114438764742],[117.269818157386,15.3139558747664],[117.271227580829,15.3164668491307],[117.272406394162,15.3185585290292],[117.273826110502,15.3210675646158],[117.275251421549,15.3235755070544],[117.276682312931,15.3260823312542],[117.278118771173,15.3285880129916],[117.279560781003,15.3310925280446],[117.281008328946,15.3335958504596],[117.282461400631,15.3360979568829],[117.283676502308,15.3381820983169],[117.285139662972,15.340681909538],[117.286608306952,15.3431804347071],[117.288082418977,15.345677649609],[117.289561984674,15.3481735282968],[117.29104698967,15.3506680465576],[117.292537419592,15.3531611801795],[117.294033259169,15.3556529049519],[117.295283914369,15.3577282477067],[117.296789633617,15.3602173244496],[117.298300721198,15.3627049223085],[117.299817160941,15.3651910170773],[117.301084938928,15.367261596116],[117.302611154138,15.3697448708142],[117.304142680188,15.3722265732665],[117.305679500908,15.374706678405],[117.306964218426,15.3767721946293],[117.308510707714,15.3792493085533],[117.310062449451,15.3817247560203],[117.311619428366,15.3841985119666],[117.313181628289,15.3866705539282],[117.314749034848,15.3891408559777],[117.316321630975,15.391609393921],[117.317899403194,15.3940761444312],[117.319218155183,15.3961303861903],[117.320805374086,15.3985937955138],[117.322397724165,15.4010553482863],[117.323995189252,15.4035150194531],[117.325597754074,15.4059727865588],[117.327205402463,15.4084286228188],[117.328818118248,15.410882506646],[117.33043588526,15.4133344121241],[117.331787873119,15.4153761379006],[117.333414860439,15.4178243549446],[117.335046854969,15.4202705262785],[117.336683838741,15.4227146268563],[117.338325797384,15.425156633365],[117.339972713828,15.4275965216271],[117.341624571906,15.4300342674658],[117.343281355445,15.4324698475715],[117.344665759011,15.4344978258208],[117.346331530195,15.4369293721012],[117.34800218013,15.4393586835797],[117.349677692645,15.4417857378169],[117.351358050673,15.4442105097765],[117.353043238043,15.4466329770208],[117.354733238587,15.4490531136502],[117.356428035237,15.4514708972291],[117.357844016381,15.4534839020399],[117.359547561723,15.4558973091215],[117.36125585556,15.4583082958393],[117.362968881721,15.4607168388961],[117.364686622241,15.4631229123982],[117.366409060052,15.4655264947822],[117.368136178983,15.467927561888],[117.369867961069,15.4703260904226],[117.371314663698,15.4723229067019],[117.373054951932,15.4747167187834],[117.37479985571,15.4771079250034],[117.376549357065,15.4794965020729],[117.37830343893,15.4818824258378],[117.380062085134,15.4842656738769],[117.381825275916,15.4866462220381],[117.383592996902,15.4890240470364],[117.385069543361,15.4910034704974],[117.386845520763,15.4933762426652],[117.388625977165,15.4957462252682],[117.390410895498,15.4981133958906],[117.392200256899,15.5004777303864],[117.393994045198,15.5028392054763],[117.395792241529,15.5051977987475],[117.397594828826,15.5075534860571],[117.399100326191,15.5095143232063],[117.400910916579,15.5118646240169],[117.402725847626,15.5142119533513],[117.404545101366,15.5165562896669],[117.406064434583,15.5185075988348],[117.40789156565,15.5208463857381],[117.409722968206,15.5231821132528],[117.411558623387,15.5255147589745],[117.413091572368,15.5274562591915],[117.414934979111,15.5297831943442],[117.416782587275,15.5321069822098],[117.418634378894,15.5344276003873],[117.420490336,15.536745025611],[117.422350439729,15.5390592354819],[117.424214673014,15.5413702076016],[117.426083016092,15.5436779187073],[117.427643095093,15.5455985038034],[117.429518925628,15.5479001769414],[117.431398813853,15.5501985261881],[117.433282741803,15.5524935274187],[117.435170689713,15.55478515824],[117.437062640516,15.5570733962599],[117.438958574449,15.5593582190871],[117.440858473546,15.561639604331],[117.442444737539,15.5635381165629],[117.444351856395,15.5658131417334],[117.446262887415,15.5680846655972],[117.448177809937,15.5703526657671],[117.450096606892,15.5726171215876],[117.452019258518,15.574878008077],[117.453945745951,15.5771353054469],[117.455876049426,15.5793889904478],[117.457487538113,15.5812642862687],[117.459424790956,15.5835112917823],[117.461365805943,15.5857546220875],[117.46331056421,15.5879942556687],[117.465259046892,15.5902301710115],[117.467211235125,15.5924623448714],[117.469167109145,15.5946907566006],[117.471126650088,15.5969153838216],[117.472762386999,15.5987663329985],[117.47472859973,15.600983964871],[117.476698423689,15.6031977502786],[117.47867184001,15.6054076685772],[117.480648828931,15.6076136965276],[117.482629371587,15.6098158134872],[117.484613448216,15.6120139970839],[117.486601038156,15.6142082258113],[117.488260033348,15.6160337140032],[117.490254015699,15.6182206376642],[117.492251455666,15.6204035453811],[117.494252335282,15.6225824156501],[117.496256632988,15.6247572286987],[117.498264330817,15.6269279621597],[117.500275408108,15.6290945936665],[117.5022898442,15.6312571043137],[117.503971093357,15.6330560313225],[117.505991637094,15.6352109298627],[117.508015483937,15.6373616447538],[117.510042614123,15.639508157093],[117.512073007887,15.6416504453828],[117.51410664457,15.6437884881264],[117.516143504408,15.6459222646928],[117.51818356674,15.6480517535865],[117.519886051172,15.6498230385288],[117.521931932791,15.651944613542],[117.523980961208,15.654061842433],[117.526033114863,15.6561747037089],[117.527745616409,15.6579320717061],[117.529803447417,15.6600368729791],[117.531864347071,15.6621372490591],[117.533928294708,15.6642331793207],[117.535650564533,15.6659763759635],[117.537720046691,15.6680641009811],[117.539792518442,15.6701473217439],[117.541867960023,15.6722260184936],[117.543946350774,15.6743001688773],[117.546027670032,15.6763697540026],[117.548111897137,15.6784347541128],[117.550199011427,15.6804951477218],[117.551940464775,15.682208608624],[117.554032819837,15.6842605057312],[117.556128003693,15.6863077396433],[117.558225995683,15.6883502897413],[117.560326775145,15.6903881371363],[117.562430322317,15.6924212603454],[117.56453661474,15.6944496413457],[117.566645632651,15.69647325952],[117.568405214901,15.698155954695],[117.570519175343,15.7001707886299],[117.572635801985,15.7021808039212],[117.574755074166,15.7041859799538],[117.576876970325,15.7061862978428],[117.579001470701,15.7081817378387],[117.581128553733,15.7101722801928],[117.583258197862,15.7121579051563],[117.585034842712,15.7138088229844],[117.587169129334,15.7157853829439],[117.589305916866,15.7177569705704],[117.591445185545,15.7197235669819],[117.593586913811,15.7216851532966],[117.595731081003,15.723641708904],[117.597877665562,15.7255932157879],[117.600026646825,15.727539655068],[117.601819278992,15.7291578022748],[117.60397259822,15.7310948992945],[117.606128253068,15.7330268746414],[117.608286222875,15.7349537094367],[117.610446486979,15.7368753839372],[117.612609022023,15.7387918801292],[117.614773809144,15.7407031791349],[117.616940824986,15.7426092612121],[117.618748359305,15.7441936654408],[117.620919407684,15.7460901358266],[117.623092623697,15.7479813378169],[117.625267988481,15.7498672525355],[117.627445478678,15.7517478611066],[117.62962507273,15.7536231455191],[117.631806750874,15.7554930868976],[117.633990489752,15.7573576680965],[117.635811831177,15.7589073761557],[117.637999293573,15.7607620814567],[117.640188755618,15.7626113733887],[117.642380196652,15.7644552348066],[117.644573595115,15.7662936477015],[117.646768928549,15.7681265931998],[117.648966176293,15.7699540541577],[117.651165315889,15.7717760134311],[117.652999361289,15.7732900955951],[117.655201912686,15.7751019199831],[117.657406295748,15.776908191232],[117.659612486221,15.7787088913343],[117.661452344619,15.7802052072351],[117.663661795078,15.781995648997],[117.66587299276,15.7837804707533],[117.668085915207,15.7855596544973],[117.669931319803,15.7870379880856],[117.672147348625,15.7888067900394],[117.674365041127,15.7905699051239],[117.676584373952,15.7923273161975],[117.678805327338,15.7940790052542],[117.681027877928,15.7958249560171],[117.683252003265,15.7975651504807],[117.685477683586,15.7992995723683],[117.687333587692,15.8007405011265],[117.68956205818,15.8024642952472],[117.69179202077,15.8041822688024],[117.694023453004,15.8058944046517],[117.696256331525,15.8076006865187],[117.698490636571,15.8093010972631],[117.700726343888,15.8109956197446],[117.702963432813,15.8126842385517],[117.704828712635,15.8140868986884],[117.707068276419,15.8157646498157],[117.709309158929,15.8174364510097],[117.711551337709,15.8191022842662],[117.713794791197,15.8207621333096],[117.716039496938,15.8224159835929],[117.718285431574,15.8240638179763],[117.720532575342,15.8257056193199],[117.722406101698,15.8270691686882],[117.724655401423,15.8286998702248],[117.726905847398,15.8303244941923],[117.729157415369,15.8319430243152],[117.731410083776,15.8335554460465],[117.73366383106,15.8351617431107],[117.735918633864,15.8367618992323],[117.738174471527,15.838355899],[117.740055108947,15.8396795179387],[117.742312783666,15.8412621909587],[117.744571429463,15.8428386639592],[117.746831022982,15.8444089206644],[117.749091542665,15.8459729473912],[117.751352966951,15.8475307269995],[117.753615272484,15.849082244942],[117.755878436807,15.8506274866709],[117.757765047126,15.8519103823029],[117.760029729602,15.853444076388],[117.762295207086,15.8549714523206],[117.76456145802,15.8564924938245],[117.766828460844,15.8580071854873],[117.769096191304,15.8595155136251],[117.771364629636,15.8610174628253],[117.773633750687,15.8625130185393],[117.775525192145,15.8637544212913],[117.777795509753,15.8652382179599],[117.780066447198,15.8667155800648],[117.782337983819,15.868186493057],[117.784610095362,15.8696509423871],[117.786882761166,15.8711089143699],[117.789155956976,15.8725603944556],[117.791429661232,15.8740053672304],[117.793324787579,15.8752045316746],[117.795599365896,15.8766375408981],[117.797874388879,15.8780640034574],[117.800149834968,15.879483905666],[117.80204634562,15.8806621366144],[117.804322507666,15.8820699768776],[117.806599028141,15.8834712174344],[117.808875884585,15.8848658454613],[117.810773505554,15.8860229743841],[117.813050920751,15.8874054429295],[117.815328608137,15.8887812613149],[117.817606545255,15.8901504141237],[117.819884710544,15.8915128885313],[117.82216308065,15.8928686725768],[117.824441634012,15.8942177508431],[117.826720347274,15.8955601122324],[117.828619380395,15.8966736049289],[117.830898329016,15.8980036161045],[117.833177373756,15.8993268719028],[117.835456493057,15.9006433594972],[117.837735662663,15.9019530669244],[117.840014861913,15.9032559813574],[117.842294067452,15.9045520891043],[117.84457325772,15.9058413782013],[117.846472554047,15.906910568462],[117.848751655381,15.9081873234903],[117.851030677664,15.9094572248165],[117.853309597538,15.9107202587475],[117.855588392547,15.9119764141814],[117.857867041131,15.9132256774241],[117.860145519034,15.9144680382368],[117.862423804698,15.915703482925],[117.86432221349,15.9167277285991],[117.866600088624,15.9179504630992],[117.868877708636,15.919166248142],[117.871155049272,15.9203750708953],[117.873432088973,15.9215769211177],[117.875708806179,15.9227717859762],[117.877985176634,15.9239596543648],[117.880261179679,15.9251405134495],[117.882157551092,15.9261192016075],[117.884432820213,15.9272871829783],[117.886707657245,15.928448122567],[117.888982039729,15.9296020109932],[117.891255946106,15.9307488354207],[117.89352935302,15.9318885856044],[117.895802238012,15.9330212495709],[117.898074578626,15.9341468170742],[117.899967764612,15.9350793605319],[117.902239049705,15.9361918887918],[117.904509727537,15.9372972889636],[117.906779774752,15.9383955499355],[117.909049169789,15.9394866623225],[117.911317890192,15.9405706141483],[117.913585912604,15.9416473960268],[117.915853216364,15.9427169968442],[117.917742069776,15.9436028375987],[117.92000799552,15.9446592453621],[117.922273137933,15.9457084430196],[117.924537475455,15.9467504203188],[117.92680098563,15.9477851661433],[117.929063645099,15.9488126711036],[117.931325432305,15.9498329249458],[117.933586324788,15.9508459182793],[117.93546970207,15.951684525762],[117.937728895839,15.952684180808],[117.939987132005,15.9536765480154],[117.942244388108,15.9546616162639],[117.944124670694,15.9554769248007],[117.946380071776,15.9564485872869],[117.948634429016,15.9574129243415],[117.950887721752,15.9583699265695],[117.952764634757,15.9591618191394],[117.955015916165,15.9601053498416],[117.957266068391,15.9610415192379],[117.959515069875,15.9619703179307],[117.961762899058,15.9628917373857],[117.964009532583,15.9638057690675],[117.966254948891,15.964712402713],[117.968499126422,15.9656116297857],[117.970368310322,15.9663553221592],[117.972610157623,15.9672409496136],[117.974850702367,15.9681191448657],[117.977089922995,15.9689899019675],[117.979327797047,15.9698532097883],[117.981564302966,15.9707090623789],[117.983799418292,15.9715574494709],[117.986033120569,15.97239836425],[117.987893444385,15.9730934115159],[117.990124499327,15.9739206045558],[117.992354080133,15.9747403005019],[117.994582163447,15.9755524934007],[117.99680872771,15.9763571738436],[117.999033750464,15.9771543350121],[118.001257211048,15.9779439674961],[118.003479086106,15.9787260653394],[118.005329422453,15.9793720516803],[118.007548335765,15.9801403150858],[118.009765601567,15.9809010216447],[118.011981198299,15.9816541636708],[118.014195104401,15.9823997343406],[118.016407297417,15.98313772683],[118.018617756683,15.9838681325867],[118.020826459744,15.9845909456487],[118.022665687525,15.9851874843259],[118.024871114429,15.9858963579421],[118.027074722245,15.9865976192321],[118.02927649121,15.9872912605037],[118.031476397967,15.9879772757912],[118.033674421856,15.9886556565372],[118.035870541315,15.9893263985015],[118.038064733889,15.9899894939889],[118.03989174009,15.990536228192],[118.042082344793,15.9911852877761],[118.044270961523,15.9918266838253],[118.046457568723,15.9924604086414],[118.048642143933,15.9930864571159],[118.050824667391,15.9937048224125],[118.053005117538,15.9943154976942],[118.055183471016,15.9949184787135],[118.056997148913,15.9954150806836],[118.059171604602,15.9960039387527],[118.061343904334,15.9965850854837],[118.063514025651,15.9971585148992],[118.065681947893,15.9977242218844],[118.066765077173,15.9980041776511],[118.0678476486,15.9982822004601],[118.068929659479,15.9985582894559],[118.070011108012,15.9988324446464],[118.071091989707,15.9991046651762],[118.072172303668,15.9993749501895],[118.07397155552,15.9998211229341],[118.07505033965,16.000086244018],[118.076128545265,16.00034942616],[118.077206170568,16.0006106710947],[118.078283211966,16.0008699762391],[118.079359667663,16.0011273416009],[118.080435534064,16.0013827671875],[118.082227328103,16.0018041622612],[118.083301610775,16.0020544102569],[118.084375295169,16.0023027150505],[118.085448377691,16.0025490775125],[118.086520856546,16.0027934950598],[118.087592729038,16.0030359685629],[118.088663991574,16.0032764980289],[118.090448069084,16.0036730548441],[118.091517693992,16.003908393913],[118.092586700858,16.0041417863798],[118.093655085192,16.0043732305243],[118.094722846094,16.0046027263532],[118.095789979973,16.0048302730099],[118.096856484133,16.0050558713643],[118.097922356777,16.0052795188328],[118.098987593414,16.0055012162852],[118.100052194044,16.0057209620012],[118.101116154175,16.0059387568505],[118.102179471112,16.0061545991127],[118.103242143957,16.0063684896576],[118.104304168219,16.0065804259009],[118.1053655421,16.0067904095758],[118.107133045693,16.0071360379704],[118.108192672351,16.0073408090698],[118.109251638748,16.0075436241692],[118.110309942187,16.007744484138],[118.111367579975,16.0079433863917],[118.112424550315,16.0081403326631],[118.113480850511,16.008335321231],[118.114536476971,16.0085283512378],[118.115591428797,16.0087194235524],[118.116645701496,16.0089085364537],[118.117699292373,16.0090956899471],[118.11875220143,16.0092808840382],[118.119804423275,16.0094641178689],[118.120855956112,16.0096453914447],[118.121906798145,16.0098247030439],[118.123656658826,16.0101191965432],[118.124705644041,16.0102932768062],[118.125753929469,16.0104653942482],[118.126801510617,16.0106355488744],[118.127848386588,16.0108037389627],[118.12889455289,16.0109699662452],[118.129940008624,16.0111342281362],[118.130984751096,16.0112965255042],[118.132028776713,16.0114568583539],[118.133072083677,16.011615224963],[118.134114669294,16.0117716261998],[118.135156529971,16.0119260603419],[118.136197664809,16.0120785282574],[118.137238070214,16.0122290290872],[118.138277744392,16.012377562836],[118.14000890125,16.0126207456936],[118.141046610812,16.0127640310357],[118.142083579264,16.012905346722],[118.143119804809,16.0130446944837],[118.144155283853,16.013182072598],[118.145190013703,16.0133174802055],[118.146223991663,16.0134509181736],[118.147257216835,16.0135823865064],[118.148289684727,16.0137118826172],[118.149321394441,16.0138394091004],[118.150352341485,16.0139649633693],[118.151382524962,16.0140885462912],[118.152411942175,16.0142101570061],[118.153440589532,16.0143297955177],[118.154468466135,16.0144474618297],[118.156179870837,16.0146391872944],[118.157205675924,16.0147515915457],[118.158230701274,16.0148620227464],[118.159254941497,16.0149704800362],[118.160278396591,16.0150769625549],[118.161301062965,16.0151814711691],[118.162322938822,16.0152840050185],[118.163344020568,16.0153845641061],[118.164364305508,16.0154831484348],[118.165383792744,16.0155797571442],[118.166402477785,16.0156743893738],[118.167420359731,16.0157670468531],[118.168437435889,16.0158577278581],[118.169453702665,16.0159464323914],[118.170469158262,16.0160331604556],[118.172159775051,16.016173315083],[118.173173054928,16.0162547717122],[118.174185514644,16.0163342510181],[118.175197151503,16.0164117530031],[118.17620796281,16.016487276806],[118.17721794587,16.0165608232924],[118.178227098887,16.0166323916013],[118.179235419166,16.0167019825979],[118.180242904012,16.0167695945578],[118.181249551628,16.0168352274827],[118.182255357522,16.0168988822381],[118.183260321695,16.0169605579625],[118.184264440553,16.0170202555211],[118.185267710504,16.0170779731888],[118.186270131546,16.0171337118308],[118.187938936341,16.0172222102979],[118.188939076561,16.0172726706825],[118.18993835889,16.0173211503203],[118.190936778836,16.0173676509396],[118.191934334603,16.0174121716783],[118.192931023495,16.0174547116744],[118.193926842819,16.0174952717925],[118.194921790776,16.0175338520339],[118.195915865571,16.0175704515362],[118.196909062712,16.0176050703006],[118.197901381301,16.0176377083281],[118.198892818642,16.017668366483],[118.199883372042,16.0176970439029],[118.200873038804,16.0177237397253],[118.201861817132,16.0177484556776],[118.203507799329,16.0177852459607],[118.204494195325,16.0178046793851],[118.205479693904,16.0178221312152],[118.206464292371,16.0178376023148],[118.207447988031,16.0178510926845],[118.208430779088,16.0178626005976],[118.209412661948,16.0178721286449],[118.211047111573,16.0178836054731],[118.212026563592,16.0178878492745],[118.213005099329,16.0178901123473],[118.21398271609,16.0178903946918],[118.214959412078,16.0178886954444],[118.215935183699,16.0178850146051],[118.216910030055,16.0178793530372],[118.218532709954,16.0178655138402],[118.219505075163,16.0178545688894],[118.220476506125,16.0178416423456],[118.221446999246,16.017826735072],[118.222416553627,16.017809847068],[118.223385165675,16.0177909774698],[118.224352833594,16.0177701271402],[118.225319554689,16.0177472960786],[118.226285326264,16.0177224834209],[118.227250147422,16.0176956908932],[118.228214013671,16.0176669167678],[118.229176924112,16.0176361619074],[118.230138876051,16.0176034271744],[118.231099866792,16.0175687117044],[118.23205989454,16.0175320154964],[118.233657793513,16.0174664544662],[118.2346152404,16.017424477436],[118.235571715311,16.0173805205269],[118.236527216448,16.0173345837377],[118.237481740218,16.0172866670669],[118.238435284824,16.0172367705132],[118.239387848469,16.0171848940751],[118.24033942846,16.017131037751],[118.241290021202,16.0170752032661],[118.242239626696,16.017017388892],[118.243188240449,16.016957594627],[118.244135861564,16.0168958221961],[118.245082487346,16.0168320715975],[118.2460281151,16.0167663411024],[118.24697274213,16.0166986324357],[118.248544892692,16.0165813888117],[118.249486840946,16.0165084052988],[118.25042778129,16.01643344447],[118.25136771103,16.0163565045964],[118.252306626572,16.016277588266],[118.253244527017,16.0161966946129],[118.254181408773,16.0161138227714],[118.255117270941,16.0160289753292],[118.256052109928,16.015942150557],[118.256985923937,16.0158533493157],[118.257918711172,16.0157625716026],[118.258850468937,16.0156698182784],[118.259781194539,16.0155750893405],[118.260710886179,16.0154783839225],[118.261639542062,16.0153797037485],[118.2631849911,16.0152108474776],[118.264110871189,16.0151069009852],[118.265035707435,16.0150009797258],[118.265959495347,16.0148930845596],[118.266882234926,16.0147832154835],[118.267803922577,16.0146713724942],[118.268724555606,16.0145575555884],[118.269644133115,16.0144417664896],[118.270562652408,16.0143240043309],[118.271480109892,16.0142042691088],[118.272396505568,16.0140825625468],[118.273311835842,16.0139588829142],[118.274226098019,16.0138332327978],[118.275139291201,16.013705610467],[118.276051411794,16.0135760176448],[118.277569224163,16.0133556502482],[118.278478475537,16.013220802188],[118.279386646239,16.0130839844856],[118.28029373447,16.0129451980003],[118.281199738434,16.0128044418647],[118.282104654539,16.0126617169381],[118.283008481886,16.0125170232161],[118.283911218678,16.0123703615581],[118.284812860423,16.0122217319596],[118.285713407123,16.0120711352797],[118.286612855182,16.011918571514],[118.287511203704,16.011764040658],[118.288408449095,16.011607544434],[118.289304589558,16.0114490811105],[118.290199624194,16.0112886532732],[118.291688880917,16.0110169052589],[118.292580952011,16.0108512375436],[118.293471908297,16.0106836061602],[118.294361747078,16.0105140102405],[118.295250466558,16.0103424515064],[118.296138064043,16.0101689299527],[118.297024538633,16.0099934455744],[118.297909886736,16.0098160000933],[118.298794106555,16.0096365926406],[118.299677195395,16.0094552232111],[118.300559152358,16.0092718943898],[118.301439974748,16.0090866044445],[118.302319659872,16.0088993550965],[118.303198205931,16.0087101463405],[118.304075611131,16.0085189790342],[118.305535410298,16.0081960142202],[118.306409761226,16.0079996258128],[118.307282963208,16.0078012796977],[118.308155013549,16.0076009767327],[118.309025911353,16.0073987177754],[118.309895652126,16.0071945036832],[118.310764235869,16.0069883335867],[118.311631659887,16.0067802092069],[118.312497921485,16.0065701314011],[118.313363019765,16.0063580992996],[118.314226950235,16.0061441137598],[118.315089713794,16.0059281756388],[118.315951305949,16.0057102857939],[118.316811724905,16.0054904450821],[118.317670969762,16.0052686526334],[118.319100427433,16.0048946638362],[118.319956529085,16.0046676716173],[118.320811447656,16.004438730228],[118.321665182248,16.004207840525],[118.322517729266,16.0039750025017],[118.323369087814,16.0037402170147],[118.324219255195,16.0035034857841],[118.325633548406,16.0031046075373],[118.326480529463,16.0028626876234],[118.327326312167,16.0026188228038],[118.328170893825,16.002373013935],[118.329014272637,16.0021252610097],[118.32985644681,16.0018755657478],[118.330697413646,16.0016239290055],[118.33209633758,16.0012002193425],[118.332934074973,16.0009434058587],[118.333770598742,16.0006846517309],[118.334605905294,16.0004239595421],[118.33543999373,16.0001613275576],[118.336272860457,15.9998967583604],[118.337104504578,15.9996302519427],[118.337934924294,15.9993618082968],[118.338764116912,15.999091429142],[118.339592080635,15.9988191136069],[118.340418812767,15.9985448642742],[118.341244312411,15.9982686802723],[118.342068576872,15.9979905633203],[118.342891603453,15.9977105134101],[118.343713392157,15.9974285313972],[118.345080279473,15.9969542696148],[118.345898752495,15.9966671390298],[118.346715979553,15.9963780789024],[118.347531957953,15.9960870900878],[118.348346685898,15.9957941734411],[118.349160160694,15.9954993289539],[118.349972381441,15.995202557481],[118.350783345445,15.9949038607412],[118.351593050011,15.9946032387257],[118.35240149514,15.9943006922894],[118.353208676338,15.9939962222872],[118.354014593607,15.9936898287101],[118.354819244251,15.9933815132766],[118.355622626475,15.9930712759776],[118.356424737582,15.9927591185315],[118.357758760931,15.992234588815],[118.35855747461,15.9919173135228],[118.359354909986,15.9915981197773],[118.360151066161,15.9912770084328],[118.36094594044,15.9909539812072],[118.361739531027,15.9906290380913],[118.362531835226,15.9903021808028],[118.363322852139,15.9899734093324],[118.36411257997,15.9896427245341],[118.364901016024,15.9893101272622],[118.365688158503,15.9889756183705],[118.366474004714,15.9886391987132],[118.367258554655,15.9883008691441],[118.368041804735,15.987960630517],[118.368823754054,15.9876184845496],[118.370124105852,15.9870440009824],[118.370902575097,15.9866967695893],[118.371679736395,15.9863476334103],[118.37245558795,15.9859965924355],[118.373230127066,15.9856436483821],[118.374003351947,15.9852888012399],[118.374775260796,15.984932052726],[118.375545852715,15.9845734028303],[118.37631512411,15.9842128532697],[118.377083074083,15.9838504048975],[118.37784969994,15.9834860577035],[118.378615000782,15.9831198134044],[118.379378974812,15.9827516728535],[118.380141618437,15.9823816369039],[118.380902931657,15.982009705545],[118.382168824081,15.9813856129834],[118.382926579074,15.9810086346328],[118.383682995577,15.9806297642884],[118.384438071795,15.9802490036667],[118.385191806827,15.9798663536206],[118.385944198878,15.9794818150029],[118.386695244354,15.9790953886662],[118.387444943256,15.9787070763269],[118.388193292889,15.9783168771104],[118.388940291455,15.9779247944601],[118.389685938056,15.9775308275015],[118.3904302291,15.9771349770869],[118.391173163688,15.9767372457961],[118.391914740023,15.9763376336178],[118.392654956309,15.9759361405409],[118.393885623095,15.9752628120364],[118.394622203,15.9748563112349],[118.395357416568,15.9744479338112],[118.396091262002,15.9740376814811],[118.396823736607,15.9736255550968],[118.397554838585,15.9732115546466],[118.39828456704,15.97279568271],[118.399012919276,15.9723779392751],[118.399739893496,15.9719583251941],[118.400465488802,15.9715368421825],[118.401189703398,15.971113491092],[118.401912533689,15.9706882727745],[118.402633980575,15.9702611880818],[118.403354039564,15.9698322387293],[118.404072710656,15.969401424705],[118.405267406204,15.9686792623816],[118.405982366355,15.9682434833253],[118.406695932321,15.9678058438713],[118.407408100509,15.9673663457346],[118.408118870918,15.9669249889032],[118.408828241752,15.9664817750919],[118.409536210315,15.966036706016],[118.410242774812,15.9655897816629],[118.410947934344,15.9651410037477],[118.411651686216,15.9646903731216],[118.412354030427,15.9642378914995],[118.413054963386,15.9637835588689],[118.413754483294,15.9633273769445],[118.414452590152,15.9628693474411],[118.415149281266,15.962409470346],[118.416307281532,15.9616389080052],[118.417000188942,15.9611741111343],[118.417691674318,15.9607074709435],[118.418381735865,15.9602389891471],[118.419070371786,15.9597686674599],[118.419757580283,15.9592965058687],[118.420443360459,15.9588225052245],[118.421583146485,15.9580284235685],[118.422265107923,15.9575495270679],[118.422945634751,15.9570687957847],[118.423624724275,15.9565862322969],[118.424302375596,15.9561018374551],[118.424978586918,15.9556156112459],[118.425653356443,15.9551275562472],[118.426774763837,15.9543100688679],[118.427445681386,15.9538171410626],[118.428115149954,15.9533223878736],[118.428783169538,15.9528258118786],[118.429449738344,15.9523274130641],[118.430114853675,15.9518271922802],[118.430778514634,15.9513251521046],[118.431440720322,15.9508212925236],[118.432101468044,15.9503156161147],[118.432760756004,15.9498081228643],[118.433418583304,15.949298814486],[118.434074948146,15.9487876918298],[118.434729848734,15.9482747566093],[118.43538328417,15.9477600096744],[118.436035251759,15.9472434527388],[118.437118598432,15.9463785057059],[118.437766645773,15.9458571280794],[118.438413218978,15.9453339447196],[118.43905831715,15.9448089564761],[118.43970193939,15.9442821659261],[118.440344083003,15.9437535739191],[118.440984747989,15.9432231813048],[118.441623930755,15.9426909889327],[118.4422616313,15.9421569993797],[118.44289784693,15.9416212134954],[118.443532576747,15.9410836321293],[118.444165819852,15.9405442569943],[118.444797572652,15.94000308894],[118.445427836045,15.9394601296794],[118.446056606439,15.9389153809256],[118.44710123752,15.9380034919483],[118.44772602119,15.9374539763242],[118.448349307368,15.9369026754724],[118.448971094258,15.9363495911058],[118.449591380064,15.9357947240735],[118.450210162987,15.9352380760884],[118.450827442132,15.9346796488634],[118.451443216598,15.9341194432473],[118.452057482792,15.9335574609531],[118.452670241614,15.9329937028295],[118.453281489469,15.9324281705895],[118.453891226358,15.9318608659456],[118.454499449586,15.9312917897467],[118.455106159152,15.9307209428416],[118.455711352363,15.9301483278067],[118.456716633641,15.9291900437482],[118.457317777246,15.9286127190976],[118.457917398206,15.9280336314448],[118.458515496523,15.9274527816384],[118.459112070398,15.9268701713908],[118.459707118934,15.9262858015506],[118.460300639435,15.9256996738301],[118.460892631004,15.9251117899419],[118.461483092742,15.924522151598],[118.462072021954,15.9239307596471],[118.46265941864,15.9233376149376],[118.463245280105,15.9227427209094],[118.463829605452,15.9221460766831],[118.464412392882,15.9215476848348],[118.464993642397,15.9209475470767],[118.465958966611,15.9199434413814],[118.466536104537,15.9193386538346],[118.46711169736,15.9187321263677],[118.46768574598,15.9181238589652],[118.468258246802,15.9175138542028],[118.468829198928,15.9169021120649],[118.469398601461,15.916288635991],[118.469966451705,15.9156734268294],[118.470532750558,15.9150564845642],[118.471097494428,15.9144378126351],[118.471660683314,15.91381741189],[118.472222315419,15.9131952840407],[118.472782388948,15.9125714299353],[118.473340902103,15.9119458521495],[118.473897854884,15.911318551531],[118.474822637231,15.9102692251074],[118.475375420033,15.9096373379654],[118.47592663797,15.9090037331152],[118.476476287447,15.9083684131324],[118.477024368467,15.9077313788649],[118.477570879231,15.9070926320241],[118.478115818842,15.9064521743218],[118.478659185503,15.9058100074696],[118.479200977417,15.9051661331789],[118.479741194585,15.9045205522974],[118.48027983431,15.9038732665367],[118.480816895696,15.9032242776081],[118.481352378742,15.9025735880872],[118.481886279855,15.9019211979575],[118.482418599034,15.9012671097944],[118.483302278966,15.9001731927634],[118.48383037247,15.8995145839181],[118.48435687955,15.8988542821627],[118.484881798408,15.8981922900723],[118.485405128147,15.8975286084943],[118.48592686607,15.8968632391401],[118.486447012179,15.8961961845848],[118.486965565575,15.8955274456759],[118.487482523564,15.8948570232605],[118.487997886144,15.8941849199139],[118.488511651519,15.8935111382112],[118.489023817894,15.8928356781358],[118.489534384369,15.8921585413987],[118.490043350944,15.8914797314391],[118.490550714027,15.8907992473762],[118.491392756146,15.8896613956358],[118.491895841452,15.8889764601747],[118.492397318772,15.8882898574603],[118.492897189007,15.8876015892037],[118.493395449461,15.8869116588439],[118.493892099236,15.8862200663638],[118.494387138331,15.8855268134746],[118.495208617115,15.8843677082923],[118.495699351484,15.8836700373541],[118.496188468885,15.8829707137203],[118.496675970216,15.8822697365099],[118.497161851885,15.8815671100257],[118.497646113892,15.8808628351147],[118.498128755338,15.8801569126237],[118.49892955221,15.8789767208115],[118.499407864674,15.8782664162103],[118.499884552087,15.8775544700142],[118.50035961265,15.8768408856622],[118.500833045466,15.8761256640011],[118.501304849636,15.8754088076056],[118.501775024263,15.8746903173226],[118.50224356665,15.8739701948627],[118.502710477697,15.8732484428008],[118.503175754709,15.8725250628477],[118.503639396787,15.87180005585],[118.504101403931,15.8710734243825],[118.504561773446,15.8703451701559],[118.505020504434,15.869615294881],[118.505477596895,15.8688837994042],[118.506235771401,15.8676610475572],[118.50668848727,15.8669252435539],[118.507139559222,15.8661878261974],[118.507588987257,15.8654487980623],[118.508036769578,15.8647081599952],[118.508482905288,15.8639659154347],[118.508927392589,15.8632220652275],[118.509370232379,15.8624766110842],[118.509811421067,15.8617295555794],[118.51025095865,15.8609808986954],[118.51068884513,15.8602306447353],[118.511125077812,15.8594787936812],[118.511559655797,15.858725348972],[118.511992579085,15.8579703105901],[118.512423844982,15.8572136811099],[118.513138938982,15.8559491025874],[118.513565783371,15.8551882407496],[118.513990967673,15.8544257937974],[118.514414490092,15.8536617651697],[118.514836350627,15.8528961557127],[118.515256547483,15.8521289680011],[118.51567507976,15.8513602037452],[118.516091946561,15.8505898655198],[118.516507146987,15.8498179533071],[118.516920679242,15.8490444705456],[118.517332543325,15.8482694180818],[118.517742738338,15.8474927993543],[118.518151262485,15.8467146152095],[118.518558114867,15.8459348673578],[118.518963294586,15.8451535575095],[118.519634874194,15.8438479106705],[118.520035588388,15.8430624472209],[118.520434627224,15.8422754286223],[118.520831988006,15.8414868574494],[118.521227670736,15.8406967362767],[118.521621674515,15.8399050659505],[118.522013997545,15.8391118490452],[118.522404639828,15.8383170872714],[118.522793600465,15.8375207823393],[118.52318087676,15.8367229368235],[118.523566470511,15.8359235524344],[118.523950378124,15.8351226308823],[118.524332600498,15.8343201738777],[118.524713135835,15.833516183995],[118.525091983238,15.8327106638089],[118.525719642416,15.8313647311704],[118.526093984767,15.8305551370005],[118.526466635592,15.8297440193745],[118.52683759399,15.8289313791387],[118.527206859962,15.8281172188676],[118.527574431712,15.8273015411358],[118.527940308341,15.8264843476536],[118.528304489848,15.8256656401314],[118.528666974439,15.8248454202794],[118.529027761213,15.8240236906724],[118.529386849273,15.8232004530207],[118.529744238619,15.8223757098987],[118.530099927454,15.8215494621528],[118.53045391488,15.8207217132216],[118.530806200897,15.8198924639513],[118.531389559656,15.818507054804],[118.531737301994,15.8176738163521],[118.532083340228,15.8168390852728],[118.532427671663,15.8160028632765],[118.532770297197,15.815165153802],[118.533111214135,15.8143259576955],[118.533450423376,15.8134852775315],[118.533787922225,15.8126431150205],[118.53412371158,15.8117994727372],[118.534457789644,15.8109543523918],[118.534790156418,15.8101077556947],[118.535120810105,15.8092596860849],[118.535449750704,15.8084101435442],[118.535776976419,15.8075591315116],[118.53610248725,15.8067066525618],[118.536641191655,15.8052825969434],[118.536962124672,15.8044262144802],[118.53728134011,15.8035683710831],[118.537598836172,15.8027090701911],[118.537914612859,15.8018483135148],[118.538228669272,15.8009861027644],[118.538541005412,15.8001224413792],[118.538851618582,15.7992573293407],[118.539160508784,15.7983907709526],[118.539467676018,15.7975227670609],[118.539773119384,15.7966533202403],[118.540076837087,15.795782431337],[118.540378830024,15.7949101046546],[118.540679095501,15.7940363410391],[118.540977634416,15.7931611430653],[118.541471358377,15.7916992969692],[118.541765288037,15.790820283747],[118.542057486642,15.7899398438791],[118.542347955991,15.7890579790757],[118.542636693388,15.7881746919119],[118.542923698833,15.7872899849626],[118.543208971428,15.7864038599383],[118.543680573478,15.7849238386608],[118.543961221545,15.784033942963],[118.544240134966,15.783142636903],[118.544517311944,15.7822499221912],[118.544792753376,15.7813558022671],[118.545066456569,15.7804602788412],[118.545338421521,15.7795633544887],[118.545787832488,15.7780653714778],[118.546055160337,15.777164720164],[118.546320746352,15.7762626756364],[118.546584592331,15.7753592404703],[118.546846696476,15.7744544163763],[118.54710705789,15.773548205065],[118.547365676572,15.772640609976],[118.547622550726,15.7717316319556],[118.54787768125,15.7708212744434],[118.548131066347,15.7699095391501],[118.548382706916,15.7689964277864],[118.548632600262,15.7680819437921],[118.548880747282,15.7671660888778],[118.549127146182,15.7662488647544],[118.549371797858,15.7653302739972],[118.549775663342,15.7637962586317],[118.550015650965,15.7628740343787],[118.550253886873,15.7619504520701],[118.550490372863,15.7610255142814],[118.550725107138,15.7600992218587],[118.550958089699,15.7591715782421],[118.551189319646,15.7582425851423],[118.551418796981,15.7573122451349],[118.551646519905,15.7563805607952],[118.55187248842,15.7554475338342],[118.552096702525,15.7545131668274],[118.552319161322,15.7535774614857],[118.552539863912,15.7526404212492],[118.552758810297,15.7517020469643],[118.552975999576,15.7507623429357],[118.553334075235,15.7491932162487],[118.553546576207,15.7482499739295],[118.553757319176,15.7473054078523],[118.553966301447,15.7463595223218],[118.554173524817,15.7454123190491],[118.55437898659,15.74446380061],[118.554582688564,15.7435139678509],[118.554784628043,15.7425628250769],[118.554984805926,15.7416103731344],[118.555183221315,15.7406566145992],[118.55537987331,15.7397015529119],[118.555574762811,15.7387451889189],[118.555767887122,15.7377875269254],[118.555959248041,15.7368285669133],[118.55614884377,15.7358683123233],[118.55646091311,15.7342650179388],[118.55664579987,15.7333013237343],[118.556828920542,15.7323363426676],[118.55701027333,15.7313700781795],[118.557189859132,15.7304025328461],[118.557367677049,15.7294337083785],[118.557543726183,15.7284636073531],[118.557718007433,15.7274922323459],[118.557890519002,15.7265195859329],[118.558061259992,15.7255456698258],[118.558230232198,15.7245704866007],[118.558397432927,15.7235940388337],[118.558562863077,15.7226163299659],[118.558726522647,15.7216373599794],[118.558888409841,15.7206571340446],[118.559154283317,15.719020634742],[118.559311443576,15.7180370670189],[118.559466831459,15.7170522502],[118.559620445169,15.7160661877265],[118.559772284707,15.7150788821747],[118.55992235097,15.7140903343917],[118.560070641264,15.7131005478187],[118.560217157385,15.7121095250322],[118.560361897537,15.7111172677441],[118.560504862617,15.7101237793956],[118.560646050831,15.7091290616987],[118.560785463074,15.70813311723],[118.560923098451,15.7071359494309],[118.561058956959,15.7061375582837],[118.561193037702,15.7051379489596],[118.561412554516,15.7034692292905],[118.561541893951,15.7024663794799],[118.561669453823,15.7014623200758],[118.561795235929,15.7004570519255],[118.561919237574,15.6994505784707],[118.562041460555,15.6984429022883],[118.562161903075,15.6974340250905],[118.562280565134,15.696423950319],[118.562397447631,15.6954126796861],[118.562512548768,15.6944002157687],[118.562625868546,15.6933865620089],[118.562737406965,15.6923717192541],[118.562847164025,15.6913556909461],[118.562955139726,15.6903384796623],[118.56306133227,15.6893200879798],[118.563234359472,15.6876201508311],[118.563335799031,15.6865986225773],[118.563435455433,15.68557592251],[118.56353332868,15.6845520540714],[118.563629417873,15.683527018974],[118.563723723011,15.6825008197953],[118.563816244096,15.6814734591127],[118.563906981126,15.6804449395038],[118.563995934102,15.679415263546],[118.564083102126,15.678384432952],[118.564168485197,15.6773524520292],[118.564252082417,15.6763193216255],[118.564333894685,15.6752850451833],[118.564413922,15.6742496244155],[118.564492162567,15.6732130627648],[118.564618595951,15.6714829311108],[118.56469207365,15.6704433385547],[118.564763765498,15.6694026137028],[118.564833670597,15.6683607599978],[118.564901788946,15.6673177791528],[118.564968119649,15.6662736746105],[118.565032663602,15.6652284480842],[118.565136265405,15.6634839182185],[118.565196043796,15.6624357123385],[118.565254033641,15.6613863947923],[118.565310235838,15.6603359681582],[118.56536464949,15.6592844332844],[118.565417275494,15.6582317944791],[118.565468113851,15.6571780534557],[118.565548868802,15.6554193771672],[118.565594937104,15.6543627100773],[118.56563921776,15.6533049502233],[118.565681708073,15.6522461010487],[118.565722410738,15.651186164267],[118.56576132396,15.6501251433218],[118.565798447737,15.6490630390615],[118.565833782969,15.6479998566599],[118.565867328756,15.6469355969656],[118.5658990851,15.6458702625574],[118.565929052,15.6448038568789],[118.565957229455,15.6437363816439],[118.565983617467,15.6426678402964],[118.566008215136,15.6415982354152],[118.566031024259,15.640527568714],[118.566065060527,15.6387407732189],[118.566083096901,15.63766729049],[118.566099342035,15.6365927553975],[118.566113798623,15.6355171713856],[118.56612646397,15.6344405410335],[118.566137339873,15.6333628669203],[118.566146426332,15.6322841524904],[118.566159227325,15.6301236104021],[118.566164869643,15.6279589362685],[118.566163350592,15.6257901507247],[118.56615467107,15.623617275272],[118.566141968892,15.6218034378743],[118.566120163186,15.6196231197281],[118.56609119701,15.6174387736058],[118.566055071261,15.6152504184159],[118.566011785939,15.6130580782584],[118.565961342841,15.610861772043],[118.56590374017,15.6086615238713],[118.565838980621,15.6064573526544],[118.565779547184,15.6046175639083],[118.565701665943,15.6024062605441],[118.565616629622,15.600191096084],[118.565524438219,15.597972093768],[118.565425093532,15.5957492742412],[118.565318594662,15.5935226598801],[118.565204944304,15.5912922721965],[118.565084143356,15.5890581335684],[118.564978013693,15.587193501623],[118.564844106325,15.5849525432087],[118.564703051063,15.5827078958162],[118.564554849702,15.5804595809614],[118.56439950404,15.5782076218912],[118.564237015873,15.5759520392578],[118.5640673861,15.5736928571751],[118.563890616516,15.5714300962969],[118.563737856206,15.5695417443203],[118.563548001762,15.5672724812979],[118.563351012898,15.5649997023297],[118.563146891411,15.5627234298032],[118.562935639996,15.5604436878375],[118.56271725955,15.5581604970909],[118.562491753668,15.5558738799536],[118.562259122349,15.5535838596818],[118.562059823018,15.5516729267438],[118.561814138279,15.5493767255253],[118.56156133529,15.5470771849063],[118.561301417644,15.544774326416],[118.561034387138,15.5424681750455],[118.560760247364,15.5401587514602],[118.560479001019,15.537846078057],[118.560190649897,15.5355301789645],[118.559944932819,15.5335978157279],[118.559643565109,15.5312760604461],[118.559335100709,15.5289511440945],[118.559019544109,15.526623088209],[118.558751164333,15.5246806609445],[118.558422611806,15.5223469108691],[118.558086975165,15.5200100858891],[118.557744258901,15.5176702101405],[118.557453255054,15.5157179997779],[118.557097566219,15.5133725901329],[118.556734805846,15.5110241952245],[118.556364978427,15.5086728365956],[118.555988087555,15.5063185392524],[118.555604136822,15.5039613256053],[118.555213129824,15.5016012180656],[118.55481507105,15.4992382399111],[118.554477971053,15.497266916477],[118.554066992709,15.4948987380461],[118.553648974268,15.492527754527],[118.553223918425,15.4901539900671],[118.552791829672,15.4877774688148],[118.552352713398,15.4853982123224],[118.551906572298,15.4830162456059],[118.551453412662,15.4806315919509],[118.551070419534,15.4786423435691],[118.55060440231,15.4762528242336],[118.550131377329,15.4738606826426],[118.549651350879,15.4714659446829],[118.549164326553,15.4690686327793],[118.548670309741,15.4666687702234],[118.548169305832,15.4642663811735],[118.54766131842,15.4618614889234],[118.547232665723,15.4598555171021],[118.546711889895,15.4574460982098],[118.546184145835,15.4550342425544],[118.545649438934,15.4526199751651],[118.54510777458,15.4502033184747],[118.544559157266,15.4477842983805],[118.544003592382,15.4453629364516],[118.543441086216,15.4429392577214],[118.542967032664,15.4409177730385],[118.542391814438,15.4384899085536],[118.5418096711,15.4360597945937],[118.541220607141,15.433627454465],[118.540624629747,15.431192914072],[118.54002174341,15.428756194991],[118.539411955317,15.4263173222629],[118.538795270858,15.4238763200639],[118.538276103014,15.4218405421785],[118.537646790937,15.4193956986958],[118.537010600459,15.4169487930925],[118.536367536972,15.4144998495489],[118.53571760766,15.4120488931126],[118.535060817915,15.4095959470998],[118.534397174922,15.4071410365605],[118.533726685869,15.4046841848133],[118.533162719042,15.4026353433427],[118.532479693999,15.4001749966377],[118.531789840861,15.3977127769658],[118.531093167714,15.3952487093818],[118.530389679947,15.3927828180761],[118.529679384747,15.3903151263737],[118.5289622893,15.3878456601992],[118.528238399895,15.3853744428802],[118.527629975444,15.3833137756782],[118.526893651559,15.3808394115851],[118.526150554376,15.3783633654793],[118.525400692879,15.3758856615587],[118.524770644183,15.3738196601522],[118.524008398512,15.3713389805735],[118.523239407391,15.3688567131905],[118.522463680702,15.3663728813392],[118.521812101185,15.3643018447777],[118.521024043323,15.3618152092813],[118.520229270553,15.3593270802058],[118.519427790962,15.3568374800254],[118.518619611735,15.3543464346805],[118.517804742754,15.3518539675137],[118.516983189409,15.349360105334],[118.516154961582,15.3468648697539],[118.515459679027,15.3447844776465],[118.51461923501,15.3422867911904],[118.513772139867,15.3397878031151],[118.512918401682,15.3372875367703],[118.512058027642,15.3347860181053],[118.511191028527,15.332283270472],[118.510317410625,15.3297793198223],[118.509437183817,15.3272741903767],[118.508698619534,15.3251856992649],[118.507806298707,15.3226784718437],[118.50690739323,15.3201701365678],[118.506001912983,15.3176607159294],[118.505089866052,15.3151502358873],[118.50417126052,15.3126387215354],[118.503246108067,15.310126197102],[118.50231441498,15.3076126868167],[118.501533016329,15.3055173606428],[118.500589358581,15.3030021088807],[118.499639188047,15.3004859422344],[118.49868251371,15.2979688849381],[118.497719345452,15.2954509620936],[118.496749691358,15.2929321996705],[118.495773563106,15.2904126201736],[118.49479096878,15.2878922504413],[118.493967208275,15.2857913562218],[118.492972785832,15.2832696016453],[118.491971925163,15.2807471260945],[118.49096463615,15.2782239546795],[118.489950929573,15.2757001125115],[118.488930814414,15.2731756255696],[118.487904301454,15.2706505163677],[118.486871400574,15.2681248117538],[118.486005777678,15.2660196213159],[118.484961192411,15.2634928886251],[118.48391024797,15.2609656306765],[118.482852954237,15.2584378725897],[118.481789323788,15.2559096386188],[118.480719364708,15.2533809538855],[118.479643089572,15.250851843513],[118.478560507366,15.2483223326257],[118.477653545797,15.2462141191437],[118.47655943012,15.2436839379484],[118.475459037915,15.2411534272859],[118.474352380858,15.238622612285],[118.473239469731,15.2360915163424],[118.472120315312,15.2335601654563],[118.470994928382,15.2310285847591],[118.469863320619,15.2284967993847],[118.468915570146,15.2263868391146],[118.467772587016,15.2238547422034],[118.466623413596,15.2213225108226],[118.465468062461,15.2187901701103],[118.464500558934,15.2166798204497],[118.463333911485,15.2141473450361],[118.46216111866,15.2116148305119],[118.460982192139,15.2090823020201],[118.459995075694,15.2069718698585],[118.458804933707,15.2044393826664],[118.457608691261,15.2019069526071],[118.456406360033,15.1993746039614],[118.455197951703,15.1968423636118],[118.453983477948,15.1943102558414],[118.452762950446,15.1917783049345],[118.451536382672,15.1892465360436],[118.450509637049,15.187136886768],[118.449272025387,15.1846055173488],[118.448028406691,15.1820744010726],[118.446778793536,15.1795435639635],[118.445523198501,15.1770130294457],[118.44426163416,15.1744828226785],[118.442994112193,15.1719529696895],[118.441720646073,15.1694234947735],[118.440654892006,15.1673159052064],[118.439370559865,15.1647871889354],[118.438080318606,15.162258921024],[118.436784180805,15.1597311266385],[118.435482159937,15.1572038318135],[118.434174268579,15.1546770608506],[118.432860520205,15.1521508380527],[118.431540926494,15.1496251894578],[118.430436808974,15.147520938633],[118.429106534294,15.1449964071229],[118.427770452006,15.1424725201288],[118.426428574686,15.139949301959],[118.425080916707,15.1374267777904],[118.423727489747,15.134904973668],[118.422368309077,15.1323839139037],[118.421003387275,15.1298636228107],[118.419861576447,15.1277639859004],[118.418486165017,15.1252451695974],[118.417105049285,15.1227271931716],[118.415718245421,15.1202100809407],[118.414325766001,15.1176938580904],[118.412927624499,15.115178549808],[118.411523835289,15.1126641804144],[118.410114411846,15.110150775099],[118.408935598513,15.1080570251426],[118.407515882173,15.1055454524532],[118.406090571126,15.1030349133392],[118.404659679744,15.1005254338616],[118.403223221503,15.0980170383482],[118.401781211673,15.0955097511278],[118.400333663729,15.0930035982649],[118.398880592943,15.0904986032232],[118.397665490367,15.0884120102546],[118.396202329704,15.0859092040697],[118.394733685724,15.0834076252285],[118.393259573699,15.0809073006684],[118.391780008002,15.0784082538586],[118.390295003005,15.0759105100041],[118.388804573083,15.0734140934436],[118.387308733506,15.070919028517],[118.386058078307,15.0688408586899],[118.384552359058,15.0663483372434],[118.383041272376,15.0638572378454],[118.381524831735,15.06136758484],[118.380257053747,15.0592939965282],[118.378730838538,15.0568070600155],[118.377199312488,15.0543216403221],[118.375662491768,15.0518377609289],[118.374377774249,15.0497690558431],[118.372831284962,15.0472880659848],[118.371279543225,15.0448086859977],[118.36972256431,15.0423309411019],[118.368160364386,15.0398548565183],[118.366592957827,15.0373804557342],[118.365020361701,15.0349077631052],[118.363442589482,15.0324368047232],[118.362123837492,15.0303790129811],[118.36053661859,15.0279112946646],[118.35894426851,15.0254453793225],[118.357346803424,15.0229812895805],[118.355744238601,15.0205190515359],[118.354136590212,15.0180586886838],[118.352523874427,15.015600226256],[118.350906107415,15.0131436877498],[118.349554120455,15.0110980594676],[118.347927132236,15.008645111677],[118.346295138605,15.0061941574266],[118.344658153934,15.0037452202177],[118.343016195292,15.0012983244203],[118.341369278847,14.9988534944055],[118.33971742077,14.9964107536777],[118.33806063723,14.9939701283455],[118.336676233664,14.9919379053839],[118.33501046248,14.9895012180637],[118.333339812546,14.9870667131771],[118.331664300031,14.984634415969],[118.329983942003,14.9822043482141],[118.328298754632,14.9797765360269],[118.326608754088,14.9773510029196],[118.324913958337,14.9749277724055],[118.323497976294,14.9729101900939],[118.321794430952,14.9704912432662],[118.320086137116,14.9680746678272],[118.318373110954,14.965660487294],[118.316655371333,14.9632487251845],[118.314932932624,14.9608394058853],[118.313205813692,14.9584325529164],[118.311474031606,14.9560281906664],[118.310027328977,14.9540264743189],[118.308287040743,14.9516267398041],[118.306542136966,14.9492295622216],[118.304792635611,14.9468349659637],[118.303038553746,14.9444429754236],[118.301279908439,14.9420536132597],[118.299516716759,14.939666903867],[118.297748996672,14.9372828707738],[118.296272449314,14.9352982374116],[118.294496471913,14.9329191727374],[118.292716015511,14.9305428497287],[118.290931098076,14.9281692945209],[118.289141735776,14.9257985289105],[118.287347947478,14.9234305772989],[118.285549751146,14.9210654623524],[118.283747163849,14.9187032084742],[118.282241666485,14.9167368650753],[118.280431076097,14.9143799160629],[118.27861614505,14.9120258935044],[118.276796891309,14.9096748218066],[118.275277558093,14.9077178657624],[118.273450427026,14.9053722628347],[118.27161902447,14.9030296761628],[118.269783369289,14.9006901284204],[118.268250420308,14.8987428439744]]],[[[110.845162084999,16.5219555728621],[111.728944753236,16.2877515647582],[112.911410870014,16.2473589110265],[113.550297645305,17.1772993447245],[113.550291029213,17.1748064090194],[113.550280336566,17.1724154124676],[113.550264637608,17.1699184501243],[113.550245241185,17.1675236080509],[113.550220459361,17.1650226488134],[113.550192358262,17.162623990976],[113.550158493573,17.1601190645909],[113.550121688697,17.1577166207499],[113.550078742938,17.1552077578252],[113.550033234286,17.1528015560272],[113.549981205661,17.1502887871738],[113.549926994131,17.1478788571848],[113.549865885335,17.1453622130166],[113.549802971824,17.1429485828886],[113.5497357994,17.1405331539179],[113.549664368962,17.1381159311897],[113.549585293861,17.1355917086499],[113.549505163239,17.1331708453349],[113.549417008866,17.130642838487],[113.549328178959,17.1282183626458],[113.549230947109,17.1256866021157],[113.549133418815,17.1232585443869],[113.549027111286,17.1207230599449],[113.548920884606,17.1182914483948],[113.548805502296,17.1157522723896],[113.548690579923,17.113317137663],[113.548566124629,17.1107742998708],[113.548442506564,17.1083356700398],[113.548308979184,17.1057892019572],[113.54817666902,17.1033471076721],[113.548040105334,17.1009033285546],[113.547899288125,17.0984578722711],[113.5477478151,17.0959043099746],[113.547598307589,17.0934554479769],[113.547437767868,17.0908983473277],[113.54727957275,17.0884461085582],[113.547109967231,17.0858855010651],[113.546943086302,17.0834299153277],[113.546764418579,17.0808658307854],[113.546588853636,17.0784069287457],[113.546401125505,17.0758393986694],[113.546216878345,17.0733772101375],[113.546020092501,17.0708062660454],[113.545827165819,17.0683408191168],[113.54562132316,17.0657664925306],[113.54541971965,17.0632978187387],[113.545213870703,17.0608275767929],[113.545003776318,17.0583557743654],[113.54478002215,17.0557748449825],[113.544561256327,17.0532998744794],[113.544328454328,17.0507156554738],[113.544101017966,17.0482375467203],[113.543859171729,17.0456500687675],[113.543623068421,17.0431688524507],[113.543372179742,17.0405781479473],[113.543127412183,17.0380938538988],[113.542867484656,17.0354999535265],[113.542614056439,17.0330126115808],[113.542345092758,17.030415546884],[113.542083006579,17.0279251885965],[113.541805010338,17.0253249911225],[113.54153426979,17.0228316454753],[113.541259295481,17.0203368493072],[113.540980087413,17.0178406094378],[113.540684228172,17.0152343070009],[113.540396372023,17.0127351403264],[113.540091490103,17.0101257989201],[113.539794990364,17.0076237352909],[113.539481090258,17.0050113873349],[113.539175948725,17.0025064574633],[113.538853034025,16.9998911336625],[113.53853925609,16.9973833682644],[113.538207330389,16.9947651019042],[113.537884918745,16.9922545308394],[113.537543986535,16.9896333526314],[113.537212945675,16.987120006622],[113.536863011448,16.9844959489994],[113.536523344964,16.9819798587709],[113.536179459093,16.9794624366126],[113.535831355633,16.9769436902092],[113.53546362039,16.974314028452],[113.53510689939,16.9717925984353],[113.534730174706,16.9691601520102],[113.534364841558,16.966636068256],[113.533979131925,16.9640008696099],[113.533605190221,16.961474163716],[113.533210501028,16.9588362444398],[113.532827956159,16.9563069462886],[113.532424291,16.953666338836],[113.532033147457,16.951134480032],[113.53162051262,16.9484912160008],[113.531220773996,16.9459568272923],[113.530799173972,16.9433109391433],[113.530390846557,16.9407740504227],[113.52997831772,16.938235949324],[113.52956158926,16.9356966443976],[113.529122264577,16.9330456585265],[113.528696956307,16.9305039151051],[113.528248681709,16.9278504016635],[113.527814799919,16.9253062505089],[113.527357581693,16.9226502402526],[113.526915130873,16.9201037129892],[113.526448974411,16.9174452392555],[113.525997959951,16.9148963666518],[113.525522870642,16.9122354610628],[113.525063298831,16.9096842738905],[113.524579282064,16.907020969791],[113.524111158292,16.9044674988252],[113.523618220356,16.9018018287037],[113.523141550012,16.8992461055825],[113.522660698908,16.8966892914577],[113.52217566974,16.8941313940268],[113.521665097875,16.8914611356134],[113.521171532915,16.8889010475977],[113.520652058746,16.8862285197937],[113.520149965181,16.883666271982],[113.519621594995,16.8809915072901],[113.519110979113,16.8784271304745],[113.518573718301,16.8757501614014],[113.518054585492,16.8731836872369],[113.517508442139,16.8705045454329],[113.516980799588,16.8679360055782],[113.516425779083,16.8652547244165],[113.515889633081,16.8626841496742],[113.515325742611,16.860000761672],[113.514781099444,16.8574281828478],[113.51423230067,16.8548546362201],[113.513679348087,16.8522801277737],[113.513097926994,16.8495926665155],[113.512536489823,16.8470162164719],[113.511946220325,16.8443267459496],[113.511376306651,16.8417483859847],[113.510777194136,16.8390569395897],[113.510198811146,16.8364767005233],[113.509590864599,16.8337833090713],[113.50900401858,16.831201223446],[113.508387245188,16.8285059211956],[113.507791943327,16.825922019838],[113.507166350275,16.8232248393317],[113.506562599759,16.8206391530719],[113.505928195132,16.8179401277158],[113.505316004046,16.8153526882473],[113.504699685201,16.8127644034243],[113.504079240394,16.8101752792378],[113.503427421925,16.8074726986974],[113.502798550921,16.8048818847022],[113.502137944234,16.8021775569751],[113.501500654218,16.7995850840151],[113.500831267398,16.7968790416622],[113.500185567355,16.7942849414451],[113.499507408486,16.7915772178908],[113.498853305601,16.7889815221275],[113.498166382768,16.7862721499401],[113.497503885128,16.7836748903452],[113.496808206415,16.7809639029565],[113.496137322103,16.7783651103881],[113.495432897394,16.7756525403736],[113.494753634495,16.7730522482737],[113.494070275278,16.7704512325174],[113.493382820643,16.7678495025428],[113.492661113245,16.7651338993188],[113.491965296192,16.7625307306885],[113.49123486795,16.7598136434497],[113.490530698362,16.7572090687559],[113.489791557359,16.7544905309528],[113.48907904332,16.7518845827918],[113.48833119944,16.7491646270184],[113.487610349035,16.7465573362695],[113.486853812157,16.7438359959836],[113.48612463437,16.7412273943898],[113.48535941258,16.7385047039134],[113.484621916393,16.7358948232213],[113.483848019572,16.7331708142993],[113.483102213969,16.7305596862592],[113.482352346183,16.7279479598122],[113.481598418013,16.7253356426829],[113.480807383134,16.7226091238545],[113.480045163513,16.7199956228899],[113.479245481451,16.7172678860363],[113.478474979364,16.714653232137],[113.477666660898,16.7119243098781],[113.476887887124,16.7093085356688],[113.476070941238,16.7065784606284],[113.47528390476,16.7039615987377],[113.474458342234,16.7012304052641],[113.473663052035,16.6986124874637],[113.47282888275,16.6958802081881],[113.47202534961,16.6932612653928],[113.47118258255,16.6905279338106],[113.470370815452,16.6879079986599],[113.469555023003,16.685287590464],[113.468735207898,16.6826667152336],[113.467875460882,16.6799314001011],[113.467047431583,16.6773095960848],[113.466179119131,16.6745733282952],[113.465342885518,16.6719506264223],[113.464466018409,16.669213439486],[113.463621591262,16.6665898732707],[113.462736179379,16.6638518007019],[113.461883569478,16.6612274019412],[113.460989624498,16.6584884763972],[113.460128841725,16.6558632760309],[113.459226373529,16.6531235318941],[113.458357427765,16.6504975634477],[113.45744644893,16.647757033383],[113.456569351853,16.6451303278034],[113.455688269849,16.6425032737924],[113.454803205614,16.6398758782277],[113.453875416605,16.6371338923041],[113.452982221718,16.6345058240937],[113.452045955308,16.631763152842],[113.451144641448,16.6291344429438],[113.450199907518,16.6263911199047],[113.449290485464,16.6237618010014],[113.44833729659,16.6210178588583],[113.447419777122,16.6183879636364],[113.446458144984,16.6156434367984],[113.445532539779,16.6130129962263],[113.444562476054,16.6102679173844],[113.443628795893,16.6076369650168],[113.442650312258,16.6048913685875],[113.44170856882,16.6022599354],[113.440762883574,16.5996282793682],[113.439813259216,16.5969964073765],[113.438818151359,16.5942498841159],[113.43786048618,16.5916175958492],[113.436856994346,16.5888706548302],[113.435891300924,16.5862379821358],[113.43487943769,16.5834906569291],[113.433905727702,16.5808576316579],[113.432885504746,16.578109954977],[113.431903789871,16.5754766098444],[113.430875219769,16.5727286169896],[113.429885511684,16.5700949838538],[113.428848607911,16.567346706685],[113.427850920092,16.5647128182686],[113.426805694326,16.5619642912327],[113.425800037552,16.55933017854],[113.424790484785,16.5566959687028],[113.423777040516,16.5540616694734],[113.422715387258,16.5513127468311],[113.421693999187,16.5486782879276],[113.420624062565,16.5459292161979],[113.419594742369,16.5432946286351],[113.418516535856,16.5405454405575],[113.417479297012,16.5379107587984],[113.416392833185,16.5351614888387],[113.415347688267,16.5325267439054],[113.414252981499,16.5297774248107],[113.413199942187,16.52714264859],[113.412097005054,16.5243933148335],[113.411036085721,16.5217585409381],[113.409924931698,16.5190092244132],[113.408856144021,16.5163744847372],[113.407783511554,16.5137397728677],[113.406707036095,16.5111050965637],[113.405579663888,16.5083559169932],[113.404495347034,16.5057213387065],[113.40335979926,16.5029722772364],[113.402267653589,16.5003378297329],[113.40112394462,16.4975889208553],[113.400023983606,16.4949546343206],[113.398872126019,16.4922059116697],[113.397764363137,16.4895718205996],[113.396604372204,16.4868233178137],[113.395488820928,16.4841894524007],[113.394320710123,16.4814412031217],[113.393197384826,16.4788075978689],[113.392021168522,16.4760596348809],[113.39089008268,16.4734263208493],[113.389755204151,16.4707931605478],[113.388616535629,16.4681601626041],[113.387424323025,16.4654128670189],[113.386277921806,16.4627802241506],[113.385077646822,16.4600333166756],[113.383923526379,16.4574010608159],[113.382715204287,16.45465457425],[113.381553378096,16.4520227381968],[113.380337023269,16.4492767062041],[113.3791675066,16.4466453227591],[113.377943133411,16.4438997790072],[113.37676593974,16.4412688783909],[113.375533564358,16.4385238574129],[113.374348708058,16.4358934732955],[113.373108344856,16.433149007905],[113.371915841198,16.4305191722372],[113.370719600548,16.4278896180574],[113.369519625602,16.4252603514152],[113.368263501458,16.4225170834812],[113.3670559079,16.4198884291987],[113.365791840853,16.4171458178977],[113.364576643954,16.4145178079361],[113.363304650173,16.4117758860962],[113.362081863408,16.4091485532817],[113.360801958164,16.4064073545964],[113.359571597704,16.4037807308971],[113.358283796268,16.4010402890632],[113.357045876484,16.3984144064507],[113.355750195926,16.395674755169],[113.35450473209,16.3930496456184],[113.353201186781,16.3903108185932],[113.351948194165,16.3876865149447],[113.35069152205,16.3850626180671],[113.349431175825,16.3824391348778],[113.348112117509,16.3797020366865],[113.346844272148,16.3770794225029],[113.345517397591,16.3743432479768],[113.344242069264,16.3717215356495],[113.342907394636,16.3689863193693],[113.341624599512,16.3663655408907],[113.340282140083,16.3636313148548],[113.338991893434,16.3610115022205],[113.337641668069,16.3582783010168],[113.336343985166,16.355659487088],[113.334986008239,16.3529273444459],[113.333680905252,16.3503095603632],[113.332315194729,16.3475785091539],[113.331002687827,16.3449617869232],[113.329686564307,16.342345596854],[113.328366826866,16.3397299458702],[113.326985861152,16.3370011544662],[113.325658752135,16.3343866293541],[113.324270102233,16.3316590288766],[113.322935636912,16.3290456616525],[113.321539319889,16.3263192867109],[113.320197514434,16.3237071102562],[113.318793547358,16.3209819937393],[113.317444419735,16.318371039215],[113.316032819674,16.315647214877],[113.314676385155,16.3130375143092],[113.313257169177,16.3103150150459],[113.311893444829,16.3077066013265],[113.310466630002,16.3049854608992],[113.309095631995,16.302378365199],[113.307721081151,16.2997719262949],[113.306342980165,16.2971661511171],[113.304901183236,16.2944477993285],[113.303515842727,16.291843406243],[113.302066499051,16.2891265120057],[113.300673935189,16.2865235330554],[113.299217063631,16.2838081310069],[113.297817293484,16.2812065973759],[113.296352911112,16.2784927204328],[113.294945952646,16.2758926641706],[113.293474077426,16.2731803461149],[113.292059946811,16.2705818001369],[113.290580596709,16.2678710730296],[113.289159311911,16.2652740685295],[113.287672505793,16.2625649670221],[113.28624408388,16.2599695360594],[113.284812175605,16.2573748866313],[113.283376784562,16.2547810256743],[113.281875278412,16.2520752386291],[113.280432785289,16.2494830144724],[113.278923876123,16.2467789518242],[113.277474298885,16.2441883956747],[113.275958006466,16.2414860903638],[113.274501361283,16.2388972351564],[113.272977703577,16.2361967209889],[113.271514009314,16.2336095970744],[113.269983006084,16.2309109069972],[113.268512280707,16.2283255473169],[113.266973949021,16.2256287142804],[113.265496209599,16.2230451509166],[113.263950569219,16.2203502078745],[113.262465835514,16.2177684711874],[113.260977684618,16.2151876408751],[113.25948612192,16.2126077247429],[113.257926075259,16.2099166198277],[113.256427552414,16.2073385928235],[113.254860253653,16.2046494767795],[113.253354790424,16.2020733727233],[113.251780258429,16.1993862785175],[113.250267872783,16.1968121277821],[113.248686126417,16.1941270892472],[113.24716683632,16.1915549239337],[113.245577896245,16.1888719731805],[113.244051720561,16.1863018253934],[113.242455604744,16.1836209953984],[113.240922563236,16.1810528955196],[113.23931929144,16.1783742209883],[113.237779402075,16.1758082011283],[113.236236167384,16.1732432108576],[113.234689593654,16.1706792579872],[113.233072221003,16.1680049430773],[113.231518836247,16.1654431327266],[113.229894366905,16.1627710696469],[113.228334190886,16.1602114330727],[113.226702644615,16.1575416556788],[113.225135695299,16.154984225004],[113.223497092762,16.1523167654289],[113.221923389912,16.1497615719168],[113.220277749973,16.1470964631596],[113.218697313351,16.1445435380761],[113.217044655773,16.141880813139],[113.215457504245,16.1393301886162],[113.213797850587,16.1366698805048],[113.212204003915,16.134121586952],[113.210606887374,16.1315744471619],[113.209006507255,16.1290284663626],[113.207333068051,16.1263730354585],[113.205726030517,16.1238294481779],[113.20404565632,16.1211765322668],[113.202431982032,16.1186353697859],[113.200744691705,16.1159850001597],[113.199124399529,16.1134462937625],[113.197430215531,16.110798503442],[113.195803325229,16.1082622852785],[113.194102267322,16.1056171064249],[113.192468799555,16.1030834069219],[113.190760887503,16.100440872562],[113.189120862933,16.0979097221493],[113.187406118294,16.0952698653134],[113.185759555786,16.0927412970128],[113.184109801563,16.0902140024265],[113.18245685922,16.0876879902403],[113.180728657818,16.0850535260009],[113.179069218859,16.0825301567958],[113.177334247753,16.0798984665944],[113.175668331042,16.0773777708115],[113.173926610894,16.074748886827],[113.172254237092,16.0722308957734],[113.170505790359,16.0696048501878],[113.168826980129,16.0670895960367],[113.16707182837,16.0644664210347],[113.165386601474,16.0619539333726],[113.163624765351,16.0593336628685],[113.161933143348,16.0568239730109],[113.160164644421,16.0542066374689],[113.158466647973,16.0516997767343],[113.156765538862,16.0491943106179],[113.155061323377,16.0466902478111],[113.153279704556,16.044078817181],[113.151569155948,16.0415776444106],[113.149780939001,16.0389692453265],[113.148064077033,16.0364709930557],[113.146269283519,16.0338656577199],[113.14454613065,16.0313703572781],[113.142744783028,16.0287681178956],[113.14101535902,16.0262757997517],[113.139207479747,16.0236766885302],[113.137471807058,16.021187384019],[113.135657416796,16.0185914323059],[113.133915516087,16.0161051719017],[113.132094638192,16.0135124127738],[113.130346530124,16.0110292260898],[113.128595392039,16.0085475558779],[113.126841230224,16.0060674082444],[113.125007580981,16.0034810598002],[113.123247254028,16.001004046843],[113.121407183628,15.9984209859083],[113.119640713995,15.9959471389756],[113.117794244895,15.9933673969113],[113.116021653244,15.9908967456268],[113.114168807902,15.9883203555238],[113.112390117588,15.9858529312409],[113.110530918462,15.9832799227382],[113.108746149249,15.9808157559495],[113.106880619695,15.9782461621434],[113.105089794938,15.9757852824803],[113.103217957414,15.973219135606],[113.101421098674,15.970761573566],[113.099621295256,15.9683056473442],[113.097818551652,15.965851362188],[113.09593430031,15.9632921269352],[113.094125565841,15.960841220399],[113.092235074801,15.9582855262026],[113.090420371926,15.9558380270643],[113.088523664543,15.9532859044427],[113.086703015719,15.9508418440734],[113.084800115351,15.948293325275],[113.082973542138,15.945852733321],[113.081064471242,15.943307849733],[113.079231996996,15.9408707558432],[113.077316779827,15.9383295388553],[113.075478426107,15.9358959744083],[113.073557085123,15.9333584554129],[113.071712875285,15.9309284491986],[113.069865807009,15.9285001956359],[113.068015886581,15.9260737017042],[113.066082499189,15.9235435912802],[113.064226766662,15.9211207157531],[113.062287326421,15.918594396643],[113.060425804252,15.9161751691813],[113.058480334519,15.9136526727874],[113.056613046064,15.9112371230539],[113.054661571093,15.9087184799171],[113.05278853881,15.9063066375771],[113.050831082857,15.9037918791043],[113.048952329204,15.9013837738255],[113.046988915623,15.8988729314262],[113.045104464854,15.8964685937424],[113.043135117003,15.8939616979646],[113.041244990678,15.891561157548],[113.039352096644,15.8891624858269],[113.037456439392,15.8867656906489],[113.035475421527,15.8842666946586],[113.033574135432,15.8818737552286],[113.031587256059,15.8793787983748],[113.029680363578,15.8769897435076],[113.027687647851,15.8744988563476],[113.025775173239,15.8721137165884],[113.023776643616,15.8696269296816],[113.021858610229,15.8672457338497],[113.01985429276,15.8647630777578],[113.017930723055,15.8623858564027],[113.015920641098,15.8599073616898],[113.013991560229,15.857534143635],[113.011975738935,15.8550598417315],[113.01004116936,15.8526906549386],[113.008103922805,15.850323452955],[113.006164003762,15.8479582419044],[113.004663767831,15.8462280268259],[113.003162025424,15.8444990085041],[113.001658781034,15.8427711904282],[113.000154037356,15.8410445752235],[112.998647795289,15.8393191672436],[112.997140059323,15.8375949682499],[112.994372002284,15.8344370866704],[112.992860045135,15.8327163306],[112.99134660307,15.8309967957409],[112.989831678785,15.8292784847188],[112.988315275873,15.8275614010238],[112.98679739613,15.8258455472817],[112.985278042253,15.8241309261184],[112.982488740956,15.8209906678011],[112.980965225184,15.8192795577069],[112.979440246056,15.817569692419],[112.977913805369,15.8158610745637],[112.976385905818,15.8141537076315],[112.974856550996,15.8124475942489],[112.973325743598,15.810742738771],[112.970515496284,15.8076204427983],[112.968980586281,15.8059191639548],[112.967444232685,15.8042191543814],[112.965906438191,15.8025204149761],[112.964367207291,15.8008229500943],[112.962826540883,15.7991267632276],[112.961284443459,15.7974318570028],[112.95845355286,15.7943278633839],[112.956907412119,15.7926366002353],[112.955359848446,15.7909466299604],[112.953810867232,15.7892579543221],[112.952260468476,15.7875705759478],[112.950708656671,15.7858844991936],[112.94915543451,15.7841997258228],[112.946304204256,15.7811143703058],[112.944746998068,15.7794333073292],[112.943188392304,15.7777535599696],[112.941628388761,15.7760751308549],[112.940066990135,15.7743980217484],[112.93850419912,15.7727222378715],[112.936940018411,15.7710477809877],[112.93406875393,15.7679813993794],[112.932500650278,15.7663107184904],[112.930931168611,15.7646413768302],[112.929360310725,15.7629733752982],[112.927788078416,15.7613067191161],[112.926214476177,15.7596414100479],[112.924639504905,15.7579774507221],[112.921748514318,15.7549303754282],[112.920169682986,15.7532702585733],[112.9185894934,15.7516115028338],[112.915688962705,15.7485739964712],[112.914104941805,15.7469191147072],[112.912519573432,15.7452656045682],[112.909609577189,15.7422377458942],[112.908020408044,15.7405881421024],[112.906429903104,15.7389399221749],[112.904838065065,15.7372930896057],[112.903244895722,15.7356476461591],[112.90165039777,15.7340035953292],[112.900054575703,15.73236094061],[112.8971254687,15.7293530410353],[112.895525906946,15.7277143557018],[112.893925030956,15.7260770778556],[112.892322843426,15.7244412092616],[112.89071934705,15.7228067534142],[112.889114544525,15.7211737129431],[112.887508438543,15.7195420913428],[112.88456053609,15.7165544773785],[112.882950753304,15.7149268899414],[112.881339677843,15.7133007310239],[112.8797273124,15.7116760049856],[112.878113660571,15.7100527144565],[112.876498725049,15.708430861202],[112.874882508529,15.7068104495818],[112.871916125933,15.7038434460586],[112.870296294593,15.7022271325238],[112.868675192136,15.7006122702738],[112.867052823055,15.6989988628036],[112.865429189146,15.6973869136086],[112.863804294002,15.6957764244544],[112.86217813942,15.6941673988365],[112.859193595585,15.6912213280377],[112.857563889065,15.6896164635718],[112.855932934784,15.6880130740237],[112.854300735439,15.6864111611593],[112.852667293723,15.6848107276094],[112.851032613231,15.6832117777348],[112.849396694861,15.6816143124365],[112.846394310484,15.6786894949608],[112.844754903955,15.6770962547546],[112.843114272124,15.6755045105078],[112.841472417686,15.6739142665813],[112.839829343336,15.6723255238765],[112.838185051768,15.6707382858896],[112.836539546577,15.6691525561167],[112.833519642357,15.6662493091465],[112.831870712788,15.6646678658195],[112.830220579476,15.6630879412261],[112.828569246015,15.6615095379978],[112.826916715998,15.6599326579013],[112.825262990324,15.6583573052979],[112.823608073483,15.6567834819544],[112.82057097461,15.6539021218479],[112.818912698071,15.6523326480417],[112.817253240246,15.6507647140162],[112.814207845432,15.6478941787507],[112.812545059349,15.6463306240723],[112.81088110366,15.6447686205611],[112.807827490159,15.6419089837905],[112.806160237653,15.640351389438],[112.804491826321,15.6387953567748],[112.802822260653,15.6372408884329],[112.801151541548,15.6356879870445],[112.799479673498,15.6341366552419],[112.797806659198,15.6325868956573],[112.794736497831,15.6297497637879],[112.793060250494,15.6282044747379],[112.791382868585,15.6266607684291],[112.7897043539,15.6251186483592],[112.788024710033,15.6235781171604],[112.786343939678,15.6220391766004],[112.78466204643,15.6205018301766],[112.78157566598,15.6176875110264],[112.779890604374,15.6161546956548],[112.778204431551,15.6146234849439],[112.776517148411,15.6130938806613],[112.774828759445,15.6115658871699],[112.773139267347,15.6100395053723],[112.771448674813,15.6085147387666],[112.768346405862,15.6057235384561],[112.766652711445,15.6042033634263],[112.764957928271,15.6026848141137],[112.763262058135,15.6011678931512],[112.761565105529,15.5996526023067],[112.759867072249,15.5981389459437],[112.75816796189,15.59662692583],[112.755050138609,15.5938591479153],[112.753347992842,15.5923517781768],[112.751644780776,15.5908460560792],[112.749940506002,15.5893419825254],[112.748235171216,15.5878395610138],[112.746528779113,15.5863387941778],[112.744821334184,15.5848396846505],[112.741688289849,15.5820956301203],[112.73997787509,15.5806012306382],[112.738266417388,15.5791084981269],[112.736553919436,15.5776174360854],[112.734840386624,15.5761280471469],[112.733125818954,15.5746403330798],[112.731410221814,15.5731542973829],[112.728262293293,15.5704342646569],[112.726543792799,15.5689529978148],[112.724824272716,15.5674734181405],[112.723103737537,15.5659955299982],[112.721382189059,15.5645193351564],[112.719659629976,15.5630448362487],[112.717936064779,15.561572035909],[112.714773589839,15.5588763217009],[112.713047187763,15.5574083481651],[112.711319790354,15.5559420828607],[112.708150320232,15.5532583770416],[112.706420119181,15.5517969666429],[112.704688934475,15.5503372758705],[112.701512550919,15.5476656469572],[112.69977859491,15.5462108383279],[112.698043667822,15.5447577589892],[112.696307770553,15.5433064107096],[112.694570907596,15.5418567952578],[112.692833081644,15.5404089169987],[112.691094295394,15.5389627768357],[112.687904038257,15.5363160442658],[112.686162548975,15.5348748450684],[112.684420111073,15.5334353936318],[112.682676728144,15.5319976934557],[112.680932402881,15.5305617471743],[112.679187137981,15.529127557422],[112.677440937036,15.5276951259674],[112.674237148576,15.5250735787273],[112.672488311974,15.5236461444679],[112.670738551006,15.5222204781717],[112.668987869264,15.5207965842042],[112.667236268546,15.519374462603],[112.665483752445,15.5179541177336],[112.663730324554,15.5165355513649],[112.660513347927,15.5139394732643],[112.65875735265,15.5125259603234],[112.657000456364,15.5111142346836],[112.65524266266,15.5097043007105],[112.653483975133,15.5082961593074],[112.651724395579,15.5068898139745],[112.649963928489,15.5054852673462],[112.646734109547,15.5029149422089],[112.644971142445,15.501515504378],[112.643207299487,15.500117873187],[112.641442583365,15.4987220530016],[112.639676996777,15.4973280447251],[112.637910543314,15.4959358527235],[112.63614322657,15.4945454779],[112.632900910266,15.4920011861001],[112.631131161782,15.4906159745804],[112.629360561696,15.4892325907714],[112.627589111803,15.4878510364418],[112.625816816596,15.4864713133608],[112.624043677871,15.4850934258946],[112.622269700119,15.4837173740806],[112.619015235897,15.4811993934056],[112.617238895576,15.4798285602692],[112.615461727907,15.4784595733178],[112.613683734686,15.4770924351861],[112.611904920405,15.475727148509],[112.610125287758,15.4743637150556],[112.608344838543,15.4730021374605],[112.605078575848,15.4705107413776],[112.603295834133,15.4691544361039],[112.601512289323,15.46779999549],[112.598240380717,15.4653217080549],[112.596454575746,15.4639725652773],[112.594667979359,15.4626252976926],[112.591390508385,15.4601601831174],[112.589601686871,15.4588182388839],[112.58781208562,15.457478178645],[112.586021708225,15.4561400050355],[112.58423055738,15.4548037189586],[112.582438636678,15.4534693239152],[112.580645948816,15.4521368216743],[112.577357372868,15.4496988264317],[112.575562529048,15.4483717011874],[112.573766930644,15.4470464775471],[112.571970580351,15.4457231590118],[112.570173480862,15.4444017473503],[112.568375635771,15.4430822451976],[112.566577048672,15.4417646543228],[112.563277721687,15.4393540441006],[112.561477047801,15.4380418821364],[112.559675644484,15.4367316402518],[112.557873513531,15.4354233219474],[112.556070658536,15.4341169281265],[112.554267083093,15.4328124622897],[112.552462789895,15.4315099262062],[112.54915306491,15.4291269632287],[112.547346754995,15.4278299079699],[112.545539739003,15.4265347903998],[112.543732021428,15.4252416148854],[112.541923604065,15.4239503814638],[112.540114491406,15.4226610945016],[112.538304684349,15.4213737557679],[112.534984917097,15.4190186996601],[112.533173165188,15.4177368919326],[112.531360731457,15.416457040369],[112.529547620397,15.4151791484702],[112.5277338356,15.4139032171391],[112.525919378863,15.4126292490107],[112.52410425378,15.4113572475857],[112.520774799995,15.4090303562369],[112.518957799229,15.4077639359985],[112.517140142693,15.4064994895329],[112.515321833082,15.4052370203408],[112.513502873989,15.4039765301912],[112.511683269008,15.4027180199868],[112.509863019934,15.4014614940944],[112.506524237144,15.3991630210581],[112.504702183355,15.3979121265315],[112.502879498949,15.3966632233859],[112.501056185722,15.3954163151222],[112.499232248165,15.3941714026429],[112.497407688975,15.3929284885829],[112.495582511744,15.3916875755769],[112.492234758378,15.389417771801],[112.4904078465,15.3881825394723],[112.488580329157,15.3869493152661],[112.48522831598,15.3846936313706],[112.483399099025,15.383466112488],[112.481569287385,15.3822406113947],[112.478213101533,15.3799991063887],[112.476381625315,15.3787793335327],[112.474549567887,15.3775615863999],[112.472716931046,15.376345866759],[112.470883720181,15.3751321781108],[112.469049937089,15.3739205213574],[112.467215585364,15.3727108991336],[112.463851140401,15.3704985495762],[112.462015194166,15.3692947040305],[112.460178691874,15.368092900948],[112.458341637118,15.3668931420971],[112.456504031695,15.3656954309785],[112.454665879198,15.3644997684942],[112.452827184118,15.3633061581451],[112.449454840269,15.3611232062885],[112.447614622545,15.3599354184569],[112.445773873018,15.3587496906936],[112.443932595282,15.3575660239006],[112.44209079293,15.3563844207121],[112.440248469555,15.3552048837627],[112.438405626953,15.3540274148205],[112.435025748036,15.3518740977042],[112.433181454656,15.3507024988482],[112.431336655524,15.3495329750656],[112.429491353335,15.348365529857],[112.427645551683,15.3472001641242],[112.425799254161,15.3460368805013],[112.423952462566,15.3448756816227],[112.420565409703,15.3427522354029],[112.418717239193,15.341596952443],[112.416868588085,15.3404437612929],[112.415019459972,15.3392926637205],[112.41316985665,15.3381436632262],[112.411319783508,15.3369967598451],[112.409469241447,15.3358519570776],[112.406075378456,15.3337586135599],[112.404223528447,15.3326197725397],[112.402371223891,15.3314830400644],[112.400518467482,15.3303484170352],[112.398665261915,15.329215906086],[112.396811610784,15.3280855089845],[112.394957517682,15.3269572274982],[112.391557207482,15.3248942150018],[112.389701878298,15.323771941087],[112.387846118822,15.3226517898515],[112.385989932645,15.3215337647954],[112.384133323362,15.320417867686],[112.382276293667,15.3193040994243],[112.380418846256,15.3181924635105],[112.37701245536,15.3161600077327],[112.37515384463,15.3150544217446],[112.373294829659,15.3139509751674],[112.369885596493,15.3119335531546],[112.368025452339,15.3108361785366],[112.366164917418,15.3097409512588],[112.362752928221,15.3077386159197],[112.360891299152,15.3066494809004],[112.359029290994,15.3055625002837],[112.357166906442,15.3044776767029],[112.355304149089,15.3033950101921],[112.35344102163,15.3023145033845],[112.351577527659,15.3012361597799],[112.348160180011,15.2992648159348],[112.346295665554,15.2981926077987],[112.344430796262,15.2971225681941],[112.342565576626,15.2960547006204],[112.340700009343,15.2949890051114],[112.338834098005,15.2939254851667],[112.336967845308,15.2928641416862],[112.333545507519,15.2909240062893],[112.331678307098,15.2898688406153],[112.329810776996,15.2888158601988],[112.327942922602,15.2877650642069],[112.326074745713,15.2867164570052],[112.324206250821,15.2856700394937],[112.322337439721,15.2846258134387],[112.318910478303,15.2827170964823],[112.317040791346,15.2816790905654],[112.315170801657,15.2806432822976],[112.313300512829,15.2796096743116],[112.311429926658,15.2785782692398],[112.309559047637,15.2775490679819],[112.307687879358,15.2765220731703],[112.304256661722,15.2746449846146],[112.302384689451,15.2736242496668],[112.300512440499,15.2726057282235],[112.29863991756,15.2715894211838],[112.296767123331,15.27057533118],[112.294894061403,15.2695634591112],[112.293020736269,15.2685538067432],[112.289585630725,15.2667085513157],[112.287711574362,15.2657052002636],[112.285837266472,15.2647040759691],[112.283962709747,15.2637051801976],[112.282087908681,15.2627085155812],[112.280212865969,15.2617140838852],[112.278337584304,15.2607218851418],[112.274898959161,15.2589086640681],[112.273023019929,15.2579228063524],[112.271146854322,15.2569391886449],[112.269270465933,15.2559578144439],[112.267393858355,15.2549786837813],[112.265517034283,15.2540018001554],[112.263639998209,15.2530271644646],[112.261762751929,15.2520547776071],[112.260198222674,15.2512461754667],[112.258320600898,15.2502779179079],[112.256442779696,15.2493119153385],[112.254564760865,15.2483481686565],[112.252999596501,15.2475467718101],[112.25112122553,15.2465871659145],[112.249242666811,15.2456298211952],[112.247363923039,15.2446747402836],[112.245798165787,15.2438805681819],[112.243919092334,15.2429296395431],[112.242039844607,15.2419809791336],[112.240160425302,15.2410345869845],[112.238280837114,15.2400904665935],[112.236401084535,15.2391486188584],[112.23452116936,15.2382090455433],[112.232641095183,15.2372717475457],[112.231074248275,15.2364924068581],[112.229193892925,15.2355592858452],[112.227313387557,15.2346284471707],[112.225432735764,15.2336998899984],[112.223551942037,15.2327736169591],[112.221671008172,15.2318496298168],[112.219789938662,15.2309279294685],[112.217908736202,15.230008518545],[112.21634096852,15.2292440931801],[112.214459531599,15.2283288830809],[112.212577970711,15.2274159668258],[112.210696289448,15.2265053461787],[112.208814491404,15.2255970220363],[112.206932579274,15.2246909961621],[112.205050556652,15.2237872711866],[112.203168428028,15.2228858471395],[112.201599907558,15.2221364201194],[112.199717590288,15.2212392207307],[112.197835175102,15.2203443275556],[112.195952666491,15.2194517423574],[112.194070065353,15.2185614660326],[112.192187377079,15.217673501211],[112.190304604363,15.216787848789],[112.188421749901,15.2159045113965],[112.186852645526,15.2151701648556],[112.184969650927,15.214291074216],[112.183086584462,15.2134143012893],[112.181203448827,15.2125398495722],[112.179320247614,15.2116677190937],[112.177436985317,15.2107979116166],[112.17555366373,15.2099304297705],[112.173670286448,15.2090652735842],[112.172100765255,15.2083460887691],[112.170217295447,15.207485202291],[112.168333778926,15.2066266467557],[112.166450219286,15.2057704230585],[112.16456662012,15.2049165338289],[112.162682985022,15.2040649799622],[112.160799316686,15.2032157623539],[112.158915618705,15.202368883633],[112.157345850475,15.2016649383011],[112.155462106681,15.2008223505037],[112.153578342225,15.1999821060086],[112.151694560701,15.1991442048438],[112.149810765703,15.1983086496381],[112.147926959924,15.1974754412867],[112.146043147858,15.1966445815512],[112.144159330401,15.1958160721935],[112.14258948312,15.1951274440793],[112.14070566746,15.1943032468541],[112.138821858088,15.1934814044201],[112.136938056801,15.1926619176718],[112.13536823108,15.1919808119478],[112.133484454946,15.1911656479298],[112.131600696778,15.1903528440104],[112.129716959272,15.189542400217],[112.128147196432,15.1888688362932],[112.126263507434,15.1880627258262],[112.12437984898,15.1872589816313],[112.122496223763,15.1864576037356],[112.120612636275,15.1856585939002],[112.118729089211,15.1848619538861],[112.116845586165,15.1840676854542],[112.114962129832,15.1832757894984],[112.113392622113,15.1826176886256],[112.111509261001,15.1818301463248],[112.109625956483,15.1810449800439],[112.107742712151,15.1802621915435],[112.105859529804,15.1794817817172],[112.10397641483,15.1787037540595],[112.102093369026,15.1779281077298],[112.100210396884,15.1771548444885],[112.098641310476,15.1765122808627],[112.096758480268,15.1757433907312],[112.094875731807,15.1749768889644],[112.092993069584,15.1742127755886],[112.091110496294,15.1734510523638],[112.089228014632,15.1726917201831],[112.087345628192,15.1719347816734],[112.085463340567,15.1711802368605],[112.083894846148,15.1705532794504],[112.082012748067,15.1698031271947],[112.080130757784,15.169055373044],[112.07824887979,15.1683100187576],[112.076367115882,15.1675670643613],[112.074485470552,15.1668265124816],[112.072603945596,15.1660883631437],[112.070722545506,15.1653526189743],[112.069154809266,15.1647413367227],[112.067273646331,15.1640100036836],[112.065392616347,15.1632810802194],[112.063511724703,15.1625545654881],[112.061630972298,15.1618304612487],[112.059750364523,15.1611087701274],[112.057869903172,15.1603894921489],[112.05598959184,15.1596726290721],[112.054422783559,15.1590770882945],[112.052542756095,15.1583646557808],[112.050662888531,15.1576546408397],[112.04878318446,15.1569470460969],[112.046903645679,15.1562418715769],[112.045024277578,15.1555391199051],[112.043145081056,15.154838791973],[112.041266060603,15.1541408878047],[112.039700347368,15.1535611547895],[112.037821658394,15.1528676988752],[112.035943155371,15.1521766719953],[112.034064840095,15.1514880741737],[112.032186717059,15.1508019063014],[112.030308788958,15.1501181710035],[112.028431060282,15.1494368691706],[112.026553531931,15.1487580008264],[112.024989082626,15.1481941383662],[112.023111933364,15.1475197359591],[112.021234995206,15.1468477714427],[112.019358270847,15.1461782465746],[112.017794500669,15.1456221725805],[112.015918177857,15.1449571216174],[112.014042079623,15.1442945129695],[112.012166207766,15.143634347527],[112.010603156239,15.143086077024],[112.008727709285,15.1424303943196],[112.006852497689,15.141777158354],[112.004977526841,15.1411263708842],[112.00310279764,15.1404780319329],[112.001228314578,15.139832144124],[111.999354081247,15.139188706613],[111.997480100343,15.1385477220237],[111.995918644225,15.1380154423483],[111.994045134936,15.1373789572971],[111.992171887956,15.1367449278322],[111.99029890508,15.13611335571],[111.988426191699,15.1354842409526],[111.986553749609,15.1348575861835],[111.984681581505,15.1342333914245],[111.982809692777,15.1336116575648],[111.981250000052,15.1330954270886],[111.979378629652,15.1324782086916],[111.977507546713,15.1318634555909],[111.975636754828,15.1312511678083],[111.973766256692,15.1306413462322],[111.971896055899,15.1300339926185],[111.970026156041,15.1294291078556],[111.968156559814,15.1288266936991],[111.966598797568,15.1283265690295],[111.964729767279,15.1277286853846],[111.962861049604,15.1271332750074],[111.960992648136,15.1265403379187],[111.959124567367,15.125949876741],[111.957256808195,15.125361891495],[111.955389376009,15.1247763839359],[111.953522273505,15.1241933540841],[111.951966608825,15.1237093900638],[111.950100118074,15.1231309057641],[111.948233966886,15.1225549035657],[111.946368157058,15.121981383489],[111.944502692183,15.1214103464213],[111.942637576752,15.1208417941172],[111.940772812563,15.1202757265969],[111.938908403208,15.1197121456146],[111.937355003181,15.1192443953211],[111.93549125319,15.1186853749225],[111.933627867914,15.1181288437198],[111.93176485005,15.1175748025998],[111.929902202292,15.1170232524494],[111.928039929131,15.1164741950225],[111.926178033262,15.1159276303386],[111.924316518279,15.1153835601513],[111.922765548195,15.1149320731622],[111.920904739288,15.1143925777144],[111.919044319351,15.113855578552],[111.917184292877,15.1133210774287],[111.915324663458,15.1127890752306],[111.913465432891,15.1122595728438],[111.911606604769,15.1117325702871],[111.909748182685,15.1112080693137],[111.908199810529,15.1107728969092],[111.906342141234,15.1102529848219],[111.904484887859,15.109735576972],[111.9026280522,15.1092206742452],[111.901081011347,15.1087935034691],[111.899224951833,15.108283194961],[111.897369319917,15.1077753950967],[111.895514118294,15.1072701038944],[111.893968449168,15.1068509445092],[111.892114047046,15.1063502545905],[111.890260084199,15.1058520751188],[111.888406565121,15.1053564087137],[111.886553492505,15.1048632545257],[111.884700869945,15.1043726143067],[111.882848700136,15.1038844889416],[111.880996986671,15.1033988784479],[111.87945424246,15.1029961256849],[111.87760337431,15.102515129736],[111.875752971487,15.1020366521764],[111.873903037585,15.101560693023],[111.872053575298,15.1010872531602],[111.87020458822,15.1006163343393],[111.868356079046,15.1001479365774],[111.866508052267,15.0996820616255],[111.864968400057,15.0992957597299],[111.863121264407,15.0988345099732],[111.861274619237,15.0983757856755],[111.859428469039,15.0979195859858],[111.85758281471,15.0974659135224],[111.855737661642,15.0970147674343],[111.853893012529,15.0965661486048],[111.852048870065,15.0961200587847],[111.850512474248,15.0957502502336],[111.848669269626,15.0953087979839],[111.846826581535,15.0948698765231],[111.844984411771,15.0944334876017],[111.843142765726,15.0939996303679],[111.841301644297,15.0935683065719],[111.839461051975,15.0931395170966],[111.837620992354,15.09271326109],[111.83608801822,15.0923599857251],[111.834248942255,15.0919383796546],[111.832410407974,15.0915193096979],[111.830572417173,15.091102778472],[111.828734975243,15.0906887842571],[111.82689808398,15.0902773305375],[111.82506174608,15.0898684155933],[111.823225966932,15.0894620411738],[111.821696577974,15.0891253379349],[111.819861828295,15.0887236232057],[111.818027644555,15.0883244516445],[111.816194031244,15.0879278223981],[111.814360990161,15.087533738083],[111.812528525796,15.087142197846],[111.810696639946,15.0867532034357],[111.808865337103,15.0863667557337],[111.807339698612,15.0860466609243],[111.805509471052,15.0856648817896],[111.80367983638,15.085285651137],[111.801850795495,15.0849089689802],[111.800022352887,15.0845348362],[111.798194511253,15.0841632536773],[111.796367274184,15.0837942222929],[111.794540644377,15.08342774206],[111.793018919846,15.0831242910815],[111.791193412034,15.0827624900179],[111.789368521365,15.0824032418779],[111.787544249636,15.0820465475417],[111.786024499601,15.0817512539726],[111.784201372325,15.081399244101],[111.782378874768,15.0810497889369],[111.780557008727,15.0807028910949],[111.779039272715,15.0804157620309],[111.777218573586,15.0800735513444],[111.775398514955,15.0797338997501],[111.773579101314,15.0793968055255],[111.771760335359,15.0790622712849],[111.769942218886,15.0787302970405],[111.768124757285,15.0784008828043],[111.766307951453,15.0780740294554],[111.764794450998,15.0778036088344],[111.762978858791,15.0774814523558],[111.761163932235,15.0771618585327],[111.759349674026,15.0768448282441],[111.757536088655,15.0765303615014],[111.755723178817,15.0762184591834],[111.753910947208,15.0759091213013],[111.752099397419,15.0756023496012],[111.750590296014,15.0753486657798],[111.748780004765,15.07504659892],[111.746970403422,15.0747470982735],[111.745161496478,15.0744501655858],[111.743353286625,15.0741558008678],[111.741545777459,15.0738640049975],[111.739738970775,15.0735747779855],[111.737932871066,15.0732881207097],[111.736428330407,15.0730512028758],[111.734623534153,15.0727692575328],[111.732819453856,15.07248988369],[111.731016091313,15.0722130804901],[111.729213451015,15.0719388505455],[111.727411535658,15.0716671929987],[111.725610348835,15.0713981078594],[111.72380989324,15.071131596005],[111.722310074127,15.070911469841],[111.720510966903,15.070649677869],[111.718712599892,15.0703904609439],[111.716914975787,15.070133819075],[111.71511809908,15.0698797531391],[111.713321971568,15.0696282631455],[111.711526596845,15.0693793499706],[111.709731977604,15.0691330136236],[111.708237040835,15.0689297021727],[111.70644381578,15.0686880919127],[111.704651356089,15.0684490602405],[111.70285966356,15.0682126071648],[111.701068741785,15.0679787335616],[111.699278594359,15.0677474385721],[111.697489224873,15.0675187248069],[111.695700635125,15.0672925905395],[111.694210742395,15.0671061168085],[111.692423591748,15.0668847148223],[111.69063723072,15.0666658949592],[111.688851661108,15.0664496563599],[111.687066888301,15.0662359998996],[111.685282913199,15.0660249264534],[111.683499740292,15.0658164360292],[111.681717372275,15.0656105295019],[111.680232682588,15.0654409138581],[111.67845179769,15.0652397440609],[111.676671727564,15.0650411590491],[111.674892473108,15.06484515883],[111.673410387637,15.0646838006328],[111.671632639656,15.064492539797],[111.669855717227,15.0643038655086],[111.668079623044,15.0641177769072],[111.666600179518,15.0639646788454],[111.66482561337,15.0637833331454],[111.663051884451,15.0636045740188],[111.661278996356,15.0634284023395],[111.659506951779,15.063254818114],[111.657735753415,15.063083822216],[111.655965405755,15.0629154146517],[111.654195910596,15.0627495954275],[111.652721985421,15.0626133908647],[111.650954062314,15.0624523189699],[111.64918700159,15.0622938354321],[111.647420805045,15.0621379428592],[111.645655477172,15.061984639522],[111.643891019765,15.0618339271611],[111.64212743642,15.0616858049145],[111.640364730728,15.061540273655],[111.638896482007,15.0614209767754],[111.637135392385,15.0612801955283],[111.635375188501,15.061142007018],[111.63361587395,15.0610064095148],[111.631857451426,15.060873403891],[111.630099923623,15.060742991019],[111.628343295035,15.0606151709034],[111.626587566558,15.0604899426816],[111.625125150598,15.0603875667643],[111.623371084005,15.0602670929619],[111.621617926506,15.0601492128008],[111.619865681696,15.0600339262854],[111.618114354066,15.0599212334199],[111.616363944514,15.0598111342084],[111.61461445843,15.0597036295224],[111.612865896713,15.0595987184983],[111.611409471617,15.0595132750498],[111.609662614902,15.0594131219741],[111.607916691537,15.0593155634384],[111.606171706013,15.0592205994464],[111.604427660126,15.0591282308689],[111.602684557471,15.0590384585768],[111.600942400742,15.0589512808384],[111.599201193531,15.0588666993919],[111.597750914709,15.0587981972785],[111.596011455621,15.0587183746963],[111.594272955034,15.0586411484145],[111.592535413849,15.0585665184359],[111.590798838352,15.0584944847632],[111.589063228545,15.0584250482666],[111.587328588918,15.0583582072136],[111.585594923064,15.0582939642091],[111.584150945924,15.0582424113917],[111.582419071311,15.0581829290243],[111.580688178557,15.0581260429769],[111.578958270356,15.0580717549864],[111.577229350303,15.0580200641875],[111.575501420192,15.0579709705819],[111.573774483619,15.0579244741715],[111.572048544175,15.0578805758255],[111.570611025023,15.0578459776246],[111.568886920838,15.0578068416778],[111.567163821867,15.0577703037997],[111.565441730806,15.0577363631241],[111.564007427623,15.057710063998],[111.56228719338,15.057680885731],[111.56056797603,15.0576543064047],[111.558849778267,15.0576303242852],[111.557418728782,15.0576123242481],[111.555702408498,15.0575931062789],[111.553987116786,15.0575764855188],[111.552272856339,15.0575624637033],[111.550559629854,15.0575510399654],[111.548847440922,15.057542213438],[111.547136293138,15.057535986724],[111.5454261874,15.057532357221],[111.544001899533,15.0575313171221],[111.542293714393,15.0575324517755],[111.540586582078,15.0575361845076],[111.538880503487,15.0575425153183],[111.537175483112,15.0575514442074],[111.535471523647,15.0575629711744],[111.533768627787,15.0575770970865],[111.532066799125,15.0575938202082],[111.530649424694,15.0576097409173],[111.528949558851,15.0576312281907],[111.527250768292,15.0576553135392],[111.525553055711,15.0576819960944],[111.523856424702,15.0577112767229],[111.522160877061,15.057743156291],[111.520466416382,15.0577776330626],[111.518773045359,15.0578147070365],[111.517362737974,15.0578475876504],[111.515671373787,15.0578894240256],[111.513981107342,15.057933859334],[111.512291942231,15.0579808918389],[111.510603882048,15.0580305215386],[111.508916928589,15.0580827484314],[111.50723108455,15.0581375725152],[111.505546354422,15.0581949937882],[111.504143265,15.0582448290282],[111.50246058303,15.0583070118089],[111.500779022158,15.0583717917726],[111.499098585977,15.0584391680492],[111.497419277182,15.058509141504],[111.495741099365,15.0585817103993],[111.494064053426,15.0586568764675],[111.492388143855,15.0587346388383],[111.490992423314,15.0588014242552],[111.489318604123,15.0588839454947],[111.487645930284,15.0589690630285],[111.485974402696,15.059056775986],[111.484304025849,15.0591470852315],[111.482634802439,15.0592399890267],[111.480966735161,15.0593354882358],[111.47929982671,15.0594335828553],[111.477911624169,15.0595173104921],[111.476246848318,15.0596201613304],[111.474583239378,15.0597256075686],[111.472920800944,15.0598336483355],[111.471259534811,15.0599442827595],[111.469599445471,15.0600575108368],[111.467940534721,15.0601733334304],[111.466282806153,15.0602917488015],[111.464902270733,15.0603924097957],[111.463246716089,15.0605155795926],[111.461592351712,15.0606413421542],[111.4599391794,15.0607696983436],[111.458562450141,15.0608786416049],[111.456911472413,15.0610117495855],[111.455261696631,15.0611474503127],[111.453613124591,15.0612857429142],[111.452240236529,15.0614029657817],[111.450593878836,15.0615460092721],[111.448948733869,15.0616916428873],[111.447304803425,15.0618398683569],[111.445662091096,15.0619906839407],[111.444020599577,15.062144089633],[111.442380331564,15.0623000862957],[111.440741289751,15.0624586721883],[111.439376360762,15.0625928045086],[111.437739575517,15.0627561377411],[111.436104024557,15.0629220593195],[111.434469710578,15.0630905701049],[111.43283663807,15.0632616683564],[111.431204807932,15.0634353558027],[111.429574223758,15.063611629835],[111.42794488914,15.0637904921819],[111.42658806565,15.0639415197754],[111.424961028024,15.0641251250354],[111.423335247141,15.0643113159888],[111.421710725697,15.0645000934964],[111.420087467283,15.0646914566837],[111.418465473698,15.0648854055439],[111.416844749432,15.0650819392024],[111.415225295384,15.065281057652],[111.413876723818,15.0654489636994],[111.412259608085,15.0656528206247],[111.410643770654,15.0658592605855],[111.409029216017,15.0660682844417],[111.407415945972,15.0662798904508],[111.40580396411,15.0664940803399],[111.404193272229,15.066710851499],[111.402583873922,15.0669302047875],[111.401243698011,15.0671149715646],[111.399636677545,15.0673390571462],[111.398030958738,15.0675657239669],[111.396426543386,15.0677949702838],[111.394823435082,15.0680267969558],[111.393221636523,15.0682612039745],[111.391621150402,15.0684981895966],[111.390021980313,15.068737752946],[111.388690343787,15.0689393600891],[111.387093591963,15.0691836504057],[111.385498162459,15.0694305184248],[111.383904059766,15.0696799632698],[111.382311284784,15.0699319849317],[111.380719842003,15.0701865834014],[111.37912973322,15.0704437569347],[111.377540962029,15.0707035055224],[111.376218009516,15.0709219291611],[111.374631696116,15.0711863976451],[111.373046728391,15.071453440289],[111.37146310814,15.0717230562158],[111.369880838056,15.0719952454155],[111.368299921734,15.072270007011],[111.366720360969,15.0725473401248],[111.365142159356,15.0728272447469],[111.363828030995,15.0730624627091],[111.362252327596,15.0733470810137],[111.360677990534,15.0736342681954],[111.359105023404,15.0739240259785],[111.357795265347,15.0741674527093],[111.356224815296,15.0744619197647],[111.354655742362,15.0747589547894],[111.353088050139,15.0750585569051],[111.351782694725,15.075310186203],[111.350217539344,15.0756144940457],[111.348653770962,15.0759213689486],[111.347091393172,15.0762308082981],[111.345530407771,15.0765428120832],[111.34397081925,15.0768573811599],[111.342412628507,15.0771745137821],[111.340855840035,15.0774942090708],[111.339559588148,15.0777625795764],[111.338005375146,15.0780869734908],[111.336452570702,15.078413928304],[111.33490117841,15.0787434440041],[111.333351200964,15.0790755205794],[111.331802640161,15.0794101562829],[111.330255498697,15.07974735197],[111.328709780164,15.0800871058937],[111.327422770145,15.0803721883872],[111.325879667506,15.0807166312229],[111.324337994087,15.0810636313928],[111.32279775348,15.0814131871496],[111.32125894928,15.0817652993482],[111.319721583283,15.0821199662409],[111.318185657285,15.0824771878151],[111.316651175777,15.0828369623231],[111.315373545966,15.083138724947],[111.313841717184,15.0835031803781],[111.312311340978,15.0838701878386],[111.310782418246,15.0842397455806],[111.309254951683,15.0846118553255],[111.307728944882,15.0849865135903],[111.30620439964,15.0853637220964],[111.304681318653,15.0857434782281],[111.303413205594,15.0860618890893],[111.301892817755,15.0864463164104],[111.300373901357,15.0868332904509],[111.298856459992,15.0872228103292],[111.297340495458,15.0876148751641],[111.295826011348,15.0880094849416],[111.294313010356,15.0884066387799],[111.292801494279,15.0888063357975],[111.291543034516,15.0891413586309],[111.290034249318,15.0895457162273],[111.288526956221,15.08995261436],[111.287021158819,15.0903620530145],[111.285516859807,15.0907740321759],[111.284014060982,15.0911885492276],[111.282512765936,15.0916056050219],[111.281012977366,15.0920251978092],[111.279764305646,15.0923767971821],[111.278267283886,15.0928010399277],[111.276771776686,15.0932278187561],[111.275277784944,15.0936571319173],[111.273785312253,15.0940889785286],[111.272294360409,15.0945233585746],[111.270804933007,15.094960270305],[111.269317031842,15.0953997137041],[111.268078282015,15.0957678498127],[111.266593185391,15.09621193254],[111.265109623987,15.0966585442893],[111.263627597804,15.0971076841773],[111.262393752778,15.0974838989119],[111.260914550899,15.0979376719445],[111.259436892325,15.0983939713355],[111.25796078065,15.0988527970684],[111.25673187007,15.0992370789563],[111.255258600665,15.0997005316481],[111.253786883549,15.100166507166],[111.252316724111,15.1006350054933],[111.250848122352,15.1011060248789],[111.249381082763,15.1015795644385],[111.247915606243,15.102055623288],[111.246451697283,15.1025342014103],[111.245232970903,15.1029349403423],[111.243771940145,15.1034181339071],[111.242312483236,15.1039038440945],[111.240854602869,15.1043920691523],[111.239398300843,15.1048828090634],[111.237943579852,15.1053760629429],[111.236490443489,15.1058718299059],[111.23503889355,15.1063701090676],[111.233830482525,15.1067872590679],[111.23238184762,15.1072901412792],[111.230934806326,15.1077955321696],[111.229489362236,15.1083034317211],[111.228045515352,15.1088138399157],[111.226603271061,15.1093267541335],[111.225162629365,15.1098421734889],[111.223723594756,15.110360098831],[111.222525628442,15.1107936156255],[111.221089544798,15.1113161307478],[111.219655074528,15.1118411474681],[111.218222221226,15.1123686657678],[111.216790985789,15.112898684761],[111.215361370914,15.1134312026944],[111.213933379293,15.1139662195491],[111.212507014522,15.1145037344389],[111.211319620482,15.1149535702518],[111.209896242609,15.1154956607761],[111.208474497873,15.1160402458123],[111.20705438897,15.1165873253413],[111.205635917695,15.1171368976093],[111.204219086744,15.1176889617295],[111.202803898812,15.1182435168152],[111.201390355695,15.1188005619797],[111.200213662386,15.1192666672684],[111.198803142998,15.1198282747797],[111.197394275612,15.120392368845],[111.195987063821,15.1209589494441],[111.194581508524,15.1215280148229],[111.193177613313,15.1220995640938],[111.191775380883,15.1226735972369],[111.190374812134,15.1232501116303],[111.189208945321,15.1237324359533],[111.187811435335,15.1243134976627],[111.186415597114,15.1248970388303],[111.185021432454,15.1254830585682],[111.183628944949,15.1260715551215],[111.182238136395,15.1266625276022],[111.180849008589,15.1272559751225],[111.179461565125,15.127851895927],[111.178306649673,15.1283503853426],[111.176922299108,15.1289508392908],[111.17553964007,15.1295537638623],[111.17415867256,15.1301591581686],[111.173009162272,15.1306655395056],[111.171631305627,15.1312754590024],[111.170255149494,15.1318878447048],[111.16888069477,15.1325026965917],[111.167736618391,15.1330169557144],[111.1663652916,15.1336363239691],[111.164995673406,15.1342581557454],[111.1636277674,15.13488244842],[111.162261574482,15.1355092019711],[111.160897098244,15.1361384137752],[111.159534341382,15.1367700838105],[111.158173304793,15.1374042111876],[111.157040424117,15.1379345257172],[111.1556825487,15.1385731544059],[111.154326401641,15.1392142360377],[111.152971984738,15.1398577705904],[111.151619299786,15.1405037571742],[111.15026835038,15.1411521931655],[111.148919138315,15.1418030785414],[111.147571665389,15.142456411545],[111.146450102587,15.1430027248479],[111.145105824969,15.1436605423641],[111.143763293675,15.1443208048421],[111.142422511401,15.1449835105245],[111.141083479943,15.1456486585213],[111.139746201997,15.1463162479423],[111.138410679359,15.14698627703],[111.137076915623,15.1476587440269],[111.135966790171,15.1482209959717],[111.134636254081,15.1488979315411],[111.133307484079,15.149577301485],[111.131980480165,15.1502591066469],[111.130655245034,15.1509433435349],[111.129331782279,15.1516300129922],[111.128010093696,15.1523191123939],[111.126690180184,15.153010640849],[111.125591611559,15.1535887695414],[111.124274960728,15.1542847480196],[111.122960093054,15.154983152882],[111.121647010332,15.1556839815032],[111.120335714358,15.156387232992],[111.119026208728,15.157092907324],[111.117718494338,15.1578010018738],[111.116412574782,15.1585115157497],[111.115325680662,15.1591054575328],[111.114023056126,15.1598204037417],[111.112722231814,15.160537765739],[111.111423211319,15.1612575417658],[111.110125994642,15.1619797309304],[111.108830586273,15.1627043323407],[111.107536988009,15.1634313442379],[111.106245201648,15.1641607657299],[111.105170097916,15.1647704569193],[111.103881639812,15.1655042921793],[111.102594999,15.1662405326278],[111.101310179073,15.1669791773723],[111.100027181829,15.1677202255206],[111.09874600996,15.1684636753131],[111.097466666163,15.1692095258574],[111.096189151337,15.1699577745268],[111.095125954774,15.1705831470757],[111.093851799646,15.1713357909409],[111.092579480675,15.1720908302574],[111.091308999657,15.1728482632654],[111.090251671788,15.1734812854528],[111.088984566638,15.1742431030709],[111.08771930573,15.1750073117061],[111.086455891758,15.1757739087312],[111.085404458634,15.1764145637662],[111.084144435803,15.1771855365482],[111.082886266195,15.1779588941779],[111.081629951609,15.178734634895],[111.080375493841,15.179512757806],[111.079122895585,15.1802932620176],[111.077872159537,15.1810761449022],[111.076623286595,15.1818614055662],[111.075583985218,15.1825176049501],[111.074338535756,15.1833072219172],[111.073094955687,15.1840992122532],[111.071853247707,15.1848935750642],[111.070613414512,15.1856903094563],[111.069375457897,15.1864894128016],[111.068139380558,15.1872908850731],[111.066905183392,15.1880947236428],[111.065878124256,15.1887663966507],[111.064647381113,15.1895745703287],[111.063418524432,15.1903851076268],[111.062191557806,15.1911980059168],[111.060966482134,15.1920132634374],[111.059743299212,15.192830880161],[111.058522012634,15.1936508534593],[111.057302623298,15.1944731824377],[111.056287916896,15.1951602548522],[111.055072013023,15.1959868977373],[111.053858011781,15.1968158927562],[111.052645916765,15.1976472364132],[111.051435729771,15.1984809295473],[111.050227453493,15.1993169695299],[111.04902108883,15.2001553545989],[111.047816638476,15.2009960829925],[111.046814393504,15.2016984797053],[111.045613458258,15.2025435016643],[111.044414442713,15.2033908634002],[111.04321735046,15.2042405631507],[111.0420221815,15.2050926000206],[111.040828940325,15.2059469713806],[111.039637626935,15.2068036763354],[111.038448244922,15.2076627131225],[111.037458569177,15.2083803572682],[111.036272731917,15.2092436655392],[111.035088830526,15.2101093020935],[111.033906868597,15.2109772643017],[111.03272684703,15.2118475504012],[111.031548768518,15.2127201603629],[111.03037263486,15.2135950915572],[111.02919844785,15.2144723430882],[111.028221448232,15.2152051569119],[111.027050835619,15.216086656972],[111.025882175943,15.2169704729518],[111.0247154719,15.2178566022213],[111.023550723489,15.2187450447512],[111.022387935202,15.2196357970446],[111.021227107039,15.220528859072],[111.020068241695,15.2214242290702],[111.01910402151,15.2221721313273],[111.017948760207,15.2230717277608],[111.016795467113,15.2239736260131],[111.015644144922,15.2248778269214],[111.014686217436,15.2256330837046],[111.013538512761,15.2265414987033],[111.012392785278,15.2274522110723],[111.011249035885,15.228365219048],[111.010297424453,15.2291278109211],[111.009157307848,15.2300450215078],[111.008019174722,15.2309645232819],[111.006883026873,15.2318863144795],[111.005748867894,15.2328103924699],[111.004616698684,15.2337367563561],[111.003486521937,15.234665404374],[111.002358338551,15.235596333893],[111.00141971047,15.2363738516806],[111.00029518772,15.2373089617051],[110.999172664619,15.2382463496769],[110.998052142964,15.2391860138318],[110.996933624553,15.2401279524055],[110.995817112079,15.241072162767],[110.994702606442,15.2420186448855],[110.993590110337,15.2429673961298],[110.992664566218,15.2437597541923],[110.991555758595,15.2447126612309],[110.990448965893,15.2456678329738],[110.989344189909,15.2466252667898],[110.988241433337,15.2475849626476],[110.987140696178,15.2485469170491],[110.986041982026,15.249511129963],[110.984945291778,15.2504775978913],[110.984032931334,15.2512847105698],[110.982939958314,15.2522553104425],[110.981849014589,15.253228160907],[110.980760102853,15.2542032610651],[110.979673224902,15.2551806091516],[110.978588382534,15.256160202535],[110.977505577545,15.2571420403169],[110.976424811732,15.2581261198654],[110.97552573288,15.2589478980158],[110.974448710346,15.2599360847874],[110.973373733277,15.260926508902],[110.972300802569,15.2619191677279],[110.971229920021,15.2629140612329],[110.970161088326,15.2639111867852],[110.969094308383,15.2649105417527],[110.968029582888,15.2659121261032],[110.967143881747,15.2667484805638],[110.966082926481,15.2677541456775],[110.965024031051,15.2687620340164],[110.963967196357,15.269772143815],[110.962912424195,15.2707844741742],[110.961859718158,15.2717990224618],[110.960809077348,15.2728157869119],[110.959760506256,15.2738347648924],[110.958888278048,15.2746856047511],[110.957843504135,15.2757086378971],[110.956800803533,15.2767338810145],[110.95576017804,15.2777613323373],[110.95472163035,15.2787909883666],[110.95368516226,15.2798228482029],[110.952650774668,15.2808569100802],[110.951618469371,15.2818931722323],[110.950759808419,15.2827584030947],[110.949731326352,15.2837986939436],[110.948704932868,15.2848411797745],[110.947680628865,15.2858858579547],[110.946828640598,15.2867580973108],[110.945808172402,15.2878067918234],[110.944789799077,15.2888576742584],[110.943773522419,15.2899107419832],[110.9429282275,15.2907899668965],[110.941915799225,15.2918470377217],[110.94090547211,15.2929062885429],[110.939897248849,15.29396771846],[110.938891130341,15.2950313248401],[110.937887118382,15.2960971067831],[110.936885215668,15.2971650607895],[110.935885423096,15.2982351868255],[110.935053875994,15.2991286148109],[110.934057956957,15.3002027157375],[110.933064153454,15.3012789825328],[110.932072467279,15.3023574125636],[110.931082899331,15.3034380049296],[110.930095452307,15.3045207569974],[110.929110127102,15.3056056670003],[110.928126925515,15.3066927331714],[110.927309215163,15.3076002671913],[110.926329912265,15.3086912809057],[110.925352739272,15.3097844454931],[110.924377695286,15.31087975832],[110.923404784799,15.3119772184858],[110.922434007811,15.3130768224905],[110.921465366118,15.3141785694335],[110.920498862416,15.3152824575475],[110.919695075951,15.3162039988183],[110.918732495191,15.3173118062587],[110.917772056015,15.3184217487079],[110.91681376022,15.319533825265],[110.915857610499,15.3206480324301],[110.914903607752,15.3217643693021],[110.913951753775,15.3228828332474],[110.913002050366,15.3240034233649],[110.912212274924,15.324938869625],[110.911266518711,15.326063349982],[110.910322917557,15.3271899503482],[110.909381473258,15.32831866809],[110.908442186712,15.3294495014397],[110.907505060614,15.3305824486299],[110.906570096762,15.3317175078929],[110.905637296052,15.3328546757286],[110.904861616076,15.3338039264379],[110.903932785021,15.3349449571557],[110.903006123398,15.336088091149],[110.902081630308,15.3372333275164],[110.901159308447,15.3383806636238],[110.900239160508,15.3395300977036],[110.899321185594,15.3406816271215],[110.898405388196,15.3418352509762],[110.89764388633,15.3427982012524],[110.896732081943,15.3439556571638],[110.895822457768,15.345115201348],[110.894915015601,15.3462768311707],[110.894009758136,15.347440544864],[110.893106685374,15.3486063397937],[110.89220580001,15.3497742141919],[110.891307102043,15.3509441662904],[110.890559860932,15.3519207121076],[110.889665180232,15.3530944671676],[110.888772692319,15.3542702946298],[110.88788239899,15.3554481909937],[110.887142164738,15.3564313502866],[110.886255899455,15.3576130355018],[110.885371831452,15.358796783454],[110.884489965219,15.3599825941075],[110.883756758487,15.3609723421848],[110.882878929283,15.3621619258466],[110.882003305443,15.3633535651786],[110.881129888764,15.3645472575463],[110.880258679245,15.3657430011814],[110.879389678683,15.3669407934494],[110.878522889774,15.3681406334484],[110.877658312517,15.3693425176774],[110.876939522848,15.3703456489258],[110.876079005976,15.3715512761971],[110.875220706146,15.3727589423994],[110.874364624257,15.3739686457643],[110.873510762104,15.3751803827912],[110.872659121486,15.3763941525777],[110.871809703299,15.3776099524892],[110.870962508443,15.3788277807572],[110.870258213989,15.3798441841971],[110.869415101077,15.3810657246731],[110.868574216886,15.3822892864739],[110.867735562313,15.383514867831],[110.866899139155,15.3847424669757],[110.86606494921,15.3859720812735],[110.865232992475,15.3872037089557],[110.864403272546,15.3884373473877],[110.86371354697,15.3894669137655],[110.862887928748,15.3907042327033],[110.862064550925,15.391943556225],[110.8612434135,15.3931848825618],[110.860424519169,15.3944282099451],[110.859607868829,15.3956735340079],[110.858793464277,15.3969208547138],[110.857981306412,15.3981701685618],[110.857306225171,15.399212785154],[110.856498190573,15.4004657486706],[110.855692406254,15.4017206991632],[110.854888874911,15.4029776348629],[110.85408759744,15.4042365540012],[110.853288574741,15.405497453077],[110.85249180861,15.4067603303216],[110.851697299945,15.4080251848321],[110.851036935803,15.4090807371786],[110.850246571067,15.4103492079211],[110.849458468288,15.4116196488972],[110.848672628366,15.412892056606],[110.847889053097,15.4141664301446],[110.847107743378,15.4154427660123],[110.846328701906,15.416721063306],[110.84555192868,15.418001318525],[110.844906351706,15.4190696921617],[110.844133741273,15.4203535319071],[110.843363403577,15.4216393242772],[110.842595339518,15.422927065771],[110.841829550891,15.4242167546197],[110.841066039493,15.4255083881883],[110.840304805325,15.426801965574],[110.839545850182,15.4280974824097],[110.838915129547,15.4291785611383],[110.83816035696,15.4304776299283],[110.837407866993,15.4317786328678],[110.836657662339,15.4330815681877],[110.836034236922,15.43416882094],[110.83528822291,15.4354752906347],[110.834544496906,15.4367836856772],[110.83380305981,15.4380940034326],[110.833186945781,15.4391874020442],[110.832449709207,15.4405012391926],[110.831714766032,15.4418169920213],[110.830982117154,15.4431346587613],[110.830251763472,15.4444542376435],[110.829523706782,15.4457757251671],[110.828797948881,15.4470991195632],[110.828074489768,15.4484244181967],[110.82747336413,15.4495302869407],[110.826754123506,15.4508590706627],[110.826037186162,15.4521897524554],[110.825322552998,15.453522329684],[110.824610225808,15.4548567997136],[110.823900204594,15.4561931607751],[110.823192491152,15.4575314102337],[110.822487087279,15.4588715454543],[110.821901015608,15.4599897637995],[110.821199848189,15.4613333498042],[110.820500993932,15.4626788154044],[110.819804453736,15.4640261579651],[110.819110227599,15.4653753748514],[110.818418318218,15.4667264634286],[110.81772872649,15.4680794219276],[110.817041454212,15.4694342468478],[110.816470498492,15.4705646925323],[110.815787479738,15.4719229356641],[110.815106783128,15.4732830381846],[110.814428409561,15.4746449983248],[110.813752360834,15.4760088143156],[110.813078636948,15.4773744835223],[110.812407240596,15.4787420033101],[110.811738172677,15.4801113719099],[110.811182394893,15.4812539218078],[110.810517597565,15.4826266725842],[110.809855131365,15.484001263409],[110.809194998091,15.4853776942444],[110.808537198639,15.4867559607244],[110.807881733909,15.4881360619456],[110.807228604798,15.4895179944076],[110.806577813104,15.4909017554757],[110.806037272543,15.4920562855981],[110.805390768508,15.4934433945403],[110.804746603686,15.4948323250566],[110.80410478167,15.4962230753779],[110.803465301562,15.4976156428696],[110.802828165158,15.4990100248971],[110.802193373358,15.5004062188258],[110.801560927957,15.5018042237524],[110.80103568301,15.5029706075167],[110.800407540539,15.5043719234188],[110.799781748061,15.5057750415557],[110.799158305576,15.5071799601584],[110.798537213982,15.5085866765923],[110.797918474177,15.509995188223],[110.797302087958,15.5114054924159],[110.796688057122,15.5128175865366],[110.796178163485,15.513995697365],[110.795568450851,15.5154110681611],[110.794961096294,15.5168282209878],[110.794356099815,15.5182471549419],[110.793853738552,15.5194309578751],[110.793253069257,15.5208531500626],[110.792654761634,15.5222771146148],[110.792058815681,15.5237028506287],[110.791564000266,15.5248923157758],[110.790972389583,15.5263212915814],[110.790383143266,15.5277520318173],[110.789796264009,15.5291845329839],[110.789211752711,15.5306187924466],[110.788629609373,15.5320548084369],[110.78804983579,15.5334925783205],[110.787472432862,15.5349320985976],[110.786993075656,15.536133035114],[110.786420021472,15.537575759155],[110.785849341535,15.5390202274242],[110.785281034947,15.540466436422],[110.784715104403,15.5419143843797],[110.784151550801,15.5433640686632],[110.783590373243,15.544815485773],[110.783031575322,15.5462686339405],[110.78256772753,15.5474809118051],[110.782013292727,15.5489372268453],[110.781461238459,15.5503952650473],[110.780911566523,15.5518550246427],[110.780364277818,15.5533165029974],[110.779819372343,15.5547796974775],[110.779276852793,15.5562446045837],[110.778736719169,15.5577112225474],[110.778288431096,15.5589347091507],[110.777752673166,15.5604044562331],[110.777219304754,15.5618759071431],[110.776688325861,15.5633490583817],[110.776159737385,15.5648239073151],[110.775633541122,15.5663004521749],[110.775109736175,15.567778689462],[110.77458832434,15.569258617408],[110.774155643597,15.5704931801497],[110.773638622726,15.5719761994629],[110.773123996765,15.5734609015404],[110.772611768407,15.5749472846139],[110.772101936754,15.5764353443192],[110.771594504501,15.5779250788881],[110.77108947075,15.5794164865524],[110.770586838195,15.5809095629479],[110.770169811494,15.5821550666417],[110.769671580685,15.5836511975213],[110.769175753767,15.5851489892381],[110.768682329843,15.5866484417546],[110.76819130981,15.5881495498417],[110.767702696364,15.5896523125966],[110.767216488607,15.591156727386],[110.766732687436,15.5926627898461],[110.766331359693,15.5939190993167],[110.765851973741,15.5954281785155],[110.76537499797,15.5969388983569],[110.76490043148,15.5984512562078],[110.764428276967,15.5999652503003],[110.76395853443,15.6014808771361],[110.76349120387,15.6029981349474],[110.763026287082,15.6045170202359],[110.762640701416,15.6057839985896],[110.762180211527,15.6073058611446],[110.761722138106,15.6088293441494],[110.761266481153,15.6103544432407],[110.760888613812,15.6116265938862],[110.760437389146,15.6131546518127],[110.759988583644,15.614684319664],[110.759542197304,15.616215593942],[110.759172058169,15.6174928818155],[110.758730110406,15.6190270964983],[110.7582905845,15.620562909716],[110.757853481351,15.622100318836],[110.757418801856,15.6236393229561],[110.756986546915,15.6251799177132],[110.756556715628,15.6267221004751],[110.75612931069,15.6282658694742],[110.755774993583,15.6295535525228],[110.755352038001,15.6311002215972],[110.754931509667,15.6326484681526],[110.754513410377,15.634198290422],[110.754097740132,15.6357496849079],[110.75368449983,15.637302648113],[110.75327369037,15.6388571791352],[110.75286531175,15.6404132744773],[110.752526855297,15.6417112132528],[110.752122935914,15.6432701683447],[110.751721450966,15.6448306798664],[110.751322400452,15.6463927460508],[110.750925784373,15.6479563616708],[110.750531603626,15.6495215258246],[110.75013985911,15.6510882358801],[110.749750551724,15.6526564874756],[110.749427990062,15.6539645399502],[110.749043152692,15.6555356127049],[110.748660753351,15.6571082199753],[110.748280793833,15.6586823591296],[110.74790327414,15.6602580275363],[110.74752819517,15.6618352216987],[110.74715555782,15.6634139389852],[110.74678536299,15.6649941776293],[110.746478732949,15.6663122026568],[110.746113017119,15.6678952212792],[110.745749744706,15.6694797533709],[110.745388916609,15.6710657945706],[110.745030534625,15.6726533431119],[110.744674597855,15.6742423963636],[110.744321108096,15.6758329508295],[110.743970064449,15.6774250038783],[110.743679398369,15.6787528568702],[110.743332843604,15.6803476504515],[110.742988737646,15.6819439338636],[110.742647080496,15.6835417053405],[110.742307873051,15.6851409622511],[110.741971117109,15.6867417010996],[110.741636811771,15.6883439192552],[110.741304958834,15.6899476140871],[110.741030288156,15.6912851513383],[110.740702931287,15.6928915455322],[110.740378027716,15.6944994085161],[110.740055578343,15.6961087367945],[110.739735583168,15.6977195268721],[110.739418043986,15.699331777848],[110.7391029599,15.7009454853619],[110.738790331808,15.7025606476483],[110.738531685279,15.7039077246082],[110.738223561339,15.7055255450918],[110.737917896089,15.707144811598],[110.73761468863,15.7087655206318],[110.737363894274,15.7101172124252],[110.73706519456,15.7117405603786],[110.736768955333,15.7133653438398],[110.73647517659,15.7149915584492],[110.736232240696,15.7163478300464],[110.735942973293,15.7179766634345],[110.735656167274,15.7196069209516],[110.735371824436,15.7212385991032],[110.735089943879,15.7228716961241],[110.734810526503,15.7245062085199],[110.734533573206,15.7261421327962],[110.734259083988,15.7277794663233],[110.734032225243,15.7291449860335],[110.733762254551,15.7307848971862],[110.733494749734,15.7324262088423],[110.733229711691,15.734068919237],[110.732967138625,15.735713025741],[110.732707033231,15.7373585239956],[110.732449395509,15.7390054122361],[110.732194225459,15.7406536878334],[110.731983469016,15.74202830771],[110.731732824678,15.7436791171921],[110.731484648911,15.7453313052849],[110.731238942613,15.7469848693592],[110.730995706682,15.7486398059216],[110.730754941118,15.7502961123432],[110.730516646819,15.751953785995],[110.730280822887,15.7536128225192],[110.730086191203,15.7549963937737],[110.729854899272,15.7566579230426],[110.729626079504,15.7583208090327],[110.729399732799,15.759985046522],[110.729175859155,15.7616506346109],[110.728954459472,15.763317568942],[110.728735533749,15.7649858468868],[110.728519081986,15.7666554658171],[110.728340595723,15.7680478370913],[110.72812868135,15.7697199059037],[110.727919241837,15.7713933078227],[110.727712278979,15.7730680393557],[110.727507791877,15.7747440970101],[110.727305781431,15.7764214781581],[110.72710624764,15.7781001801717],[110.726909190504,15.7797801995586],[110.726746869424,15.7811812195189],[110.726554355069,15.7828636476614],[110.726364319166,15.7845473835708],[110.726176761714,15.7862324263485],[110.725991682714,15.7879187725023],[110.725809083065,15.7896064185405],[110.725628962766,15.7912953618355],[110.725451322715,15.7929855997601],[110.725305182988,15.794395117099],[110.725132090209,15.7960877200667],[110.724961477678,15.7977816089235],[110.724793345397,15.7994767801779],[110.72462769516,15.8011732312029],[110.72446452607,15.8028709585071],[110.724303839025,15.804569960328],[110.724145634026,15.80627023231],[110.72401569272,15.8076880948816],[110.723862038585,15.8093906890662],[110.723710867394,15.8110945455373],[110.723562180045,15.8127996616685],[110.723440169965,15.8142215511368],[110.723296035278,15.8159289684904],[110.723154384432,15.8176376350373],[110.723015217428,15.819347550744],[110.722901143065,15.8207734303974],[110.72276653052,15.8224856254841],[110.722634403613,15.8241990584004],[110.722504761446,15.8259137282488],[110.722377604019,15.827629631539],[110.722252932231,15.8293467639166],[110.722130746979,15.8310651236198],[110.722011046468,15.8327847080231],[110.721913195679,15.8342186270076],[110.721798054117,15.8359404462376],[110.721685398194,15.8376634814317],[110.721575229706,15.8393877291003],[110.721467547755,15.8411131857536],[110.72136235234,15.8428398479022],[110.72125964436,15.8445677137849],[110.721159424714,15.8462967799122],[110.72107780738,15.8477385827092],[110.720982148481,15.8494698408466],[110.720888976118,15.8512022904947],[110.720798292986,15.8529359281642],[110.72071009729,15.8546707512303],[110.720624390825,15.8564067562041],[110.720541171796,15.8581439404607],[110.720460441998,15.8598823013756],[110.720395068001,15.8613318316318],[110.720318901645,15.8630723400203],[110.720245223622,15.8648140163348],[110.720174034831,15.8665568562225],[110.720105335271,15.8683008579232],[110.720039125841,15.8700460179487],[110.719975405643,15.8717923328106],[110.719914174677,15.8735397990209],[110.719865051204,15.8749968986859],[110.719808384578,15.8767464695704],[110.719754208979,15.8784971839367],[110.719702522613,15.8802490374329],[110.719653326376,15.8820020282994],[110.719606621168,15.8837561530485],[110.719562405192,15.8855114090565],[110.719520680243,15.8872677928361],[110.719487811785,15.8887323047552],[110.719450652974,15.8904907469624],[110.719415984292,15.8922503090762],[110.719383806638,15.8940109867456],[110.719354119115,15.8957727773475],[110.71932692262,15.8975356765307],[110.719302217153,15.8992996834005],[110.719280001816,15.901064792742],[110.719263391966,15.9025365589288],[110.719245743664,15.9043036830524],[110.71923058639,15.9060719017848],[110.719217920145,15.9078412125033],[110.719207744927,15.9096116108576],[110.719200060739,15.9113830950893],[110.719194867578,15.9131556608481],[110.719192164547,15.9149293055119],[110.719191816001,15.9164081654214],[110.719193680903,15.9181837795036],[110.719198035936,15.9199604646295],[110.719204882895,15.9217382164495],[110.719212490727,15.9232204885339],[110.719223904721,15.9250001879625],[110.719237808845,15.926780945361],[110.719254203997,15.9285627572441],[110.719269770005,15.9300484048515],[110.719290732192,15.9318321425356],[110.719314184509,15.9336169259812],[110.719340128753,15.9354027534305],[110.719368563126,15.937189619671],[110.71939948763,15.9389775220817],[110.71943290406,15.9407664580415],[110.71946881062,15.9425564240656],[110.719500635236,15.9440488470329],[110.719541107034,15.9458406943775],[110.719584069861,15.9476335622014],[110.719629522818,15.949427447884],[110.719677466803,15.9512223479411],[110.71972790002,15.953018260616],[110.719780824265,15.9548151815608],[110.719836237741,15.9566131081552],[110.719884317372,15.9581121460416],[110.719944296087,15.9599119068947],[110.720006764033,15.9617126646782],[110.72007172211,15.9635144150447],[110.720139169418,15.9653171562382],[110.720209105958,15.9671208839114],[110.720281531729,15.9689255945811],[110.720356446732,15.9707312864913],[110.720420776887,15.972236776301],[110.720500255331,15.974044257146],[110.720582222109,15.9758527096506],[110.720666677221,15.977662130332],[110.720753621564,15.9794725157074],[110.720843053342,15.9812838640212],[110.720934973453,15.9830961700638],[110.721029381898,15.9849094312162],[110.721109956288,15.9864212108545],[110.721208925479,15.9882362156283],[110.721310381207,15.9900521667969],[110.721414325269,15.9918690617416],[110.721520756765,15.9936868961169],[110.721629674799,15.9955056673045],[110.721741079369,15.997325372686],[110.721854970475,15.9991460079162],[110.721951780117,16.0006639118719],[110.722070229275,16.0024862445572],[110.72219116497,16.0043094983784],[110.722314586304,16.0061336707173],[110.722440493276,16.0079587572295],[110.722568884988,16.0097847561606],[110.722699763236,16.0116116623028],[110.722833125327,16.0134394747655],[110.722946158543,16.0149633401569],[110.72308407599,16.016792803056],[110.723224477279,16.0186231627013],[110.72336736241,16.0204544147489],[110.72351273228,16.0222865557182],[110.723660585095,16.0241195838558],[110.723810920852,16.025953494818],[110.723963739554,16.0277882851248],[110.724092984665,16.0293179473825],[110.72425035513,16.0311543428451],[110.72441020764,16.0329916089435],[110.724572542195,16.0348297430616],[110.724709716735,16.0363621813912],[110.724876600359,16.0382018971695],[110.725045965129,16.0400424713965],[110.725217811046,16.0418838997295],[110.725362910524,16.0434190749603],[110.725539303714,16.0452620631875],[110.725718176253,16.0471058976776],[110.725899529041,16.0489505740883],[110.726083360281,16.0507960898041],[110.726269671769,16.0526424422096],[110.726458460811,16.0544896269629],[110.726649729203,16.0563376414486],[110.72681101183,16.0578782845556],[110.727006822104,16.0597278110877],[110.727205109932,16.0615781586481],[110.727405874415,16.0634293228956],[110.727609116451,16.0652813012153],[110.727814834245,16.0671340901294],[110.728023027795,16.06898768616],[110.728233697102,16.0708420858296],[110.728411145812,16.0723880315018],[110.728626353408,16.074243897108],[110.728844034964,16.0761005576513],[110.729064190481,16.0779580096544],[110.729286819957,16.0798162496401],[110.729511922496,16.0816752749947],[110.729739498995,16.083535081378],[110.72996954676,16.0853956670395],[110.730163142687,16.086946746555],[110.73039772335,16.088808750329],[110.730634775279,16.0906715238185],[110.730874297575,16.0925350618209],[110.731116291136,16.0943993634492],[110.731360755064,16.0962644243641],[110.731607688461,16.0981302410897],[110.731857091326,16.0999968101498],[110.732066812911,16.1015528565564],[110.732320741489,16.1034207976434],[110.732577138637,16.1052894815048],[110.73283600256,16.1071589055281],[110.733097334154,16.109029067101],[110.733361132522,16.110899961022],[110.733627396765,16.1127715855422],[110.733896127783,16.1146439371863],[110.734121952567,16.1162047835749],[110.73439520211,16.1180784594463],[110.73467091663,16.1199528520209],[110.734949094331,16.1218279595501],[110.735229736111,16.1237037785593],[110.735512841071,16.1255803047111],[110.735798407415,16.1274575353942],[110.736086436939,16.1293354671345],[110.736328341567,16.1309009431881],[110.736620882431,16.1327801513686],[110.736915884679,16.1346600510509],[110.737213346514,16.1365406396242],[110.737513267936,16.1384219136149],[110.737815648945,16.1403038686865],[110.738120487745,16.1421865022286],[110.738427784336,16.1440698107678],[110.738685742757,16.1456397479406],[110.738997544398,16.1475242860087],[110.739311802034,16.149409490384],[110.739628516562,16.1512953558681],[110.73989431997,16.1528674144177],[110.740215535058,16.1547544868458],[110.740539204343,16.156642211694],[110.740865326927,16.1585305863527],[110.741138969932,16.1601047254653],[110.741469590381,16.1619942827607],[110.741802662332,16.1638844803162],[110.742138185786,16.1657753146602],[110.742476159843,16.1676667823206],[110.742816584505,16.1695588806887],[110.743159458873,16.1714516062927],[110.743504782048,16.1733449547983],[110.743794422251,16.1749232198225],[110.744144234308,16.1768177032161],[110.744496493375,16.1787128008266],[110.744851199453,16.1806085100456],[110.745208351644,16.1825048256767],[110.745567949947,16.1844017459747],[110.745929992566,16.1862992674689],[110.746294479501,16.188197385826],[110.746600085463,16.1897796057642],[110.746969052296,16.1916788112736],[110.74734046075,16.1935786049636],[110.747714311724,16.1954789833641],[110.74809060342,16.1973799430051],[110.748469335838,16.1992814804167],[110.748850508081,16.2011835929919],[110.749234120149,16.2030862763985],[110.74955565863,16.2046722803006],[110.749943740714,16.2065760031372],[110.750334259029,16.2084802872628],[110.750727214474,16.2103851300709],[110.751122605251,16.2122905280923],[110.75152043226,16.2141964778583],[110.751920692804,16.2161029759],[110.752323387783,16.2180100196113],[110.752660825547,16.2195996365748],[110.753067979763,16.2215076702822],[110.753477566617,16.2234162401196],[110.753889584311,16.2253253417562],[110.754304032848,16.2272349725864],[110.754720910428,16.2291451291423],[110.755140217053,16.2310558070937],[110.755561951825,16.2329670046977],[110.75591525204,16.2345600630056],[110.756341436166,16.2364722029106],[110.756770046643,16.2383848520688],[110.757201082571,16.240298007013],[110.757634543052,16.242211664276],[110.758070428085,16.2441258212534],[110.758508734977,16.2460404744782],[110.758949464625,16.2479556196214],[110.759318589562,16.2495519476059],[110.759763757786,16.2514679865062],[110.760211346071,16.2533845086529],[110.760661354418,16.25530151058],[110.761113780131,16.257218988821],[110.761568625007,16.2591369399103],[110.762025885453,16.2610553603816],[110.762485563265,16.2629742467695],[110.7628704725,16.2645736719493],[110.76333457721,16.2664934044267],[110.763801095693,16.2684135932891],[110.764270027051,16.2703342350711],[110.764662645628,16.2719351136906],[110.765135999392,16.2738565773049],[110.765611763336,16.2757784851711],[110.76608993746,16.277700832962],[110.766490255497,16.279303123437],[110.76697284484,16.2812262696685],[110.767457842567,16.283149846296],[110.767945245983,16.2850738507176],[110.768435055985,16.2869982786066],[110.768927270777,16.2889231273614],[110.76942188946,16.2908483926558],[110.769918911137,16.2927740718882],[110.770334930827,16.2943791190735],[110.770836356045,16.2963055482444],[110.771340182461,16.2982323818274],[110.771846408276,16.3001596154969],[110.772355033492,16.3020872475142],[110.772866056311,16.3040152726919],[110.773379476733,16.3059436892913],[110.773895292963,16.3078724929876],[110.774326970288,16.3094801228268],[110.774847177482,16.3114096271116],[110.775369778687,16.3133395098323],[110.775894772105,16.3152697666643],[110.776422157737,16.3172003941456],[110.776951934684,16.3191313896761],[110.77748410115,16.3210627480699],[110.778018657135,16.3229944684514],[110.778465944484,16.3246045078019],[110.779004877959,16.3265368802985],[110.77954619736,16.3284696044004],[110.780089902685,16.3304026749222],[110.780635993038,16.332336090989],[110.781184466621,16.3342698474154],[110.781735322537,16.3362039416029],[110.782288559886,16.3381383692285],[110.782751410548,16.339750645861],[110.783309011913,16.3416856780049],[110.783868992016,16.3436210340696],[110.784431350859,16.3455567114567],[110.784996086644,16.3474927067062],[110.785563197574,16.3494290163581],[110.78613268365,16.3513656369524],[110.786704544872,16.3533025650295],[110.787182907642,16.3549169041804],[110.787759117608,16.3568543874694],[110.788337699127,16.3587921687267],[110.788918650401,16.3607302436311],[110.789501970532,16.3626686104472],[110.790087658623,16.3646072648542],[110.790675714672,16.3665462033933],[110.791266135986,16.3684854226058],[110.791759960559,16.3701016512878],[110.792354717142,16.3720413772827],[110.792951837193,16.3739813735774],[110.793551318915,16.3759216384375],[110.794153161409,16.3778621675432],[110.794757364676,16.3798029582982],[110.79536392602,16.381744006383],[110.795972845442,16.3836853083399],[110.796482078817,16.3853032518944],[110.797095318238,16.3872450113569],[110.797710913041,16.3891870151829],[110.798328860531,16.3911292607769],[110.798845614602,16.3927479801811],[110.799467874904,16.3946906582186],[110.800092486098,16.3966335685168],[110.800719446386,16.3985767067574],[110.801243707677,16.4001961605261],[110.801874972692,16.4021397078752],[110.802508585004,16.4040834736608],[110.80314454192,16.4060274552886],[110.80378284254,16.4079716484406],[110.804423487763,16.4099160487995],[110.805066473995,16.4118606546328],[110.805711801238,16.4138054624851],[110.806251360838,16.415426286287],[110.806900977536,16.4173714540008],[110.807552930752,16.4193168142306],[110.808207220486,16.421262361798],[110.808863846737,16.4232080949713],[110.809522805914,16.4251540094341],[110.810184098914,16.4271001017318],[110.811402525256,16.4306683894683],[110.812070421772,16.4326149684992],[110.812740647619,16.4345617124105],[110.813413200102,16.4365086177481],[110.814088079222,16.4384556810582],[110.814765284081,16.4404028997487],[110.815444811982,16.4423502703658],[110.816696645772,16.4459208298791],[110.817382752036,16.4478686103825],[110.818071177751,16.4498165290006],[110.818761922017,16.451764583142],[110.819454982141,16.4537127684923],[110.820150359019,16.455661081599],[110.820848049059,16.4576095198709],[110.822133156447,16.4611819678357],[110.822837398798,16.4631307408936],[110.823543950719,16.4650796253088],[110.824252810411,16.4670286176295],[110.824963977876,16.4689777144039],[110.825677452214,16.470926913042],[110.82639323073,16.4728762100922],[110.827711473375,16.476450163303],[110.828433775458,16.4783997183394],[110.829158377227,16.4803493588457],[110.829885278684,16.4822990805096],[110.830614477132,16.4842488807418],[110.831345971675,16.4861987552303],[110.832079760515,16.4881487005248],[110.833430997382,16.4917237741727],[110.83417128194,16.4936739032618],[110.834913857201,16.4956240902187],[110.835658720472,16.4975743315937],[110.836405870853,16.4995246239371],[110.837155308346,16.5014749646608],[110.837907029355,16.5034253503154],[110.839291115816,16.5070011605737],[110.840049303797,16.5089516524096],[110.840809771702,16.5109021771037],[110.842209878718,16.5144782073489],[110.842976798323,16.51642880115],[110.843745992464,16.5183794140159],[110.845162084999,16.5219555728621]]]]},"properties":{"OBJECTID":2,"Shape__Area":265732360162.88672,"Shape__Length":3223906.5772594567}}]}