{
  "type": "FeatureCollection",
  "features": [
    {
      "type": "Feature",
      "id": 1,
      "geometry": {
        "type": "Polygon",
        "coordinates": [
          [
            [
              124.222464786,
              42.8298258840002
            ],
            [
              124.176112819,
              42.7128722530002
            ],
            [
              124.149197492,
              42.6453174270001
            ],
            [
              124.120528969,
              42.5781215760001
            ],
            [
              124.076207862,
              42.5156900580001
            ],
            [
              124.024181882,
              42.4544124510001
            ],
            [
              123.973720208,
              42.394536089
            ],
            [
              123.922538629,
              42.3349700960001
            ],
            [
              123.868987808,
              42.2765474240002
            ],
            [
              123.813535688,
              42.219077632
            ],
            [
              123.757443313,
              42.1619333980001
            ],
            [
              123.700897798,
              42.1050172140001
            ],
            [
              123.643784458,
              42.048396546
            ],
            [
              123.586032802,
              41.9921176330001
            ],
            [
              123.527572538,
              41.9362290450001
            ],
            [
              123.468324417,
              41.8807876420001
            ],
            [
              123.408280255,
              41.8258098170002
            ],
            [
              123.347578434,
              41.7712216040002
            ],
            [
              123.286348191,
              41.7169502360002
            ],
            [
              123.224632891,
              41.662973751
            ],
            [
              123.162485518,
              41.6092629080001
            ],
            [
              123.099957819,
              41.5557879360001
            ],
            [
              123.037099992,
              41.5025189030001
            ],
            [
              122.973961328,
              41.4494254260001
            ],
            [
              122.910594579,
              41.3964738450002
            ],
            [
              122.847006275,
              41.3436613710001
            ],
            [
              122.783072157,
              41.2910750970001
            ],
            [
              122.718779498,
              41.2387270570001
            ],
            [
              122.654197813,
              41.1865715980001
            ],
            [
              122.589390956,
              41.1345656160002
            ],
            [
              122.52442127,
              41.082666015
            ],
            [
              122.459350074,
              41.0308296110001
            ],
            [
              122.39423706,
              40.9790138080002
            ],
            [
              122.329144777,
              40.9271736040001
            ],
            [
              122.264126059,
              40.8752708520001
            ],
            [
              122.198825883,
              40.8235635130001
            ],
            [
              122.131204209,
              40.7735987720001
            ],
            [
              122.007933938,
              40.6830215780001
            ],
            [
              121.940390572,
              40.6329787570002
            ],
            [
              121.874365776,
              40.5817659410001
            ],
            [
              121.810282147,
              40.529128412
            ],
            [
              121.746372009,
              40.476359276
            ],
            [
              121.682515582,
              40.4235420430002
            ],
            [
              121.618776237,
              40.3706320440001
            ],
            [
              121.555215504,
              40.3175861680001
            ],
            [
              121.491891365,
              40.264364259
            ],
            [
              121.428864882,
              40.2109246800002
            ],
            [
              121.366196224,
              40.157227301
            ],
            [
              121.30394754,
              40.1032317220002
            ],
            [
              121.242171227,
              40.0489000690001
            ],
            [
              121.180949282,
              39.9941910930001
            ],
            [
              121.120346174,
              39.9390648410002
            ],
            [
              121.060408254,
              39.8834961530001
            ],
            [
              121.000561724,
              39.82785498
            ],
            [
              120.940736281,
              39.7721865600001
            ],
            [
              120.881169161,
              39.7163395260001
            ],
            [
              120.822124361,
              39.660148417
            ],
            [
              120.763868135,
              39.6034529120001
            ],
            [
              120.706676635,
              39.5460967520002
            ],
            [
              120.650837902,
              39.4879303720002
            ],
            [
              120.596657438,
              39.4288117930001
            ],
            [
              120.544455883,
              39.3686121560001
            ],
            [
              120.494570571,
              39.3072189480001
            ],
            [
              120.447426368,
              39.2445102000001
            ],
            [
              120.40321256,
              39.1804982430001
            ],
            [
              120.361646588,
              39.1153912560002
            ],
            [
              120.322263602,
              39.0494361300002
            ],
            [
              120.284602641,
              38.9828413340002
            ],
            [
              120.248196074,
              38.9157911060001
            ],
            [
              120.212575964,
              38.8484511800001
            ],
            [
              120.177274174,
              38.7809762090001
            ],
            [
              120.141824885,
              38.7135160670001
            ],
            [
              120.105763863,
              38.6462230270002
            ],
            [
              120.068625074,
              38.57925993
            ],
            [
              120.029920869,
              38.5128161010002
            ],
            [
              119.989578002,
              38.4469450140001
            ],
            [
              119.94817634,
              38.3814530610001
            ],
            [
              119.90606365,
              38.3162151810001
            ],
            [
              119.863387222,
              38.251177873
            ],
            [
              119.820315818,
              38.186275916
            ],
            [
              119.777016206,
              38.121442195
            ],
            [
              119.73365187,
              38.0566092550001
            ],
            [
              119.69038673,
              37.99170876
            ],
            [
              119.647385216,
              37.926672452
            ],
            [
              119.604816026,
              37.8614316410001
            ],
            [
              119.562824022,
              37.7959294690001
            ],
            [
              119.521370456,
              37.7301846650001
            ],
            [
              119.480243118,
              37.6642836550001
            ],
            [
              119.439389916,
              37.5982477100001
            ],
            [
              119.398750561,
              37.5321009340002
            ],
            [
              119.358261469,
              37.4658683600002
            ],
            [
              119.317864296,
              37.3995727590001
            ],
            [
              119.277496374,
              37.3332384940001
            ],
            [
              119.237098675,
              37.266888557
            ],
            [
              119.196608614,
              37.200547493
            ],
            [
              119.123903308,
              37.0655085210002
            ],
            [
              119.090751308,
              36.9965171160001
            ],
            [
              119.057842083,
              36.9274211410001
            ],
            [
              119.023899335,
              36.858616067
            ],
            [
              118.987549323,
              36.7905778750002
            ],
            [
              118.94718957,
              36.7239905420001
            ],
            [
              118.903950233,
              36.6557940520002
            ],
            [
              118.828678325,
              36.6264033090001
            ],
            [
              118.738626227,
              36.6456962230002
            ],
            [
              118.660589397,
              36.6850724500001
            ],
            [
              118.588587765,
              36.7314077340001
            ],
            [
              118.514423421,
              36.7752424760001
            ],
            [
              118.437403378,
              36.8158863120001
            ],
            [
              118.357503052,
              36.853458366
            ],
            [
              118.268389474,
              36.873547913
            ],
            [
              118.18285479,
              36.852432783
            ],
            [
              118.106242551,
              36.8099465410001
            ],
            [
              118.021640273,
              36.7825001440002
            ],
            [
              117.933316785,
              36.7531218000001
            ],
            [
              117.918902213,
              36.6866978070001
            ],
            [
              117.876754364,
              36.6243513040001
            ],
            [
              117.785461047,
              36.62899881
            ],
            [
              117.699920355,
              36.656258144
            ],
            [
              117.62219651,
              36.695929048
            ],
            [
              117.538744373,
              36.7279219290001
            ],
            [
              117.448370253,
              36.7162215900002
            ],
            [
              117.356780528,
              36.708419766
            ],
            [
              117.266103471,
              36.7209293960002
            ],
            [
              117.174186995,
              36.7246761530001
            ],
            [
              117.082155362,
              36.7235002360001
            ],
            [
              116.990112283,
              36.7210312280001
            ],
            [
              116.900760976,
              36.7024547810001
            ],
            [
              116.847491993,
              36.64234873
            ],
            [
              116.822802675,
              36.5709036280002
            ],
            [
              116.768230289,
              36.5111760600001
            ],
            [
              116.705373768,
              36.4570155400001
            ],
            [
              116.637572432,
              36.4068947850001
            ],
            [
              116.563643215,
              36.3628010120001
            ],
            [
              116.485958373,
              36.3231649060001
            ],
            [
              116.412076728,
              36.2790311560001
            ],
            [
              116.352991484,
              36.2221346170001
            ],
            [
              116.317986038,
              36.153368733
            ],
            [
              116.297856777,
              36.0807577130002
            ],
            [
              116.282889568,
              36.0072935060002
            ],
            [
              116.265237779,
              35.9341869730001
            ],
            [
              116.242390129,
              35.8620030370002
            ],
            [
              116.219758965,
              35.7897394710001
            ],
            [
              116.197300357,
              35.7174057530001
            ],
            [
              116.175102499,
              35.6449841390001
            ],
            [
              116.15545678,
              35.572038175
            ],
            [
              116.135086986,
              35.4725311980001
            ],
            [
              116.120611297,
              35.3986977460002
            ],
            [
              116.105346882,
              35.3249346370001
            ],
            [
              116.08804519,
              35.2514384420001
            ],
            [
              116.06842172,
              35.1783007340002
            ],
            [
              116.053236226,
              35.1044195230001
            ],
            [
              116.039754899,
              35.030279811
            ],
            [
              116.02335799,
              34.9565024760002
            ],
            [
              115.998284217,
              34.8843634170002
            ],
            [
              115.955470576,
              34.81810635
            ],
            [
              115.888108074,
              34.7675929630002
            ],
            [
              115.806729445,
              34.7339598440001
            ],
            [
              115.719845919,
              34.7116291180001
            ],
            [
              115.630621784,
              34.6969136530001
            ],
            [
              115.540347495,
              34.6875741240002
            ],
            [
              115.4496331,
              34.6818815990002
            ],
            [
              115.358659116,
              34.6817043540001
            ],
            [
              115.268242499,
              34.6900279800001
            ],
            [
              115.179079017,
              34.7049788600001
            ],
            [
              115.090715976,
              34.7229062710001
            ],
            [
              115.002331872,
              34.7407908590002
            ],
            [
              114.91313009,
              34.755685138
            ],
            [
              114.822652708,
              34.7638331970002
            ],
            [
              114.731686441,
              34.7613535530002
            ],
            [
              114.641719333,
              34.7500018000002
            ],
            [
              114.552008767,
              34.7373707290002
            ],
            [
              114.461458869,
              34.7298997870002
            ],
            [
              114.370460216,
              34.7297023350002
            ],
            [
              114.27951273,
              34.7322439580001
            ],
            [
              114.188635885,
              34.7361708840001
            ],
            [
              114.097762294,
              34.7401803590001
            ],
            [
              114.006820257,
              34.7429752650001
            ],
            [
              113.915814511,
              34.74294946
            ],
            [
              113.825065495,
              34.7373262950001
            ],
            [
              113.734735944,
              34.7282198250001
            ],
            [
              113.644105977,
              34.7214837100001
            ],
            [
              113.553115778,
              34.7222455930001
            ],
            [
              113.462526864,
              34.7293523820001
            ],
            [
              113.3723953,
              34.7397152420001
            ],
            [
              113.277780569,
              34.7233736580001
            ],
            [
              113.132687741,
              34.7659107450001
            ],
            [
              112.964595301,
              34.7512592480001
            ],
            [
              112.874991641,
              34.7642626830001
            ],
            [
              112.78602723,
              34.7801708450001
            ],
            [
              112.6961033,
              34.7918817520002
            ],
            [
              112.605168284,
              34.795427637
            ],
            [
              112.516045118,
              34.8411537150001
            ],
            [
              112.50440214,
              34.9354336620001
            ],
            [
              112.49229235,
              34.9975828330001
            ],
            [
              112.622466328,
              35.0134106350001
            ],
            [
              112.542336019,
              35.044142079
            ],
            [
              112.515404205,
              35.159807003
            ],
            [
              112.590354772,
              35.1346613470001
            ],
            [
              112.688334835,
              35.2413730490001
            ],
            [
              112.785961436,
              35.2435505500001
            ],
            [
              112.890113002,
              35.24668687
            ],
            [
              112.99170275,
              35.251945885
            ],
            [
              113.096013822,
              35.2635377770001
            ],
            [
              113.184723908,
              35.2752782040001
            ],
            [
              113.273725172,
              35.3019251540001
            ],
            [
              113.344530791,
              35.3287711400002
            ],
            [
              113.40758888,
              35.3578281870002
            ],
            [
              113.468148312,
              35.391164061
            ],
            [
              113.536717059,
              35.432900546
            ],
            [
              113.600195632,
              35.4789413250002
            ],
            [
              113.647804198,
              35.5123870940002
            ],
            [
              113.69564737,
              35.5564694340002
            ],
            [
              113.781867797,
              35.6851557940001
            ],
            [
              113.856147873,
              35.6223227620001
            ],
            [
              113.909284248,
              35.549103135
            ],
            [
              113.955098239,
              35.4993940280002
            ],
            [
              113.996252021,
              35.4753187340002
            ],
            [
              114.04875188,
              35.4915656560001
            ],
            [
              114.109771422,
              35.5375067410001
            ],
            [
              114.145520811,
              35.61577188
            ],
            [
              114.171427044,
              35.6852796590001
            ],
            [
              114.203143884,
              35.7340823440001
            ],
            [
              114.301095752,
              35.7899456910001
            ],
            [
              114.36538404,
              35.8548194440001
            ],
            [
              114.414319139,
              35.9305342810002
            ],
            [
              114.418226624,
              35.9814678860001
            ],
            [
              114.353326836,
              36.1035977060002
            ],
            [
              114.349214364,
              36.1482360510001
            ],
            [
              114.319785851,
              36.2272139700001
            ],
            [
              114.271954689,
              36.3043222880001
            ],
            [
              114.262631972,
              36.351098155
            ],
            [
              114.253929506,
              36.4232648840002
            ],
            [
              114.268752104,
              36.4928987090001
            ],
            [
              114.358916385,
              36.5337606160001
            ],
            [
              114.43601488,
              36.5747993310002
            ],
            [
              114.459120365,
              36.6568955190001
            ],
            [
              114.515344822,
              36.7996457010001
            ],
            [
              114.498791777,
              36.8696085130001
            ],
            [
              114.439816121,
              36.82414863
            ],
            [
              114.361962442,
              36.7578456850001
            ],
            [
              114.310774076,
              36.7058524890002
            ],
            [
              114.249489737,
              36.6687916250001
            ],
            [
              114.220841927,
              36.6777048210002
            ],
            [
              114.240661659,
              36.7365673660002
            ],
            [
              114.239858416,
              36.8105171070001
            ],
            [
              114.254761032,
              36.8820652840002
            ],
            [
              114.369735366,
              36.9603911120002
            ],
            [
              114.397524182,
              37.0189900540001
            ],
            [
              114.438697161,
              37.0857693960002
            ],
            [
              114.493441705,
              37.1670271800001
            ],
            [
              114.568506641,
              37.2184038590001
            ],
            [
              114.577584008,
              37.262458484
            ],
            [
              114.490610891,
              37.2597229030001
            ],
            [
              114.333817634,
              37.20336059
            ],
            [
              114.334884428,
              37.245451981
            ],
            [
              114.390119681,
              37.2760452460001
            ],
            [
              114.463655324,
              37.3220044760002
            ],
            [
              114.514101067,
              37.380412457
            ],
            [
              114.53444984,
              37.4530739050002
            ],
            [
              114.548995063,
              37.5259271860001
            ],
            [
              114.566977842,
              37.6042387320002
            ],
            [
              114.56917567,
              37.6860525420001
            ],
            [
              114.542223234,
              37.7641143910001
            ],
            [
              114.501651247,
              37.8276841180001
            ],
            [
              114.447454254,
              37.8767768880001
            ],
            [
              114.427742513,
              37.931558312
            ],
            [
              114.408672097,
              38.0114196590002
            ],
            [
              114.402427842,
              38.0763801180002
            ],
            [
              114.40046399,
              38.1465700410001
            ],
            [
              114.453615411,
              38.211430013
            ],
            [
              114.51152425,
              38.3962991640001
            ],
            [
              114.459370264,
              38.5035331800001
            ],
            [
              114.530271242,
              38.5508440720001
            ],
            [
              114.633398312,
              38.5860541180001
            ],
            [
              114.598654824,
              38.674107229
            ],
            [
              114.601053374,
              38.7614690650002
            ],
            [
              114.660112798,
              38.7833488120001
            ],
            [
              114.717136522,
              38.7324412650001
            ],
            [
              114.709429015,
              38.6472328990001
            ],
            [
              114.777655262,
              38.618973608
            ],
            [
              114.842175111,
              38.6469898710001
            ],
            [
              114.886332102,
              38.7044922500001
            ],
            [
              114.962262263,
              38.7572246520001
            ],
            [
              115.058987511,
              38.7928924810001
            ],
            [
              115.105089496,
              38.8232288390002
            ],
            [
              115.159412073,
              38.8991351120001
            ],
            [
              115.222841489,
              38.9525322420001
            ],
            [
              115.287428845,
              39.0050652680001
            ],
            [
              115.344791437,
              39.0461350130001
            ],
            [
              115.426275402,
              39.0964139180001
            ],
            [
              115.511087389,
              39.1652453760001
            ],
            [
              115.540463632,
              39.2475689240001
            ],
            [
              115.50189751,
              39.3027116750002
            ],
            [
              115.568659378,
              39.3542069570001
            ],
            [
              115.639413079,
              39.400890916
            ],
            [
              115.688262753,
              39.4391824210001
            ],
            [
              115.731755821,
              39.5396134110001
            ],
            [
              115.779604149,
              39.5831323960001
            ],
            [
              115.860352371,
              39.6278352070002
            ],
            [
              115.96029713,
              39.658744461
            ],
            [
              116.023876967,
              39.717240022
            ],
            [
              116.135509779,
              39.7725696840002
            ],
            [
              116.171266328,
              39.8707637620001
            ],
            [
              116.246166663,
              39.9412150820001
            ],
            [
              116.34322287,
              39.9596155680001
            ],
            [
              116.390123917,
              39.9956125290002
            ],
            [
              116.358421526,
              40.0184398140002
            ],
            [
              116.292503467,
              40.1028062330001
            ],
            [
              116.224954869,
              40.120747401
            ],
            [
              116.1336084,
              40.1401804320001
            ],
            [
              116.110950155,
              40.191161687
            ],
            [
              116.19354365,
              40.2489379110001
            ],
            [
              116.254049846,
              40.288673643
            ],
            [
              116.344542994,
              40.2991848020001
            ],
            [
              116.459730436,
              40.2675565600001
            ],
            [
              116.53573167,
              40.2904370990001
            ],
            [
              116.605205131,
              40.3504051710001
            ],
            [
              116.686962526,
              40.3813029130001
            ],
            [
              116.773348917,
              40.3935890230001
            ],
            [
              116.904031644,
              40.3739735080002
            ],
            [
              116.886564544,
              40.3415591500001
            ],
            [
              116.754890819,
              40.3194750610002
            ],
            [
              116.660159833,
              40.3162493100002
            ],
            [
              116.656394632,
              40.289640135
            ],
            [
              116.780630189,
              40.245561072
            ],
            [
              116.84183283,
              40.17006731
            ],
            [
              117.024815298,
              40.1243800900002
            ],
            [
              117.094410725,
              40.0608862110001
            ],
            [
              117.168611856,
              40.0425160710002
            ],
            [
              117.2650118,
              40.04207332
            ],
            [
              117.351536011,
              40.0603854340002
            ],
            [
              117.430621858,
              40.0912128420002
            ],
            [
              117.530856822,
              40.1152682540001
            ],
            [
              117.665533934,
              40.1301090670001
            ],
            [
              117.734983624,
              40.1652093490002
            ],
            [
              117.793081374,
              40.2067916710001
            ],
            [
              117.889427035,
              40.2107401930001
            ],
            [
              117.988722453,
              40.2176852490001
            ],
            [
              118.108168023,
              40.24712607
            ],
            [
              118.161290808,
              40.221707941
            ],
            [
              118.252983322,
              40.19353929
            ],
            [
              118.370990093,
              40.1941327060001
            ],
            [
              118.448734112,
              40.1938432910001
            ],
            [
              118.545003572,
              40.1888519260002
            ],
            [
              118.609411582,
              40.1760017070002
            ],
            [
              118.677172373,
              40.1255077480002
            ],
            [
              118.722462287,
              40.0627926480002
            ],
            [
              118.76998957,
              40.0034803770001
            ],
            [
              118.848025373,
              39.9603145910001
            ],
            [
              118.918504221,
              39.9073892610002
            ],
            [
              118.94309126,
              39.8179118870001
            ],
            [
              119.006545041,
              39.8529910030001
            ],
            [
              119.09054942,
              39.8234309780001
            ],
            [
              119.123836535,
              39.748036383
            ],
            [
              119.171659437,
              39.7423269920001
            ],
            [
              119.28252075,
              39.8730701950001
            ],
            [
              119.353397596,
              39.9209329840002
            ],
            [
              119.436016695,
              39.9542372570002
            ],
            [
              119.528600437,
              39.9665983950001
            ],
            [
              119.621536371,
              39.9577462820002
            ],
            [
              119.708134275,
              39.930208776
            ],
            [
              119.804132572,
              39.8908071520001
            ],
            [
              119.922416115,
              39.9834730690001
            ],
            [
              120.016840319,
              40.0477458890002
            ],
            [
              120.101225142,
              40.0793951460001
            ],
            [
              120.17913933,
              40.1196595590001
            ],
            [
              120.260288187,
              40.1559755460001
            ],
            [
              120.338196692,
              40.1962586610001
            ],
            [
              120.423268936,
              40.2401983220001
            ],
            [
              120.580807336,
              40.3146920650002
            ],
            [
              120.568367599,
              40.40999036
            ],
            [
              120.673734888,
              40.505752994
            ],
            [
              120.736139746,
              40.5595520920001
            ],
            [
              120.804274825,
              40.609139993
            ],
            [
              120.86278981,
              40.665399649
            ],
            [
              120.928784822,
              40.728754971
            ],
            [
              121.01347677,
              40.762504267
            ],
            [
              120.999591568,
              40.9006678770001
            ],
            [
              120.94838019,
              40.9604577740001
            ],
            [
              120.914443563,
              41.0286242040001
            ],
            [
              120.845574666,
              41.0587747210002
            ],
            [
              120.751910308,
              41.0491668770001
            ],
            [
              120.761027432,
              41.1138651450001
            ],
            [
              120.812388805,
              41.175623826
            ],
            [
              120.865311315,
              41.2355453990001
            ],
            [
              120.92691105,
              41.2891772260002
            ],
            [
              120.955112049,
              41.2392713660001
            ],
            [
              120.95350689,
              41.1612338180001
            ],
            [
              121.012692427,
              41.1353764990002
            ],
            [
              121.099805382,
              41.1706647910001
            ],
            [
              121.170566983,
              41.2180081770002
            ],
            [
              121.222863965,
              41.2774520940001
            ],
            [
              121.260338599,
              41.343093841
            ],
            [
              121.293887451,
              41.4098107320001
            ],
            [
              121.332145031,
              41.4750543320002
            ],
            [
              121.380301555,
              41.536596537
            ],
            [
              121.41239186,
              41.5165366320002
            ],
            [
              121.396548422,
              41.443434888
            ],
            [
              121.382145157,
              41.3729506390002
            ],
            [
              121.371825609,
              41.3006575470001
            ],
            [
              121.387999148,
              41.2350538050001
            ],
            [
              121.482138253,
              41.230982471
            ],
            [
              121.557858295,
              41.2720106140002
            ],
            [
              121.593706157,
              41.3393301310002
            ],
            [
              121.628074479,
              41.4052076740001
            ],
            [
              121.672491372,
              41.467511023
            ],
            [
              121.698850863,
              41.5369356480001
            ],
            [
              121.760699825,
              41.5433372430002
            ],
            [
              121.834122757,
              41.4971341870002
            ],
            [
              121.918390696,
              41.5147647020001
            ],
            [
              121.876468494,
              41.584427723
            ],
            [
              121.882294041,
              41.6448848960002
            ],
            [
              121.889388794,
              41.737278179
            ],
            [
              121.976301729,
              41.7051380220002
            ],
            [
              122.045525496,
              41.6505700570001
            ],
            [
              122.123781994,
              41.6456116840001
            ],
            [
              122.17186315,
              41.7081764190002
            ],
            [
              122.192822825,
              41.7782032150001
            ],
            [
              122.224103787,
              41.8444324210002
            ],
            [
              122.280090413,
              41.9018483850001
            ],
            [
              122.341826365,
              41.9559048040002
            ],
            [
              122.396678352,
              42.0136272950002
            ],
            [
              122.442575213,
              42.0757098020001
            ],
            [
              122.486715465,
              42.1384679220001
            ],
            [
              122.536711366,
              42.1987514750001
            ],
            [
              122.601715523,
              42.2500815540001
            ],
            [
              122.684699188,
              42.285132077
            ],
            [
              122.777681257,
              42.2980326690002
            ],
            [
              122.855938558,
              42.2620821500001
            ],
            [
              122.897623482,
              42.1962922490001
            ],
            [
              122.944932136,
              42.1388348560001
            ],
            [
              123.022037764,
              42.1789604710001
            ],
            [
              123.059591517,
              42.245292421
            ],
            [
              123.085311006,
              42.3134614670001
            ],
            [
              123.109676831,
              42.382112814
            ],
            [
              123.13148507,
              42.4523237150001
            ],
            [
              123.160493459,
              42.4040829420001
            ],
            [
              123.166649421,
              42.3322800960001
            ],
            [
              123.19302845,
              42.2650156020001
            ],
            [
              123.272694919,
              42.2761868970001
            ],
            [
              123.352612874,
              42.3183323140001
            ],
            [
              123.439965519,
              42.347046503
            ],
            [
              123.52333897,
              42.3803897010002
            ],
            [
              123.586632708,
              42.4329199970002
            ],
            [
              123.630717445,
              42.4961215270001
            ],
            [
              123.655947368,
              42.5628776000001
            ],
            [
              123.636470719,
              42.6488271170001
            ],
            [
              123.710348629,
              42.6949697180001
            ],
            [
              123.800318306,
              42.676404502
            ],
            [
              123.888089706,
              42.6501824270002
            ],
            [
              123.976716949,
              42.6774435
            ],
            [
              124.055889608,
              42.7167790890001
            ],
            [
              124.125834122,
              42.7646563380001
            ],
            [
              124.222464786,
              42.8298258840002
            ]
          ]
        ]
      },
      "properties": {
        "FID": 1,
        "Id": 0,
        "Basin_Name": "Bohaiwan Basin",
        "Oil_Estima": "2,698.59 MMBO",
        "Gas_Estima": "5,681.34 BCFG",
        "Source": "https://chinaus-icas.org/wp-content/uploads/2019/08/USGS-2012-World-Assessment-of-Undiscovered-Oil-and-Gas-Resources.pdf",
        "Source_2": "https://www.usgs.gov/centers/cersc/science/world-oil-and-gas-resource-assessments?qt-science_center_objects=0#qt-science_center_objects",
        "Shape__Area": 392957927427.875,
        "Shape__Length": 4872379.9416777985
      }
    },
    {
      "type": "Feature",
      "id": 2,
      "geometry": {
        "type": "Polygon",
        "coordinates": [
          [
            [
              123.345011508993,
              37.8750330687063
            ],
            [
              123.19272600462,
              37.7227475643332
            ],
            [
              123.040440500247,
              37.6561226561699
            ],
            [
              122.85008361978,
              37.6085334360533
            ],
            [
              122.745387335524,
              37.6085334360533
            ],
            [
              122.669244583337,
              37.6751583442166
            ],
            [
              122.421780638731,
              37.7417832523798
            ],
            [
              122.145763162055,
              37.7988903165198
            ],
            [
              121.974441969635,
              37.8274438485897
            ],
            [
              121.660353116865,
              37.7798546284731
            ],
            [
              121.517585456515,
              37.8179260045664
            ],
            [
              121.450960548352,
              37.9035866007763
            ],
            [
              121.412889172259,
              38.0749077931961
            ],
            [
              121.412889172259,
              38.1796040774526
            ],
            [
              121.450960548352,
              38.3414074258491
            ],
            [
              121.555656832609,
              38.4461037101056
            ],
            [
              121.803120777215,
              38.665014122642
            ],
            [
              121.898299217448,
              38.7792282509218
            ],
            [
              122.307566510451,
              38.9695851313883
            ],
            [
              122.640691051267,
              39.1504241678314
            ],
            [
              122.82153008771,
              39.2456026080646
            ],
            [
              122.972368086638,
              39.3038399161824
            ],
            [
              123.153207123081,
              39.379982668369
            ],
            [
              123.315010471478,
              39.4751611086022
            ],
            [
              123.581510104131,
              39.5513038607888
            ],
            [
              123.828974048737,
              39.5798573928587
            ],
            [
              124.114509369437,
              39.6274466129753
            ],
            [
              124.504740974393,
              39.7416607412552
            ],
            [
              124.771240607046,
              39.8273213374651
            ],
            [
              124.942561799466,
              39.9224997776983
            ],
            [
              125.132918679932,
              40.0176782179315
            ],
            [
              125.294722028329,
              40.0938209701181
            ],
            [
              125.485078908795,
              40.1318923462114
            ],
            [
              125.646882257191,
              40.150928034258
            ],
            [
              125.799167761565,
              40.122374502188
            ],
            [
              125.903864045821,
              40.0081603739082
            ],
            [
              125.970488953984,
              39.8273213374651
            ],
            [
              125.932417577891,
              39.617928768952
            ],
            [
              125.789649917541,
              39.4656432645789
            ],
            [
              125.637364413168,
              39.3609469803224
            ],
            [
              125.361346936492,
              39.2086614759492
            ],
            [
              125.009186707629,
              39.0183045954828
            ],
            [
              124.647508634743,
              38.818429870993
            ],
            [
              124.285830561857,
              38.6280729905266
            ],
            [
              123.944635682462,
              38.4365858660823
            ],
            [
              123.782832334066,
              38.3509252698724
            ],
            [
              123.601993297623,
              38.2652646736625
            ],
            [
              123.459225637273,
              38.0939434812427
            ],
            [
              123.345011508993,
              37.8750330687063
            ]
          ]
        ]
      },
      "properties": {
        "FID": 2,
        "Id": 0,
        "Basin_Name": "North Yellow Sea Basin",
        "Oil_Estima": "2,807.70 MMBO",
        "Gas_Estima": "954.43 BCFG",
        "Source": "https://chinaus-icas.org/wp-content/uploads/2019/09/Reassessment-of-Petroleum-Geologic-Features-and-Potential-Reserves-in-the-South-Yellow-Sea-Basin.pdf",
        "Source_2": "https://doi.org/10.1016/B978-0-444-59388-7.00007-X",
        "Shape__Area": 79516829906.78516,
        "Shape__Length": 1333828.5718736155
      }
    },
    {
      "type": "Feature",
      "id": 3,
      "geometry": {
        "type": "Polygon",
        "coordinates": [
          [
            [
              125.477008570217,
              35.0672690818266
            ],
            [
              125.467490726194,
              35.0863047698732
            ],
            [
              125.315205221821,
              35.01967986171
            ],
            [
              125.210508937564,
              34.9435371095234
            ],
            [
              125.096294809284,
              34.9054657334301
            ],
            [
              124.858348708701,
              34.8483586692902
            ],
            [
              124.725098892375,
              34.8864300453835
            ],
            [
              124.506188479838,
              34.9245014214767
            ],
            [
              124.344385131442,
              34.9149835774534
            ],
            [
              124.201617471092,
              34.9149835774534
            ],
            [
              124.049331966719,
              34.8483586692902
            ],
            [
              123.992224902579,
              34.7341445410103
            ],
            [
              123.887528618322,
              34.6294482567538
            ],
            [
              123.858975086252,
              34.5152341284739
            ],
            [
              123.878010774299,
              34.3915021561708
            ],
            [
              123.906564306369,
              34.3534307800775
            ],
            [
              123.992224902579,
              34.2296988077743
            ],
            [
              123.992224902579,
              34.163073899611
            ],
            [
              123.935117838439,
              34.0298240832846
            ],
            [
              123.839939398206,
              33.9631991751213
            ],
            [
              123.839939398206,
              33.8299493587948
            ],
            [
              123.878010774299,
              33.7442887625849
            ],
            [
              123.878010774299,
              33.687181698445
            ],
            [
              123.897046462346,
              33.6015211022351
            ],
            [
              123.973189214532,
              33.4873069739552
            ],
            [
              124.039814122696,
              33.392128533722
            ],
            [
              124.096921186836,
              33.3445393136054
            ],
            [
              124.134992562929,
              33.2112894972789
            ],
            [
              124.144510406952,
              33.0494861488825
            ],
            [
              124.087403342812,
              32.9638255526726
            ],
            [
              123.858975086252,
              32.8496114243927
            ],
            [
              123.801868022113,
              32.7353972961129
            ],
            [
              123.830421554183,
              32.6973259200196
            ],
            [
              123.782832334066,
              32.5545582596698
            ],
            [
              123.678136049809,
              32.4688976634599
            ],
            [
              123.630546829693,
              32.3261300031101
            ],
            [
              123.468743481296,
              32.2119158748302
            ],
            [
              123.287904444853,
              32.1072195905737
            ],
            [
              123.19272600462,
              32.0501125264337
            ],
            [
              123.040440500247,
              31.9930054622938
            ],
            [
              122.87863715185,
              31.9358983981539
            ],
            [
              122.688280271384,
              31.9358983981539
            ],
            [
              122.564548299081,
              31.9454162421772
            ],
            [
              122.412262794708,
              31.9644519302239
            ],
            [
              122.326602198498,
              32.0120411503407
            ],
            [
              122.212388070218,
              32.0501125264337
            ],
            [
              122.155281006078,
              32.059630370457
            ],
            [
              122.022031189751,
              32.059630370457
            ],
            [
              121.898299217448,
              32.059630370457
            ],
            [
              121.683116082,
              32.0426292990001
            ],
            [
              121.431924860306,
              31.9739697742472
            ],
            [
              121.241567979839,
              32.0120411503407
            ],
            [
              121.051211099373,
              32.0120411503407
            ],
            [
              120.936996971093,
              32.0691482144804
            ],
            [
              120.75615793465,
              32.1357731226436
            ],
            [
              120.565801054183,
              32.2214337188535
            ],
            [
              120.47062261395,
              32.2595050949468
            ],
            [
              120.24219435739,
              32.3261300031101
            ],
            [
              120.042319632901,
              32.38323706725
            ],
            [
              119.909069816574,
              32.4403441313899
            ],
            [
              119.747266468178,
              32.5164868835765
            ],
            [
              119.575945275758,
              32.621183167833
            ],
            [
              119.480766835525,
              32.7068437640429
            ],
            [
              119.185713670802,
              32.8400935803694
            ],
            [
              119.033428166429,
              32.916236332556
            ],
            [
              118.938249726195,
              33.0494861488825
            ],
            [
              118.890660506079,
              33.2017716532556
            ],
            [
              118.881142662055,
              33.3064679375121
            ],
            [
              119.347517019198,
              33.7347709185616
            ],
            [
              119.480766835525,
              33.8775385789114
            ],
            [
              119.642570183921,
              34.0488597713312
            ],
            [
              119.737748624154,
              34.163073899611
            ],
            [
              119.851962752434,
              34.2772880278909
            ],
            [
              119.899551972551,
              34.3153594039842
            ],
            [
              119.982920769,
              34.4407412780001
            ],
            [
              120.194605137274,
              34.5057162844506
            ],
            [
              120.27074788946,
              34.5342698165206
            ],
            [
              120.318337109577,
              34.6008947246838
            ],
            [
              120.375444173717,
              34.7151088529637
            ],
            [
              120.403997705787,
              34.8007694491736
            ],
            [
              120.44206908188,
              34.8864300453835
            ],
            [
              120.461104769927,
              34.9435371095234
            ],
            [
              120.508693990043,
              35.0863047698732
            ],
            [
              120.546765366137,
              35.2100367421764
            ],
            [
              120.603872430277,
              35.2861794943629
            ],
            [
              120.746640090626,
              35.3813579345962
            ],
            [
              120.775193622696,
              35.4003936226428
            ],
            [
              120.879889906953,
              35.4384649987361
            ],
            [
              121.022657567303,
              35.4575006867827
            ],
            [
              121.060728943396,
              35.5050899068993
            ],
            [
              121.098800319489,
              35.5907505031092
            ],
            [
              121.193978759723,
              35.6383397232258
            ],
            [
              121.260603667886,
              35.6668932552958
            ],
            [
              121.374817796166,
              35.7049646313891
            ],
            [
              121.460478392376,
              35.762071695529
            ],
            [
              121.546138988585,
              35.8286966036923
            ],
            [
              121.660353116865,
              35.8477322917389
            ],
            [
              121.803120777215,
              35.8858036678322
            ],
            [
              121.888781373425,
              35.9048393558788
            ],
            [
              121.983959813658,
              35.9333928879488
            ],
            [
              122.098173941938,
              35.9429107319721
            ],
            [
              122.231423758265,
              35.9714642640421
            ],
            [
              122.307566510451,
              35.9714642640421
            ],
            [
              122.459852014824,
              36.0380891722053
            ],
            [
              122.488405546894,
              36.1523033004852
            ],
            [
              122.507441234941,
              36.2094103646251
            ],
            [
              122.526476922988,
              36.266517428765
            ],
            [
              122.612137519197,
              36.3141066488816
            ],
            [
              122.659726739314,
              36.3426601809516
            ],
            [
              122.745387335524,
              36.4188029331382
            ],
            [
              122.754905179547,
              36.4568743092315
            ],
            [
              122.812012243687,
              36.4949456853248
            ],
            [
              122.85008361978,
              36.533017061418
            ],
            [
              122.926226371967,
              36.5901241255579
            ],
            [
              122.983333436107,
              36.6567490337212
            ],
            [
              123.030922656224,
              36.7233739418845
            ],
            [
              123.07851187634,
              36.828070226141
            ],
            [
              123.10706540841,
              36.8851772902809
            ],
            [
              123.126101096457,
              36.9518021984442
            ],
            [
              123.211761692667,
              37.0564984827007
            ],
            [
              123.297422288877,
              37.0850520147707
            ],
            [
              123.354529353016,
              37.0469806386774
            ],
            [
              123.430672105203,
              36.9803557305141
            ],
            [
              123.50681485739,
              36.9137308223509
            ],
            [
              123.659100361763,
              36.8851772902809
            ],
            [
              123.782832334066,
              36.828070226141
            ],
            [
              123.858975086252,
              36.7614453179777
            ],
            [
              123.887528618322,
              36.6757847217679
            ],
            [
              123.887528618322,
              36.6281955016512
            ],
            [
              123.858975086252,
              36.5806062815346
            ],
            [
              123.811385866136,
              36.533017061418
            ],
            [
              123.820903710159,
              36.4283207771615
            ],
            [
              123.887528618322,
              36.3426601809516
            ],
            [
              123.906564306369,
              36.266517428765
            ],
            [
              123.963671370509,
              36.266517428765
            ],
            [
              124.001742746602,
              36.2855531168117
            ],
            [
              124.068367654766,
              36.2855531168117
            ],
            [
              124.154028250975,
              36.2474817407184
            ],
            [
              124.306313755349,
              36.1998925206018
            ],
            [
              124.391974351558,
              36.2094103646251
            ],
            [
              124.553777699955,
              36.2284460526717
            ],
            [
              124.582331232025,
              36.266517428765
            ],
            [
              124.725098892375,
              36.2855531168117
            ],
            [
              124.953527148934,
              36.3141066488816
            ],
            [
              125.162919717448,
              36.323624492905
            ],
            [
              125.324723065844,
              36.295070960835
            ],
            [
              125.334240909867,
              36.1618211445085
            ],
            [
              125.305687377797,
              36.0951962363453
            ],
            [
              125.248580313657,
              36.0666427042753
            ],
            [
              125.267616001704,
              35.9143571999021
            ],
            [
              125.267616001704,
              35.7715895395523
            ],
            [
              125.296169533774,
              35.5812326590859
            ],
            [
              125.391347974007,
              35.5146077509227
            ],
            [
              125.467490726194,
              35.4289471547128
            ],
            [
              125.477008570217,
              35.0672690818266
            ]
          ]
        ]
      },
      "properties": {
        "FID": 3,
        "Id": 0,
        "Basin_Name": "South Yellow Sea Basin",
        "Oil_Estima": "2,191.52 MMBO",
        "Gas_Estima": "399.53 BCFG",
        "Source": "https://chinaus-icas.org/wp-content/uploads/2019/09/Reassessment-of-Petroleum-Geologic-Features-and-Potential-Reserves-in-the-South-Yellow-Sea-Basin.pdf",
        "Source_2": "https://doi.org/10.1016/B978-0-444-59388-7.00007-X",
        "Shape__Area": 273944391597.60156,
        "Shape__Length": 2436594.097952959
      }
    },
    {
      "type": "Feature",
      "id": 4,
      "geometry": {
        "type": "Polygon",
        "coordinates": [
          [
            [
              120.958888012347,
              23.4007717702408
            ],
            [
              120.897319458821,
              23.2727765969688
            ],
            [
              120.83188428116,
              23.171649504221
            ],
            [
              120.754551798471,
              23.0824197165024
            ],
            [
              120.68911662081,
              22.97534397124
            ],
            [
              120.641527400694,
              22.8504222684339
            ],
            [
              120.611784138121,
              22.6898086505404
            ],
            [
              120.628714885913,
              22.5158809093182
            ],
            [
              120.641527400694,
              22.3923760248116
            ],
            [
              120.68911662081,
              22.2853002795492
            ],
            [
              120.742654493442,
              22.1425326191996
            ],
            [
              120.373838037538,
              21.8926892135874
            ],
            [
              120.082354064324,
              21.7082809856356
            ],
            [
              119.886048531343,
              21.5952565878586
            ],
            [
              119.790870091109,
              21.5298214101983
            ],
            [
              119.715952391926,
              21.5182362448754
            ],
            [
              119.660529410048,
              21.4342932549156
            ],
            [
              119.593236236737,
              21.3323718140209
            ],
            [
              119.535078032983,
              21.2442860894986
            ],
            [
              119.493437465381,
              21.1847995643529
            ],
            [
              119.463694202808,
              21.1074670816634
            ],
            [
              119.404207677662,
              21.1015184291488
            ],
            [
              119.344721152516,
              21.1253130392071
            ],
            [
              119.326875194973,
              21.1610049542946
            ],
            [
              119.332823847487,
              21.2026455218966
            ],
            [
              119.356618457545,
              21.2502347420132
            ],
            [
              119.380413067604,
              21.309721267159
            ],
            [
              119.380413067604,
              21.351361834761
            ],
            [
              119.36256711006,
              21.3751564448193
            ],
            [
              119.225748102225,
              21.3573104872756
            ],
            [
              119.118672356962,
              21.2978239621298
            ],
            [
              119.059185831817,
              21.2026455218966
            ],
            [
              119.005647959185,
              21.1074670816634
            ],
            [
              118.964007391583,
              21.0658265140614
            ],
            [
              118.910469518952,
              21.000391336401
            ],
            [
              118.845034341292,
              20.9290075062261
            ],
            [
              118.797445121175,
              20.8754696335949
            ],
            [
              118.732009943515,
              20.8159831084492
            ],
            [
              118.642780155796,
              20.7862398458763
            ],
            [
              118.577344978136,
              20.7445992782743
            ],
            [
              118.494063842932,
              20.7029587106722
            ],
            [
              118.345347530068,
              20.6553694905556
            ],
            [
              118.256117742349,
              20.6315748804973
            ],
            [
              118.137144692057,
              20.6018316179245
            ],
            [
              118.053863556853,
              20.5601910503224
            ],
            [
              118.000325684222,
              20.5126018302058
            ],
            [
              117.911095896504,
              20.5066531776912
            ],
            [
              117.845660718843,
              20.5542423978079
            ],
            [
              117.786174193697,
              20.6196775754682
            ],
            [
              117.720739016037,
              20.6970100581577
            ],
            [
              117.673149795921,
              20.7564965833034
            ],
            [
              117.649355185862,
              20.80408580342
            ],
            [
              117.619611923289,
              20.8933155911387
            ],
            [
              117.595817313231,
              20.958750768799
            ],
            [
              117.583920008202,
              21.0122886414302
            ],
            [
              117.577971355687,
              21.0836724716051
            ],
            [
              117.577971355687,
              21.1253130392071
            ],
            [
              117.589868660717,
              21.1669536068092
            ],
            [
              117.607621343,
              21.2354564980002
            ],
            [
              117.735706555,
              21.3733944190002
            ],
            [
              117.873644476,
              21.5408904670001
            ],
            [
              117.982024272,
              21.7083865140001
            ],
            [
              118.041140524,
              21.831545372
            ],
            [
              118.115035838,
              21.9694832930001
            ],
            [
              118.164299382,
              22.0581576710002
            ],
            [
              118.184004799,
              22.1763901740001
            ],
            [
              118.160081384,
              22.2377186140001
            ],
            [
              118.143362371,
              22.2796896770001
            ],
            [
              118.11689086287,
              22.3469714272303
            ],
            [
              118.289132763805,
              22.415674913827
            ],
            [
              118.403346892085,
              22.4799203609845
            ],
            [
              118.517561020365,
              22.5441658081419
            ],
            [
              118.58894485054,
              22.6084112552993
            ],
            [
              118.667467063732,
              22.6512415534042
            ],
            [
              118.783465787766,
              22.7101332132985
            ],
            [
              118.860798270456,
              22.7577224334152
            ],
            [
              118.908387490572,
              22.7815170434734
            ],
            [
              118.979771320747,
              22.8053116535318
            ],
            [
              119.063052455951,
              22.8380292423619
            ],
            [
              119.193922811272,
              22.8945414412504
            ],
            [
              119.416997280569,
              22.9718739239399
            ],
            [
              119.638287154111,
              23.0367142363488
            ],
            [
              119.873853793688,
              23.1152364495412
            ],
            [
              119.938099240846,
              23.1437899816111
            ],
            [
              120.030898220073,
              23.1723435136811
            ],
            [
              120.080866901195,
              23.200897045751
            ],
            [
              120.081302122022,
              23.2012017003298
            ],
            [
              120.15225073137,
              23.2508657268735
            ],
            [
              120.20935779551,
              23.3579414721359
            ],
            [
              120.245049710598,
              23.4150485362758
            ],
            [
              120.26646485965,
              23.4507404513632
            ],
            [
              120.373540604912,
              23.4507404513632
            ],
            [
              120.459201201122,
              23.4436020683457
            ],
            [
              120.480616350175,
              23.4293253023108
            ],
            [
              120.516308265262,
              23.4221869192933
            ],
            [
              120.644799159577,
              23.4221869192933
            ],
            [
              120.701906223717,
              23.4150485362758
            ],
            [
              120.744736521822,
              23.4221869192933
            ],
            [
              120.887504182172,
              23.4007717702408
            ],
            [
              120.958888012347,
              23.4007717702408
            ]
          ]
        ]
      },
      "properties": {
        "FID": 4,
        "Id": 0,
        "Basin_Name": "Taixinan Basin",
        "Oil_Estima": "Unknown",
        "Gas_Estima": "Unknown",
        "Source": "N/A",
        "Source_2": "https://doi.org/10.1016/B978-0-444-59388-7.00007-X",
        "Shape__Area": 63616133823.01953,
        "Shape__Length": 1216618.8718777532
      }
    },
    {
      "type": "Feature",
      "id": 5,
      "geometry": {
        "type": "Polygon",
        "coordinates": [
          [
            [
              139.988528262265,
              40.3862567277345
            ],
            [
              140.050394248417,
              40.3862567277345
            ],
            [
              140.069429936464,
              40.3862567277345
            ],
            [
              140.11701915658,
              40.3624621176762
            ],
            [
              140.136054844627,
              40.3434264296296
            ],
            [
              140.150331610662,
              40.295837209513
            ],
            [
              140.164608376697,
              40.2577658334197
            ],
            [
              140.207438674802,
              40.2434890673847
            ],
            [
              140.226474362848,
              40.2482479893964
            ],
            [
              140.245510050895,
              40.2625247554313
            ],
            [
              140.274063582965,
              40.2720425994547
            ],
            [
              140.321652803082,
              40.2720425994547
            ],
            [
              140.383518789233,
              40.2577658334197
            ],
            [
              140.416831243315,
              40.2101766133031
            ],
            [
              140.421590165327,
              40.1721052372098
            ],
            [
              140.416831243315,
              40.1102392510582
            ],
            [
              140.397795555268,
              40.0816857189882
            ],
            [
              140.359724179175,
              40.0436143428949
            ],
            [
              140.307376037047,
              40.0103018888133
            ],
            [
              140.250268972907,
              39.986507278755
            ],
            [
              140.235992206872,
              39.9436769806501
            ],
            [
              140.226474362848,
              39.9008466825451
            ],
            [
              140.221715440837,
              39.8389806963935
            ],
            [
              140.207438674802,
              39.777114710242
            ],
            [
              140.193161908767,
              39.734284412137
            ],
            [
              140.178885142732,
              39.6914541140321
            ],
            [
              140.17412622072,
              39.6295881278805
            ],
            [
              140.164608376697,
              39.5534453756939
            ],
            [
              140.164608376697,
              39.510615077589
            ],
            [
              140.164608376697,
              39.4487490914374
            ],
            [
              140.169367298708,
              39.3821241832741
            ],
            [
              140.17412622072,
              39.2964635870642
            ],
            [
              140.193161908767,
              39.2536332889593
            ],
            [
              140.226474362848,
              39.2060440688427
            ],
            [
              140.274063582965,
              39.1536959267144
            ],
            [
              140.331170647105,
              39.0775531745278
            ],
            [
              140.331170647105,
              39.0489996424579
            ],
            [
              140.340688491128,
              38.977615812283
            ],
            [
              140.340688491128,
              38.9062319821081
            ],
            [
              140.340688491128,
              38.8348481519332
            ],
            [
              140.340688491128,
              38.7682232437699
            ],
            [
              140.350206335152,
              38.68256264756
            ],
            [
              140.364483101187,
              38.5540717532452
            ],
            [
              140.369242023198,
              38.458893313012
            ],
            [
              140.364483101187,
              38.3732327168021
            ],
            [
              140.321652803082,
              38.3399202627204
            ],
            [
              140.264545738942,
              38.3208845746738
            ],
            [
              140.212197596813,
              38.3161256526622
            ],
            [
              140.178885142732,
              38.3351613407088
            ],
            [
              140.136054844627,
              38.3399202627204
            ],
            [
              140.08846562451,
              38.3827505608254
            ],
            [
              140.050394248417,
              38.4113040928954
            ],
            [
              140.0028050283,
              38.444616546977
            ],
            [
              139.959974730195,
              38.4684111570353
            ],
            [
              139.893349822032,
              38.5064825331286
            ],
            [
              139.841001679904,
              38.5588306752568
            ],
            [
              139.807689225822,
              38.5873842073268
            ],
            [
              139.779135693752,
              38.6111788173851
            ],
            [
              139.755341083694,
              38.6492501934784
            ],
            [
              139.731546473636,
              38.696839413595
            ],
            [
              139.712510785589,
              38.696839413595
            ],
            [
              139.669680487484,
              38.71111617963
            ],
            [
              139.588778813286,
              38.7491875557233
            ],
            [
              139.560225281216,
              38.7491875557233
            ],
            [
              139.407939776843,
              38.7967767758399
            ],
            [
              139.250895350458,
              38.8586427619915
            ],
            [
              139.174752598271,
              38.9014730600964
            ],
            [
              139.108127690108,
              38.949062280213
            ],
            [
              138.965360029758,
              39.1156245506211
            ],
            [
              138.955842185735,
              39.1632137707377
            ],
            [
              138.9415654197,
              39.2060440688427
            ],
            [
              138.936806497688,
              39.2679100549943
            ],
            [
              138.965360029758,
              39.3488117291925
            ],
            [
              138.965360029758,
              39.3868831052858
            ],
            [
              139.008190327863,
              39.467784779484
            ],
            [
              139.008190327863,
              39.5058561555773
            ],
            [
              139.046261703957,
              39.5677221417289
            ],
            [
              139.074815236027,
              39.6057935178222
            ],
            [
              139.288966726551,
              39.8437396184052
            ],
            [
              139.327038102645,
              39.8865699165102
            ],
            [
              139.331797024656,
              39.9151234485801
            ],
            [
              139.331797024656,
              39.9531948246734
            ],
            [
              139.360350556726,
              40.253006911408
            ],
            [
              139.388904088796,
              40.3339085856062
            ],
            [
              139.422216542878,
              40.3672210396879
            ],
            [
              139.460287918971,
              40.3910156497462
            ],
            [
              139.484082529029,
              40.4148102598045
            ],
            [
              139.531671749146,
              40.4386048698628
            ],
            [
              139.612573423344,
              40.4528816358978
            ],
            [
              139.693475097542,
              40.4528816358978
            ],
            [
              139.779135693752,
              40.4386048698628
            ],
            [
              139.883831978009,
              40.4195691818161
            ],
            [
              139.969492574219,
              40.4005334937695
            ],
            [
              139.988528262265,
              40.3862567277345
            ]
          ]
        ]
      },
      "properties": {
        "FID": 5,
        "Id": 0,
        "Basin_Name": "Akita Basin",
        "Oil_Estima": "111.00 MMBO",
        "Gas_Estima": "85.00 BCFG",
        "Source": "https://chinaus-icas.org/wp-content/uploads/2019/09/Assessment-of-Undiscovered-Oil-and-Gas-Resources-in-the-Akita-Baisin-Province-Japan-2018.pdf",
        "Source_2": "Ibid.",
        "Shape__Area": 31960091775.359375,
        "Shape__Length": 814824.0929467684
      }
    },
    {
      "type": "Feature",
      "id": 6,
      "geometry": {
        "type": "Polygon",
        "coordinates": [
          [
            [
              125.274434871377,
              26.9157006776708
            ],
            [
              125.19412806243,
              26.877034436326
            ],
            [
              125.152487494828,
              26.8710857838115
            ],
            [
              125.119769905998,
              26.8710857838115
            ],
            [
              125.078129338396,
              26.8681114575542
            ],
            [
              125.033514444536,
              26.8681114575542
            ],
            [
              124.977002245648,
              26.8800087625833
            ],
            [
              124.941310330561,
              26.8710857838115
            ],
            [
              124.890746784187,
              26.8324195424667
            ],
            [
              124.834234585298,
              26.7640100385491
            ],
            [
              124.637929052317,
              26.5855504631118
            ],
            [
              124.691228978848,
              26.5389130273978
            ],
            [
              124.794735532602,
              26.4354064736442
            ],
            [
              124.826858256181,
              26.4139913245917
            ],
            [
              124.766182000532,
              26.3247615368731
            ],
            [
              124.726920893936,
              26.2783620472594
            ],
            [
              124.684090595831,
              26.2212549831194
            ],
            [
              124.623414340182,
              26.1498711529445
            ],
            [
              124.562738084533,
              26.0999024718221
            ],
            [
              124.466369913797,
              26.0677797482434
            ],
            [
              124.355724977026,
              26.0320878331559
            ],
            [
              124.198680550641,
              26.003534301086
            ],
            [
              124.041636124257,
              25.989257535051
            ],
            [
              123.906006846924,
              25.9714115775072
            ],
            [
              123.759669995066,
              25.9535656199635
            ],
            [
              123.656163441312,
              25.9357196624198
            ],
            [
              123.506257397945,
              25.9000277473323
            ],
            [
              123.409889227209,
              25.8679050237536
            ],
            [
              123.192168545175,
              25.8215055341399
            ],
            [
              122.428361562304,
              25.6002156605977
            ],
            [
              122.339131774585,
              25.5585750929957
            ],
            [
              122.291542554468,
              25.4871912628208
            ],
            [
              122.220158724293,
              25.3920128225876
            ],
            [
              122.017904538798,
              25.2849370773252
            ],
            [
              121.913963901019,
              25.2346432203354
            ],
            [
              121.833496310846,
              25.1957072896066
            ],
            [
              121.63124212535,
              24.9994017566256
            ],
            [
              121.464679854942,
              24.8506854437612
            ],
            [
              121.369501414709,
              24.7674043085571
            ],
            [
              121.232682406874,
              24.6484312582656
            ],
            [
              121.113709356582,
              24.5413555130032
            ],
            [
              121.024479568864,
              24.4402284202554
            ],
            [
              120.964993043718,
              24.3569472850514
            ],
            [
              120.905506518572,
              24.2439228872744
            ],
            [
              120.881711908514,
              24.1427957945266
            ],
            [
              120.869814603485,
              24.0595146593226
            ],
            [
              120.822225383368,
              23.898901041429
            ],
            [
              120.756790205708,
              23.7204414659918
            ],
            [
              120.749964876446,
              23.6880211519978
            ],
            [
              120.657685654815,
              23.5413870253029
            ],
            [
              120.610096434698,
              23.484279961163
            ],
            [
              120.581542902628,
              23.4462085850696
            ],
            [
              120.555368831564,
              23.4152755919939
            ],
            [
              120.524435838488,
              23.4033782869645
            ],
            [
              120.476846618371,
              23.410516669982
            ],
            [
              120.503151424594,
              23.3670906053144
            ],
            [
              120.517428190629,
              23.3385370732445
            ],
            [
              120.496013041576,
              23.3064143496658
            ],
            [
              120.453182743471,
              23.2778608175958
            ],
            [
              120.406783253858,
              23.2314613279821
            ],
            [
              120.37109133877,
              23.2100461789296
            ],
            [
              120.321122657648,
              23.1993386044034
            ],
            [
              120.253308018982,
              23.1743542638422
            ],
            [
              120.192631763333,
              23.1707850723334
            ],
            [
              119.914234825651,
              23.1458007317722
            ],
            [
              119.864266144528,
              23.1529391147897
            ],
            [
              119.796451505862,
              23.1279547742285
            ],
            [
              119.685806569091,
              23.0708477100886
            ],
            [
              118.797077883413,
              22.7174977507228
            ],
            [
              118.736401627765,
              22.6782366441266
            ],
            [
              118.686432946642,
              22.6246987714954
            ],
            [
              118.582926392889,
              22.5568841328292
            ],
            [
              118.486558222153,
              22.5140538347243
            ],
            [
              118.411605200469,
              22.4747927281281
            ],
            [
              118.347359753311,
              22.4533775790756
            ],
            [
              118.304529455207,
              22.4462391960581
            ],
            [
              118.258129965593,
              22.4391008130406
            ],
            [
              118.201022901453,
              22.4391008130406
            ],
            [
              118.1796077524,
              22.4533775790756
            ],
            [
              118.143915837313,
              22.4819311111456
            ],
            [
              118.126069879769,
              22.5247614092505
            ],
            [
              118.097516347699,
              22.5711608988642
            ],
            [
              118.068962815629,
              22.6211295799866
            ],
            [
              118.040409283559,
              22.6853750271441
            ],
            [
              118.033270900542,
              22.756758857319
            ],
            [
              118.033270900542,
              22.8281426874939
            ],
            [
              118.040409283559,
              22.910234092195
            ],
            [
              118.043978475068,
              22.9709103478437
            ],
            [
              118.058255241103,
              23.0173098374574
            ],
            [
              118.090377964682,
              23.0886936676323
            ],
            [
              118.101085539208,
              23.120816391211
            ],
            [
              118.186746135418,
              23.3099835411745
            ],
            [
              118.211730475979,
              23.3742289883319
            ],
            [
              118.240284008049,
              23.4206284779456
            ],
            [
              118.299996717188,
              23.506289975467
            ],
            [
              118.389226504907,
              23.6669035933606
            ],
            [
              118.508199555198,
              23.7620820335938
            ],
            [
              118.555788775315,
              23.7977739486812
            ],
            [
              118.645018563033,
              23.8632091263416
            ],
            [
              118.963729723932,
              24.1328878009484
            ],
            [
              119.031680976481,
              24.1903850146432
            ],
            [
              119.114962111685,
              24.3153067174493
            ],
            [
              119.158673353392,
              24.3908079531258
            ],
            [
              119.180397289345,
              24.4283311152263
            ],
            [
              119.376702822326,
              24.600842038149
            ],
            [
              119.549213745249,
              24.6722258683239
            ],
            [
              119.632494880453,
              24.6900718258676
            ],
            [
              119.739570625715,
              24.7198150884405
            ],
            [
              119.870440981036,
              24.7495583510134
            ],
            [
              119.941824811211,
              24.7911989186154
            ],
            [
              120.013208641386,
              24.8328394862174
            ],
            [
              120.126233039163,
              24.9101719689069
            ],
            [
              120.233308784425,
              25.0053504091401
            ],
            [
              120.322538572144,
              25.0886315443442
            ],
            [
              120.423665664892,
              25.1778613320628
            ],
            [
              120.566433325241,
              25.2432965097232
            ],
            [
              120.625919850387,
              25.273039772296
            ],
            [
              120.654536971501,
              25.2853042527733
            ],
            [
              120.667560417989,
              25.2908857298398
            ],
            [
              120.715149638106,
              25.3265776449272
            ],
            [
              120.756790205708,
              25.4336533901896
            ],
            [
              120.744892900679,
              25.4812426103062
            ],
            [
              120.661611765475,
              25.4633966527625
            ],
            [
              120.619971197873,
              25.4812426103062
            ],
            [
              120.596176587814,
              25.582369703054
            ],
            [
              120.619971197873,
              25.6834967958018
            ],
            [
              120.703252333077,
              25.8857509812974
            ],
            [
              120.846019993426,
              26.0999024718221
            ],
            [
              121.345706804651,
              26.5460514104152
            ],
            [
              121.351655457165,
              26.6352811981339
            ],
            [
              121.29216893202,
              26.647178503163
            ],
            [
              121.315963542078,
              26.7066650283088
            ],
            [
              121.393296024767,
              26.7899461635129
            ],
            [
              121.571755600205,
              26.998149001523
            ],
            [
              121.613396167807,
              27.0873787892417
            ],
            [
              121.655036735409,
              27.1825572294749
            ],
            [
              121.750215175642,
              27.3312735423393
            ],
            [
              121.898931488506,
              27.503784465262
            ],
            [
              121.946520708623,
              27.5751682954369
            ],
            [
              121.99410992874,
              27.6643980831555
            ],
            [
              122.119031631546,
              27.7298332608158
            ],
            [
              122.232056029323,
              27.7952684384762
            ],
            [
              122.297491206983,
              27.8071657435053
            ],
            [
              122.386720994702,
              27.8726009211657
            ],
            [
              122.446207519847,
              27.9737280139134
            ],
            [
              122.499745392479,
              28.0629578016321
            ],
            [
              122.577077875168,
              28.175982199409
            ],
            [
              122.68415362043,
              28.2295200720402
            ],
            [
              122.815023975751,
              28.2771092921568
            ],
            [
              122.928048373528,
              28.3544417748463
            ],
            [
              122.987534898674,
              28.4020309949629
            ],
            [
              123.058918728849,
              28.5091067402253
            ],
            [
              123.060168232329,
              28.5328473063566
            ],
            [
              123.064867381363,
              28.6221311380022
            ],
            [
              123.082713338907,
              28.72325823075
            ],
            [
              123.362300007092,
              29.0147422039642
            ],
            [
              123.380145964636,
              29.0385368140225
            ],
            [
              123.392043269665,
              29.0920746866537
            ],
            [
              123.409889227209,
              29.1813044743723
            ],
            [
              123.415837879723,
              29.2764829146055
            ],
            [
              123.505067667442,
              29.4846857526157
            ],
            [
              123.552656887558,
              29.5441722777614
            ],
            [
              123.582400150131,
              29.6274534129655
            ],
            [
              123.582400150131,
              29.6750426330821
            ],
            [
              123.587275143412,
              29.7189175726039
            ],
            [
              123.59429745516,
              29.7821183783445
            ],
            [
              123.60619476019,
              29.8416049034902
            ],
            [
              123.67162993785,
              30.0022185213838
            ],
            [
              123.725167810481,
              30.1152429191607
            ],
            [
              123.766808378083,
              30.2342159694522
            ],
            [
              123.8143975982,
              30.3055997996271
            ],
            [
              123.903627385918,
              30.4602647650061
            ],
            [
              123.975011216093,
              30.5673405102685
            ],
            [
              124.064241003812,
              30.68631356056
            ],
            [
              124.135624833987,
              30.7517487382203
            ],
            [
              124.195111359133,
              30.8112352633661
            ],
            [
              124.23080327422,
              30.8707217885118
            ],
            [
              124.248649231764,
              30.9659002287451
            ],
            [
              124.242700579249,
              31.03728405892
            ],
            [
              124.242700579249,
              31.1146165416094
            ],
            [
              124.260546536793,
              31.1919490242989
            ],
            [
              124.266495189308,
              31.2454868969301
            ],
            [
              124.266495189308,
              31.3406653371633
            ],
            [
              124.242700579249,
              31.4120491673382
            ],
            [
              124.242700579249,
              31.5012789550569
            ],
            [
              124.290289799366,
              31.5726627852318
            ],
            [
              124.355724977026,
              31.6321493103775
            ],
            [
              124.427108807201,
              31.6797385304942
            ],
            [
              124.510389942405,
              31.709481793067
            ],
            [
              124.671003560299,
              31.7808656232419
            ],
            [
              124.908949660882,
              31.8760440634751
            ],
            [
              125.004128101115,
              31.9355305886209
            ],
            [
              125.033871363688,
              31.9831198087375
            ],
            [
              125.105255193863,
              32.0485549863978
            ],
            [
              125.236125549183,
              32.1199388165728
            ],
            [
              125.361047251989,
              32.1734766892039
            ],
            [
              125.444328387194,
              32.2389118668643
            ],
            [
              125.509763564854,
              32.2805524344663
            ],
            [
              125.581147395029,
              32.3578849171558
            ],
            [
              125.63468526766,
              32.4292687473307
            ],
            [
              125.77745292801,
              32.5125498825348
            ],
            [
              125.796245208897,
              32.5207715054231
            ],
            [
              125.872631368243,
              32.5541904501368
            ],
            [
              126.009450376078,
              32.5720364076805
            ],
            [
              126.152218036428,
              32.6315229328263
            ],
            [
              126.354472221924,
              32.7029067630012
            ],
            [
              126.97313208344,
              32.9170582535259
            ],
            [
              127.121848396304,
              32.9943907362154
            ],
            [
              127.282462014197,
              33.1609530066235
            ],
            [
              127.347897191858,
              33.2501827943421
            ],
            [
              127.425229674547,
              33.3453612345754
            ],
            [
              127.502562157237,
              33.4524369798377
            ],
            [
              127.591791944955,
              33.5714100301292
            ],
            [
              127.829738045538,
              33.7617669105957
            ],
            [
              127.913019180742,
              33.8450480457997
            ],
            [
              128.01414627349,
              33.9223805284892
            ],
            [
              128.061735493607,
              33.9402264860329
            ],
            [
              128.151762400762,
              33.9535038784455
            ],
            [
              128.214223252165,
              33.9505295521882
            ],
            [
              128.270735451054,
              33.9326835946445
            ],
            [
              128.327247649942,
              33.9088889845862
            ],
            [
              128.400821405579,
              33.8660777748605
            ],
            [
              128.68566773695,
              33.7003309548641
            ],
            [
              128.643989601733,
              33.5058558794185
            ],
            [
              128.572605771558,
              33.3773649851037
            ],
            [
              128.515498707418,
              33.3012222329171
            ],
            [
              128.40604350115,
              33.1870081046372
            ],
            [
              128.301347216893,
              33.0537582883107
            ],
            [
              128.178567028993,
              32.9381164834275
            ],
            [
              128.141090518151,
              32.8988553768312
            ],
            [
              128.091121837029,
              32.8631634617438
            ],
            [
              128.055429921941,
              32.8399637169369
            ],
            [
              128.048291538924,
              32.8221177593932
            ],
            [
              128.053645326187,
              32.8078409933582
            ],
            [
              128.075060475239,
              32.7882104400601
            ],
            [
              128.082198858257,
              32.768579886762
            ],
            [
              128.092906432783,
              32.7435955462008
            ],
            [
              128.080414262502,
              32.7079036311134
            ],
            [
              128.035799368643,
              32.663288737254
            ],
            [
              127.982261496012,
              32.5954740985879
            ],
            [
              127.871021693989,
              32.4152299273962
            ],
            [
              127.805586516329,
              32.3022055296193
            ],
            [
              127.746099991183,
              32.1981041106142
            ],
            [
              127.704459423581,
              32.1267202804393
            ],
            [
              127.656870203465,
              32.0642594290363
            ],
            [
              127.621178288377,
              32.0017985776332
            ],
            [
              127.552768784459,
              31.9304147474583
            ],
            [
              127.505179564343,
              31.8768768748271
            ],
            [
              127.341591620192,
              31.6775970155888
            ],
            [
              127.294002400075,
              31.6091875116712
            ],
            [
              127.285079421303,
              31.5526753127827
            ],
            [
              127.29995105259,
              31.5229320502099
            ],
            [
              127.329694315163,
              31.5169833976953
            ],
            [
              127.380257861537,
              31.5050860926661
            ],
            [
              127.37728353528,
              31.4693941775787
            ],
            [
              127.341591620192,
              31.4307279362339
            ],
            [
              127.15718339224,
              31.1898075093936
            ],
            [
              127.100671193352,
              31.0648858065875
            ],
            [
              127.04713332072,
              30.9607843875825
            ],
            [
              126.990621121832,
              30.8745289261211
            ],
            [
              126.889494029084,
              30.7823248121452
            ],
            [
              126.719957432419,
              30.5800706266496
            ],
            [
              126.66344523353,
              30.5027381439601
            ],
            [
              126.6307276447,
              30.4373029662998
            ],
            [
              126.609907360899,
              30.3867394199259
            ],
            [
              126.592061403355,
              30.3332015472947
            ],
            [
              126.577189772069,
              30.2291001282896
            ],
            [
              126.547446509496,
              30.1517676456002
            ],
            [
              126.529600551952,
              30.0655121841388
            ],
            [
              126.502831615637,
              30.0179229640222
            ],
            [
              126.473088353064,
              29.9465391338473
            ],
            [
              126.443345090491,
              29.9138215450171
            ],
            [
              126.413601827918,
              29.9138215450171
            ],
            [
              126.386832891602,
              29.8930012612161
            ],
            [
              126.336269345229,
              29.8394633885849
            ],
            [
              126.294628777626,
              29.7829511896964
            ],
            [
              126.267859841311,
              29.7442849483517
            ],
            [
              126.238116578738,
              29.684798423206
            ],
            [
              126.21432196868,
              29.613414593031
            ],
            [
              126.193501684879,
              29.5152618265405
            ],
            [
              126.184578706107,
              29.4379293438511
            ],
            [
              126.178630053592,
              29.3724941661907
            ],
            [
              126.166732748563,
              29.3040846622731
            ],
            [
              126.166732748563,
              29.2624440946711
            ],
            [
              126.18160437985,
              29.2356751583555
            ],
            [
              126.285705798855,
              29.1880859382389
            ],
            [
              126.336269345229,
              29.1642913281806
            ],
            [
              126.345192324,
              29.1315737393504
            ],
            [
              126.324372040199,
              29.1048048030348
            ],
            [
              125.869300122834,
              28.786551893505
            ],
            [
              125.777096008858,
              28.7151680633301
            ],
            [
              125.681917568625,
              28.6199896230969
            ],
            [
              125.625405369737,
              28.5396828141501
            ],
            [
              125.556995865819,
              28.4474787001742
            ],
            [
              125.524278276989,
              28.385017848771
            ],
            [
              125.494535014416,
              28.3195826711106
            ],
            [
              125.446945794299,
              28.2481988409357
            ],
            [
              125.411253879212,
              28.167892031989
            ],
            [
              125.375561964125,
              28.0994825280713
            ],
            [
              125.324998417751,
              28.01322706661
            ],
            [
              125.268486218862,
              27.9031769950903
            ],
            [
              125.247665935061,
              27.8288188386581
            ],
            [
              125.238742956289,
              27.7723066397697
            ],
            [
              125.223871325003,
              27.7068714621093
            ],
            [
              125.197102388687,
              27.6295389794199
            ],
            [
              125.193662205682,
              27.5981473095002
            ],
            [
              125.193058626477,
              27.5926396492488
            ],
            [
              125.173307778629,
              27.4124131626378
            ],
            [
              125.143564516056,
              27.3231833749192
            ],
            [
              125.134641537284,
              27.2755941548026
            ],
            [
              125.214948346231,
              27.2339535872006
            ],
            [
              125.274434871377,
              27.2042103246277
            ],
            [
              125.313101112721,
              27.186364367084
            ],
            [
              125.333921396523,
              27.1595954307684
            ],
            [
              125.387459269154,
              27.1001089056226
            ],
            [
              125.384484942896,
              27.0435967067341
            ],
            [
              125.319049765236,
              26.9603155715301
            ],
            [
              125.274434871377,
              26.9157006776708
            ]
          ]
        ]
      },
      "properties": {
        "FID": 6,
        "Id": 0,
        "Basin_Name": "East China Sea Basin",
        "Oil_Estima": "115,200.00 MMBO",
        "Gas_Estima": " 251,500.00 BCFG",
        "Source": "https://chinaus-icas.org/wp-content/uploads/2019/08/EIA-Analysis-on-ECS-Basin-Oil-and-Gas-Reserve.pdf",
        "Source_2": "Ibid.",
        "Shape__Area": 381308562666.3887,
        "Shape__Length": 4197515.23559318
      }
    },
    {
      "type": "Feature",
      "id": 7,
      "geometry": {
        "type": "Polygon",
        "coordinates": [
          [
            [
              129.187564295005,
              34.542161073123
            ],
            [
              129.101903698795,
              34.4350853278607
            ],
            [
              129.009104719568,
              34.2709025184584
            ],
            [
              128.959136038445,
              34.206657071301
            ],
            [
              128.880613825253,
              34.0995813260386
            ],
            [
              128.823506761113,
              34.0139207298287
            ],
            [
              128.759261313956,
              33.8997066015489
            ],
            [
              128.68566773695,
              33.700330954864
            ],
            [
              128.400821405578,
              33.8660777748604
            ],
            [
              128.327247649942,
              33.9088889845861
            ],
            [
              128.270735451054,
              33.9326835946444
            ],
            [
              128.214223252165,
              33.9505295521881
            ],
            [
              128.151762400762,
              33.9535038784454
            ],
            [
              128.061735493607,
              33.9402264860329
            ],
            [
              128.145360374451,
              34.0210591128462
            ],
            [
              128.223882587644,
              34.0281974958637
            ],
            [
              128.309543183854,
              34.0353358788812
            ],
            [
              128.438034078169,
              34.1067197090561
            ],
            [
              128.580801738518,
              34.2494873694059
            ],
            [
              128.816368378096,
              34.4136701788082
            ],
            [
              128.980551187498,
              34.6349600523504
            ],
            [
              128.994827953533,
              34.6706519674379
            ],
            [
              129.037658251638,
              34.7420357976128
            ],
            [
              129.11618046483,
              34.7991428617527
            ],
            [
              129.208979444058,
              34.8990802239976
            ],
            [
              129.387439019495,
              35.0132943522774
            ],
            [
              129.487376381739,
              35.0775397994349
            ],
            [
              129.551621828897,
              35.1060933315048
            ],
            [
              129.558760211914,
              35.1703387786623
            ],
            [
              129.515929913809,
              35.1917539277147
            ],
            [
              129.487376381739,
              35.2988296729771
            ],
            [
              129.515929913809,
              35.734271037044
            ],
            [
              129.530206679844,
              35.9341457615338
            ],
            [
              129.558760211914,
              36.0483598898136
            ],
            [
              129.587313743984,
              36.1482972520585
            ],
            [
              129.615867276054,
              36.2625113803384
            ],
            [
              129.623005659072,
              37.0191799801924
            ],
            [
              129.623005659072,
              37.1405324914898
            ],
            [
              129.608728893037,
              37.2690233858046
            ],
            [
              129.608728893037,
              37.3546839820145
            ],
            [
              129.587313743984,
              37.4546213442593
            ],
            [
              129.565898594932,
              37.4903132593468
            ],
            [
              129.544483445879,
              37.5402819404692
            ],
            [
              129.508791530792,
              37.5759738555567
            ],
            [
              129.473099615704,
              37.5759738555567
            ],
            [
              129.394577402512,
              37.5973890046092
            ],
            [
              129.31605518932,
              37.6188041536616
            ],
            [
              129.266086508198,
              37.6402193027141
            ],
            [
              129.25894812518,
              37.711603132889
            ],
            [
              129.273224891215,
              37.7758485800464
            ],
            [
              132.678233590558,
              37.7187415159065
            ],
            [
              132.67109520754,
              37.6259425366791
            ],
            [
              132.663956824523,
              37.5545587065042
            ],
            [
              132.628264909435,
              37.4974516423643
            ],
            [
              132.599711377365,
              37.4474829612419
            ],
            [
              132.549742696243,
              37.3903758971019
            ],
            [
              132.485497249086,
              37.3261304499445
            ],
            [
              132.421251801928,
              37.2690233858046
            ],
            [
              132.349867971753,
              37.2190547046821
            ],
            [
              132.328452822701,
              37.1619476405422
            ],
            [
              132.328452822701,
              37.1119789594198
            ],
            [
              132.342729588736,
              37.0834254273498
            ],
            [
              132.371283120806,
              37.0477335122624
            ],
            [
              132.399836652876,
              37.0263183632099
            ],
            [
              132.821001250908,
              36.8335820217376
            ],
            [
              132.885246698065,
              36.8193052557027
            ],
            [
              132.98518406031,
              36.7836133406152
            ],
            [
              133.07084465652,
              36.7621981915627
            ],
            [
              133.09939818859,
              36.7407830425103
            ],
            [
              133.120813337642,
              36.6836759783703
            ],
            [
              133.113674954625,
              36.5908769991429
            ],
            [
              133.085121422555,
              36.5551850840555
            ],
            [
              132.95663052824,
              36.533769935003
            ],
            [
              132.849554782978,
              36.5123547859505
            ],
            [
              132.799586101855,
              36.4980780199156
            ],
            [
              132.685371973575,
              36.4266941897407
            ],
            [
              132.629574839515,
              36.3807436087498
            ],
            [
              132.585434611331,
              36.366017934092
            ],
            [
              132.553311887752,
              36.337464402022
            ],
            [
              132.564019462278,
              36.2839265293908
            ],
            [
              132.6139881434,
              36.2553729973209
            ],
            [
              132.67109520754,
              36.2339578482684
            ],
            [
              132.763894186768,
              36.169712401111
            ],
            [
              132.799586101855,
              36.1197437199885
            ],
            [
              132.849554782978,
              36.0554982728311
            ],
            [
              132.892385081083,
              35.9769760596387
            ],
            [
              132.906661847118,
              35.9270073785163
            ],
            [
              132.8995234641,
              35.8413467823064
            ],
            [
              132.892385081083,
              35.7985164842014
            ],
            [
              132.771032569785,
              35.6914407389391
            ],
            [
              132.235653843473,
              35.3202448220296
            ],
            [
              131.864457926564,
              35.0704014164174
            ],
            [
              131.814489245441,
              35.0347095013299
            ],
            [
              131.757382181302,
              35.0132943522774
            ],
            [
              131.607476137934,
              35.00615596926
            ],
            [
              131.493262009654,
              34.9847408202075
            ],
            [
              131.393324647409,
              34.9419105221026
            ],
            [
              130.972160049378,
              34.6920671164904
            ],
            [
              130.886499453168,
              34.6563752014029
            ],
            [
              130.807977239975,
              34.6278216693329
            ],
            [
              130.758008558853,
              34.5921297542455
            ],
            [
              130.686624728678,
              34.5278843070881
            ],
            [
              130.62237928152,
              34.4636388599307
            ],
            [
              130.565272217381,
              34.4208085618257
            ],
            [
              130.493888387206,
              34.3779782637208
            ],
            [
              130.429642940048,
              34.3637014976858
            ],
            [
              130.329705577803,
              34.3065944335459
            ],
            [
              130.251183364611,
              34.2637641354409
            ],
            [
              130.194076300471,
              34.2352106033709
            ],
            [
              130.115554087279,
              34.206657071301
            ],
            [
              130.072723789174,
              34.1995186882835
            ],
            [
              130.015616725034,
              34.206657071301
            ],
            [
              129.951371277876,
              34.2494873694059
            ],
            [
              129.887125830719,
              34.3280095825983
            ],
            [
              129.872849064684,
              34.3851166467382
            ],
            [
              129.851433915631,
              34.4565004769132
            ],
            [
              129.851433915631,
              34.5278843070881
            ],
            [
              129.858572298649,
              34.5778529882105
            ],
            [
              129.901402596754,
              34.6420984353679
            ],
            [
              129.908540979771,
              34.6563752014029
            ],
            [
              129.965648043911,
              34.7491741806303
            ],
            [
              130.001339958999,
              34.8062812447702
            ],
            [
              130.008478342016,
              34.8633883089101
            ],
            [
              130.008478342016,
              34.9133569900326
            ],
            [
              129.979924809946,
              34.963325671155
            ],
            [
              129.851433915631,
              34.963325671155
            ],
            [
              129.787188468474,
              34.9419105221026
            ],
            [
              129.672974340194,
              34.8848034579626
            ],
            [
              129.573036977949,
              34.8348347768402
            ],
            [
              129.408854168547,
              34.7420357976128
            ],
            [
              129.187564295005,
              34.542161073123
            ]
          ]
        ]
      },
      "properties": {
        "FID": 7,
        "Id": 0,
        "Basin_Name": "Ulleung Basin",
        "Oil_Estima": " 3.2 MMBO",
        "Gas_Estima": " 186.00 BCFG",
        "Source": "https://chinaus-icas.org/wp-content/uploads/2019/09/Korea-National-Oil-Corporation-Offshore-Resources.pdf",
        "Source_2": "Ibid.",
        "Shape__Area": 147254909149.5664,
        "Shape__Length": 2220457.2390468703
      }
    }
  ]
}